"key";"form";"instruction";"en";"nl";"af";"sq";"am";"ar";"hy";"as";"az";"eu";"be";"bn";"bs";"bg";"my";"ca";"zh";"hr";"cs";"da";"et";"fo";"fi";"fr";"gl";"ka";"de";"el";"gu";"he";"hi";"hu";"is";"id";"ga";"it";"ja";"kn";"kk";"km";"ko";"lo";"lv";"lt";"mk";"ms";"ml";"mr";"mn";"ne";"nb";"or";"fa";"pl";"pt";"pa";"ro";"ru";"sr";"si";"sk";"sl";"es";"sw";"sv";"ta";"te";"th";"bo";"tr";"uk";"ur";"ug";"uz";"vi";"cy";"zu"
"character.bear";"";"An animal's name. Appears on its own under the artwork and inside sentences such as ""3 more hoops to unlock …"". Aim for 14 characters or fewer.";"Bear";"Beer";"Beer";"Ari";"ድብ";"دب";"Արջ";"ভালুক";"Ayı";"Hartza";"Мядзведзь";"ভালুক";"Medvjed";"Мечка";"ဝက်ဝံ";"Ós";"熊";"Medvjed";"Medvěd";"Bjørn";"Karu";"Bjørn";"Karhu";"Ours";"Oso";"დათვი";"Bär";"Αρκούδα";"રીંછ";"דוב";"भालू";"Medve";"Björn";"Beruang";"Béar";"Orso";"クマ";"ಕರಡಿ";"Аю";"ខ្លាឃ្មុំ";"곰";"ໝີ";"Lācis";"Lokys";"Мечка";"Beruang";"കരടി";"अस्वल";"Баавгай";"भालु";"Bjørn";"ଭାଲୁ";"خرس";"Niedźwiedź";"Urso";"ਭਾਲੂ";"Urs";"Медведь";"Medved";"වලහා";"Medveď";"Medved";"Oso";"Dubu";"Björn";"கரடி";"ఎలుగుబంటి";"หมี";"དོམ";"Ayı";"Ведмідь";"ریچھ";"ئېيىق";"Ayiq";"Gấu";"Arth";"Ibhere"
"character.bunny";"";"An animal's name. Appears on its own under the artwork and inside sentences such as ""3 more hoops to unlock …"". Aim for 14 characters or fewer.";"Bunny";"Konijn";"Hasie";"Lepur";"ጥንቸል";"أرنب";"Նապաստակ";"খৰগোশ";"Dovşan";"Untxia";"Зайчык";"খরগোশ";"Zeko";"Зайче";"ယုန်ကလေး";"Conill";"兔子";"Zeko";"Králík";"Kanin";"Jänku";"Kanina";"Pupu";"Lapin";"Coello";"კურდღელი";"Hase";"Λαγός";"સસલું";"ארנב";"खरगोश";"Nyuszi";"Kanína";"Kelinci";"Coinín";"Coniglio";"ウサギ";"ಮೊಲ";"Қоян";"ទន្សាយ";"토끼";"ກະຕ່າຍ";"Zaķis";"Zuikutis";"Зајак";"Arnab";"മുയൽ";"ससा";"Туулай";"खरायो";"Kanin";"ଖରଗୋଶ";"خرگوش";"Królik";"Coelho";"ਖਰਗੋਸ਼";"Iepuraș";"Зайка";"Zeka";"හාවා";"Zajačik";"Zajček";"Conejo";"Sungura";"Kanin";"முயல்";"కుందేలు";"กระต่าย";"རི་བོང";"Tavşan";"Зайчик";"خرگوش";"توشقان";"Quyon";"Thỏ";"Cwningen";"Unogwaja"
"character.crab";"";"An animal's name. Appears on its own under the artwork and inside sentences such as ""3 more hoops to unlock …"". Aim for 14 characters or fewer.";"Crab";"Krab";"Krap";"Gaforre";"ሸርጣን";"سلطعون";"Խեցգետին";"কেঁকোৰা";"Krab";"Karramarroa";"Краб";"কাঁকড়া";"Rak";"Рак";"ကဏန်း";"Cranc";"螃蟹";"Rak";"Krab";"Krabbe";"Krabi";"Krabbi";"Rapu";"Crabe";"Cangrexo";"კიბორჩხალა";"Krabbe";"Καβούρι";"કરચલો";"סרטן";"केकड़ा";"Rák";"Krabbi";"Kepiting";"Portán";"Granchio";"カニ";"ಏಡಿ";"Теңізшаян";"ក្តាម";"게";"ປູ";"Krabis";"Krabas";"Рак";"Ketam";"ഞണ്ട്";"खेकडा";"Хавч";"केकडा";"Krabbe";"କଙ୍କଡ଼ା";"خرچنگ";"Krab";"Caranguejo";"ਕੇਕੜਾ";"Crab";"Краб";"Rak";"කකුළුවා";"Krab";"Rak";"Cangrejo";"Kaa";"Krabba";"நண்டு";"పీత";"ปู";"སྡིག་སྲིན";"Yengeç";"Краб";"کیکڑا";"قىسقۇچپاقا";"Qisqichbaqa";"Cua";"Cranc";"Inkalankala"
"character.dog";"";"An animal's name. Appears on its own under the artwork and inside sentences such as ""3 more hoops to unlock …"". Aim for 14 characters or fewer.";"Dog";"Hond";"Hond";"Qen";"ውሻ";"كلب";"Շուն";"কুকুৰ";"İt";"Txakurra";"Сабака";"কুকুর";"Pas";"Куче";"ခွေး";"Gos";"狗";"Pas";"Pes";"Hund";"Koer";"Hundur";"Koira";"Chien";"Can";"ძაღლი";"Hund";"Σκύλος";"કૂતરો";"כלב";"कुत्ता";"Kutya";"Hundur";"Anjing";"Madra";"Cane";"イヌ";"ನಾಯಿ";"Ит";"ឆ្កែ";"개";"ໝາ";"Suns";"Šuo";"Куче";"Anjing";"നായ";"कुत्रा";"Нохой";"कुकुर";"Hund";"କୁକୁର";"سگ";"Pies";"Cão";"ਕੁੱਤਾ";"Câine";"Пёс";"Pas";"බල්ලා";"Pes";"Pes";"Perro";"Mbwa";"Hund";"நாய்";"కుక్క";"หมา";"ཁྱི";"Köpek";"Пес";"کتا";"ئىت";"It";"Chó";"Ci";"Inja"
"character.elephant";"";"An animal's name. Appears on its own under the artwork and inside sentences such as ""3 more hoops to unlock …"". Aim for 14 characters or fewer.";"Elephant";"Olifant";"Olifant";"Elefant";"ዝሆን";"فيل";"Փիղ";"হাতী";"Fil";"Elefantea";"Слон";"হাতি";"Slon";"Слон";"ဆင်";"Elefant";"大象";"Slon";"Slon";"Elefant";"Elevant";"Fílur";"Norsu";"Éléphant";"Elefante";"სპილო";"Elefant";"Ελέφαντας";"હાથી";"פיל";"हाथी";"Elefánt";"Fíll";"Gajah";"Eilifint";"Elefante";"ゾウ";"ಆನೆ";"Піл";"ដំរី";"코끼리";"ຊ້າງ";"Zilonis";"Dramblys";"Слон";"Gajah";"ആന";"हत्ती";"Заан";"हात्ती";"Elefant";"ହାତୀ";"فیل";"Słoń";"Elefante";"ਹਾਥੀ";"Elefant";"Слон";"Slon";"අලියා";"Slon";"Slon";"Elefante";"Tembo";"Elefant";"யானை";"ఏనుగు";"ช้าง";"གླང་ཆེན";"Fil";"Слон";"ہاتھی";"پىل";"Fil";"Voi";"Eliffant";"Indlovu"
"character.fox";"";"An animal's name. Appears on its own under the artwork and inside sentences such as ""3 more hoops to unlock …"". Aim for 14 characters or fewer.";"Fox";"Vos";"Jakkals";"Dhelpër";"ቀበሮ";"ثعلب";"Աղվես";"শিয়াল";"Tülkü";"Azeria";"Ліса";"শিয়াল";"Lisica";"Лисица";"မြေခွေး";"Guineu";"狐狸";"Lisica";"Liška";"Ræv";"Rebane";"Revur";"Kettu";"Renard";"Raposo";"მელა";"Fuchs";"Αλεπού";"શિયાળ";"שועל";"लोमड़ी";"Róka";"Refur";"Rubah";"Sionnach";"Volpe";"キツネ";"ನರಿ";"Түлкі";"កញ្ជ្រោង";"여우";"ໝາຈອກ";"Lapsa";"Lapė";"Лисица";"Rubah";"കുറുക്കൻ";"कोल्हा";"Үнэг";"स्याल";"Rev";"ଖଞ୍ଜନା";"روباه";"Lis";"Raposa";"ਲੂੰਬੜੀ";"Vulpe";"Лис";"Lisica";"නරියා";"Líška";"Lisica";"Zorro";"Mbweha";"Räv";"நரி";"నక్క";"จิ้งจอก";"ཝ";"Tilki";"Лис";"لومڑی";"تۈلكە";"Tulki";"Cáo";"Llwynog";"Impungushe"
"character.frog";"";"An animal's name. Appears on its own under the artwork and inside sentences such as ""3 more hoops to unlock …"". Aim for 14 characters or fewer.";"Frog";"Kikker";"Padda";"Bretkosë";"እንቁራሪት";"ضفدع";"Գորտ";"ভেকুলী";"Qurbağa";"Igela";"Жаба";"ব্যাঙ";"Žaba";"Жаба";"ဖား";"Granota";"青蛙";"Žaba";"Žába";"Frø";"Konn";"Froskur";"Sammakko";"Grenouille";"Ra";"ბაყაყი";"Frosch";"Βάτραχος";"દેડકો";"צפרדע";"मेंढक";"Béka";"Froskur";"Katak";"Frog";"Rana";"カエル";"ಕಪ್ಪೆ";"Бақа";"កង្កែប";"개구리";"ກົບ";"Varde";"Varlė";"Жаба";"Katak";"തവള";"बेडूक";"Мэлхий";"भ्यागुतो";"Frosk";"ବେଙ୍ଗ";"قورباغه";"Żaba";"Sapo";"ਡੱਡੂ";"Broască";"Лягушка";"Žaba";"ගෙම්බා";"Žaba";"Žaba";"Rana";"Chura";"Groda";"தவளை";"కప్ప";"กบ";"སྦལ་པ";"Kurbağa";"Жаба";"مینڈک";"پاقا";"Qurbaqa";"Ếch";"Broga";"Ixoxo"
"character.lion";"";"An animal's name. Appears on its own under the artwork and inside sentences such as ""3 more hoops to unlock …"". Aim for 14 characters or fewer.";"Lion";"Leeuw";"Leeu";"Luan";"አንበሳ";"أسد";"Առյուծ";"সিংহ";"Şir";"Lehoia";"Леў";"সিংহ";"Lav";"Лъв";"ခြင်္သေ့";"Lleó";"狮子";"Lav";"Lev";"Løve";"Lõvi";"Leyva";"Leijona";"Lion";"León";"ლომი";"Löwe";"Λιοντάρι";"સિંહ";"אריה";"शेर";"Oroszlán";"Ljón";"Singa";"Leon";"Leone";"ライオン";"ಸಿಂಹ";"Арыстан";"តោ";"사자";"ສິງ";"Lauva";"Liūtas";"Лав";"Singa";"സിംഹം";"सिंह";"Арслан";"सिंह";"Løve";"ସିଂହ";"شیر";"Lew";"Leão";"ਸ਼ੇਰ";"Leu";"Лев";"Lav";"සිංහයා";"Lev";"Lev";"León";"Simba";"Lejon";"சிங்கம்";"సింహం";"สิงโต";"སེང་གེ";"Aslan";"Лев";"شیر";"شىر";"Arslon";"Sư tử";"Llew";"Ibhubesi"
"character.octopus";"";"An animal's name. Appears on its own under the artwork and inside sentences such as ""3 more hoops to unlock …"". Aim for 14 characters or fewer.";"Octopus";"Inktvis";"Seekat";"Oktapod";"ኦክቶፐስ";"أخطبوط";"Ութոտնուկ";"অক্টোপাছ";"Ahtapot";"Olagarroa";"Васьміног";"অক্টোপাস";"Hobotnica";"Октопод";"ရေဘဝဲ";"Pop";"章鱼";"Hobotnica";"Chobotnice";"Blæksprutte";"Kaheksajalg";"Høgguslokkur";"Mustekala";"Poulpe";"Polbo";"რვაფეხა";"Oktopus";"Χταπόδι";"ઓક્ટોપસ";"תמנון";"ऑक्टोपस";"Polip";"Kolkrabbi";"Gurita";"Ochtapas";"Polpo";"タコ";"ಆಕ್ಟೋಪಸ್";"Сегізаяқ";"មឹក";"문어";"ປາໝຶກ";"Astoņkājis";"Aštuonkojis";"Октопод";"Kurita";"നീരാളി";"ऑक्टोपस";"Наймаалж";"अक्टोपस";"Blekksprut";"ଅକ୍ଟୋପସ୍";"هشت‌پا";"Ośmiornica";"Polvo";"ਆਕਟੋਪਸ";"Caracatiță";"Осьминог";"Hobotnica";"බූවල්ලා";"Chobotnica";"Hobotnica";"Pulpo";"Pweza";"Bläckfisk";"ஆக்டோபஸ்";"ఆక్టోపస్";"หมึกยักษ์";"ཉ་ལག་བརྒྱད";"Ahtapot";"Восьминіг";"آکٹوپس";"سەككىزئاياغ";"Ahtapot";"Bạch tuộc";"Octopws";"Ingwane"
"character.penguin";"";"An animal's name. Appears on its own under the artwork and inside sentences such as ""3 more hoops to unlock …"". Aim for 14 characters or fewer.";"Penguin";"Pinguïn";"Pikkewyn";"Pinguin";"ፔንግዊን";"بطريق";"Պինգվին";"পেংগুইন";"Pinqvin";"Pinguinoa";"Пінгвін";"পেঙ্গুইন";"Pingvin";"Пингвин";"ပင်ဂွင်း";"Pingüí";"企鹅";"Pingvin";"Tučňák";"Pingvin";"Pingviin";"Pingvinur";"Pingviini";"Pingouin";"Pingüín";"პინგვინი";"Pinguin";"Πιγκουίνος";"પેંગ્વિન";"פינגווין";"पेंगुइन";"Pingvin";"Mörgæs";"Pinguin";"Piongain";"Pinguino";"ペンギン";"ಪೆಂಗ್ವಿನ್";"Пингвин";"ភេនឃ្វីន";"펭귄";"ເພນກວິນ";"Pingvīns";"Pingvinas";"Пингвин";"Penguin";"പെൻഗ്വിൻ";"पेंग्विन";"Оцон шувуу";"पेन्गुइन";"Pingvin";"ପେଙ୍ଗୁଇନ୍";"پنگوئن";"Pingwin";"Pinguim";"ਪੇਂਗੁਇਨ";"Pinguin";"Пингвин";"Pingvin";"පෙන්ගුවියා";"Tučniak";"Pingvin";"Pingüino";"Pengwini";"Pingvin";"பென்குயின்";"పెంగ్విన్";"เพนกวิน";"པེང་གུན";"Penguen";"Пінгвін";"پینگوئن";"پىنگۋىن";"Pingvin";"Chim cánh cụt";"Pengwin";"Iphengwini"
"common.continue";"";"A button label, reused across the app. Aim for 14 characters or fewer.";"Continue";"Verder";"Gaan voort";"Vazhdo";"ቀጥል";"متابعة";"Շարունակել";"আগলৈ";"Davam et";"Jarraitu";"Далей";"এগিয়ে";"Nastavi";"Напред";"ဆက်ရန်";"Continua";"继续";"Nastavi";"Pokračovat";"Fortsæt";"Jätka";"Víðari";"Jatka";"Continuer";"Continuar";"გაგრძელება";"Weiter";"Συνέχεια";"આગળ";"המשך";"आगे";"Tovább";"Áfram";"Lanjut";"Ar aghaidh";"Continua";"つづける";"ಮುಂದೆ";"Жалғастыру";"បន្ត";"계속";"ຕໍ່ໄປ";"Turpināt";"Tęsti";"Продолжи";"Teruskan";"തുടരുക";"पुढे";"Үргэлжлүүлэх";"अगाडि";"Fortsett";"ଆଗକୁ";"ادامه";"Dalej";"Continuar";"ਅੱਗੇ";"Continuă";"Дальше";"Nastavi";"ඉදිරියට";"Ďalej";"Naprej";"Continuar";"Endelea";"Fortsätt";"தொடர்";"కొనసాగించు";"ต่อไป";"མུ་མཐུད";"Devam";"Далі";"جاری";"داۋاملاشتۇر";"Davom et";"Tiếp tục";"Parhau";"Qhubeka"
"common.done";"";"A button label, reused across the app. Aim for 14 characters or fewer.";"Done";"Klaar";"Klaar";"Gati";"ጨርሷል";"تم";"Պատրաստ է";"হ’ল";"Hazır";"Eginda";"Гатова";"হয়ে গেছে";"Gotovo";"Готово";"ပြီးပြီ";"Fet";"完成";"Gotovo";"Hotovo";"Færdig";"Valmis";"Liðugt";"Valmis";"Terminé";"Feito";"მზადაა";"Fertig";"Έτοιμο";"થઈ ગયું";"סיום";"हो गया";"Kész";"Búið";"Selesai";"Déanta";"Fatto";"できた";"ಆಯಿತು";"Дайын";"រួចរាល់";"완료";"ສຳເລັດ";"Gatavs";"Baigta";"Готово";"Selesai";"പൂർത്തിയായി";"झालं";"Боллоо";"सकियो";"Ferdig";"ହେଲା";"تمام";"Gotowe";"Pronto";"ਹੋ ਗਿਆ";"Gata";"Готово";"Gotovo";"හරි";"Hotovo";"Končano";"Listo";"Tayari";"Klar";"முடிந்தது";"పూర్తి";"เสร็จ";"ཚར";"Bitti";"Готово";"ہو گیا";"بولدى";"Tayyor";"Xong";"Wedi gorffen";"Kwenziwe"
"common.minutesShort %lld %lld";"";"A button label, reused across the app. Aim for 23 characters or fewer. Keep 2× %lld (a number). Several values are substituted, so number them: %1$…, %2$… in whatever order your language reads.";"%1$lld/%2$lld min";"%1$lld/%2$lld min";"%1$lld/%2$lld min";"%1$lld/%2$lld min";"%1$lld/%2$lld ደቂቃ";"%1$lld/%2$lld د";"%1$lld/%2$lld ր";"%1$lld/%2$lld মিনিট";"%1$lld/%2$lld dəq";"%1$lld/%2$lld min";"%1$lld/%2$lld хв";"%1$lld/%2$lld মিনিট";"%1$lld/%2$lld min";"%1$lld/%2$lld мин";"%1$lld/%2$lld မိနစ်";"%1$lld/%2$lld min";"%1$lld/%2$lld 分钟";"%1$lld/%2$lld min";"%1$lld/%2$lld min";"%1$lld/%2$lld min";"%1$lld/%2$lld min";"%1$lld/%2$lld min";"%1$lld/%2$lld min";"%1$lld/%2$lld min";"%1$lld/%2$lld min";"%1$lld/%2$lld წთ";"%1$lld/%2$lld Min.";"%1$lld/%2$lld λεπ.";"%1$lld/%2$lld મિનિટ";"%1$lld/%2$lld דק׳";"%1$lld/%2$lld मिनट";"%1$lld/%2$lld perc";"%1$lld/%2$lld mín.";"%1$lld/%2$lld mnt";"%1$lld/%2$lld nóim";"%1$lld/%2$lld min";"%1$lld/%2$lld分";"%1$lld/%2$lld ನಿಮಿ";"%1$lld/%2$lld мин";"%1$lld/%2$lld នាទី";"%1$lld/%2$lld분";"%1$lld/%2$lld ນາທີ";"%1$lld/%2$lld min";"%1$lld/%2$lld min";"%1$lld/%2$lld мин";"%1$lld/%2$lld min";"%1$lld/%2$lld മിനിറ്റ്";"%1$lld/%2$lld मि.";"%1$lld/%2$lld мин";"%1$lld/%2$lld मिनेट";"%1$lld/%2$lld min";"%1$lld/%2$lld ମିନିଟ୍";"%1$lld/%2$lld دقیقه";"%1$lld/%2$lld min";"%1$lld/%2$lld min";"%1$lld/%2$lld ਮਿੰਟ";"%1$lld/%2$lld min";"%1$lld/%2$lld мин";"%1$lld/%2$lld min";"%1$lld/%2$lld මිනි";"%1$lld/%2$lld min";"%1$lld/%2$lld min";"%1$lld/%2$lld min";"%1$lld/%2$lld min";"%1$lld/%2$lld min";"%1$lld/%2$lld நிமி";"%1$lld/%2$lld నిమి";"%1$lld/%2$lld นาที";"%1$lld/%2$lld སྐར་མ";"%1$lld/%2$lld dk";"%1$lld/%2$lld хв";"%1$lld/%2$lld منٹ";"%1$lld/%2$lld مىن";"%1$lld/%2$lld daq";"%1$lld/%2$lld phút";"%1$lld/%2$lld mun";"%1$lld/%2$lld imin"
"common.ok";"";"A button label, reused across the app. Aim for 14 characters or fewer.";"OK";"Oké";"OK";"OK";"እሺ";"حسنًا";"Լավ";"ঠিক আছে";"OK";"Ados";"ОК";"ঠিক আছে";"U redu";"OK";"အိုကေ";"D’acord";"OK";"U redu";"OK";"OK";"OK";"Í lagi";"OK";"OK";"OK";"კარგი";"OK";"ΟΚ";"ઓકે";"אוקיי";"ठीक";"OK";"Í lagi";"OK";"OK";"OK";"OK";"ಸರಿ";"OK";"យល់ព្រម";"확인";"ຕົກລົງ";"Labi";"Gerai";"ОК";"OK";"ശരി";"ठीक";"OK";"ठीक छ";"OK";"ଠିକ୍";"باشه";"OK";"OK";"ਠੀਕ ਹੈ";"OK";"ОК";"U redu";"හරි";"OK";"OK";"OK";"Sawa";"OK";"சரி";"సరే";"ตกลง";"འགྲིག";"Tamam";"ОК";"ٹھیک ہے";"ماقۇل";"OK";"OK";"Iawn";"Kulungile"
"game.combo %lld";"";"A small banner that flashes over the game board. Very little room. Aim for 16 characters or fewer. Keep 1× %lld (a number).";"Combo! +%lld";"Combo! +%lld";"Reeks! +%lld";"Kombinim! +%lld";"ኮምቦ! +%lld";"سلسلة! +%lld";"Կոմբո! +%lld";"কম্বো! +%lld";"Kombo! +%lld";"Konboa! +%lld";"Комба! +%lld";"কম্বো! +%lld";"Kombo! +%lld";"Комбо! +%lld";"ဆက်တိုက်! +%lld";"Combo! +%lld";"连击！+%lld";"Combo! +%lld";"Kombo! +%lld";"Combo! +%lld";"Kombo! +%lld";"Combo! +%lld";"Combo! +%lld";"Combo ! +%lld";"Combo! +%lld";"კომბო! +%lld";"Combo! +%lld";"Σερί! +%lld";"કોમ્બો! +%lld";"רצף! +%lld";"कॉम्बो! +%lld";"Kombó! +%lld";"Runa! +%lld";"Combo! +%lld";"Combo! +%lld";"Combo! +%lld";"コンボ！ +%lld";"ಕಾಂಬೋ! +%lld";"Комбо! +%lld";"កុំបូ! +%lld";"콤보! +%lld";"ຄອມໂບ! +%lld";"Kombo! +%lld";"Serija! +%lld";"Комбо! +%lld";"Kombo! +%lld";"കോമ്പോ! +%lld";"कॉम्बो! +%lld";"Комбо! +%lld";"कम्बो! +%lld";"Kombo! +%lld";"କମ୍ବୋ! +%lld";"کمبو! +%lld";"Seria! +%lld";"Combo! +%lld";"ਕੌਂਬੋ! +%lld";"Combo! +%lld";"Комбо! +%lld";"Niz! +%lld";"කොම්බෝ! +%lld";"Kombo! +%lld";"Kombinacija! +%lld";"¡Combo! +%lld";"Kombo! +%lld";"Kombo! +%lld";"காம்போ! +%lld";"కాంబో! +%lld";"คอมโบ! +%lld";"Combo! +%lld";"Kombo! +%lld";"Комбо! +%lld";"کومبو! +%lld";"Combo! +%lld";"Kombo! +%lld";"Combo! +%lld";"Cyfuniad! +%lld";"I-Combo! +%lld"
"game.encouragement.0";"";"One line under the result title, wrapping over at most two lines. These ten messages climb from a weak score to a strong one — keep that progression. Aim for 30 characters or fewer.";"Good try";"Goed geprobeerd";"Mooi probeer";"Përpjekje e mirë";"ጥሩ ሙከራ";"محاولة جيدة";"Լավ փորձ էր";"ভাল চেষ্টা";"Yaxşı cəhd";"Saiakera ona";"Добрая спроба";"ভালো চেষ্টা";"Dobar pokušaj";"Добър опит";"ကြိုးစားတာ ကောင်းတယ်";"Bon intent";"不错的尝试";"Dobar pokušaj";"Dobrý pokus";"Godt forsøgt";"Tubli katse";"Gott roynt";"Hyvä yritys";"Bien essayé";"Bo intento";"კარგი ცდაა";"Guter Versuch";"Καλή προσπάθεια";"સારો પ્રયાસ";"ניסיון יפה";"अच्छी कोशिश";"Szép próbálkozás";"Góð tilraun";"Usaha bagus";"Iarracht mhaith";"Bel tentativo";"よくがんばったね";"ಒಳ್ಳೆಯ ಪ್ರಯತ್ನ";"Жақсы талпыныс";"ព្យាយាមបានល្អ";"잘했어요";"ລອງໄດ້ດີ";"Labs mēģinājums";"Geras bandymas";"Добар обид";"Cubaan bagus";"നല്ല ശ്രമം";"छान प्रयत्न";"Сайн оролдлоо";"राम्रो प्रयास";"Godt forsøk";"ଭଲ ଚେଷ୍ଟା";"تلاش خوبی بود";"Dobra próba";"Boa tentativa";"ਵਧੀਆ ਕੋਸ਼ਿਸ਼";"Bună încercare";"Хорошая попытка";"Dobar pokušaj";"හොඳ උත්සාහයක්";"Dobrý pokus";"Dober poskus";"Buen intento";"Umejaribu vizuri";"Bra försök";"நல்ல முயற்சி";"మంచి ప్రయత్నం";"พยายามได้ดี";"ཚོད་ལྟ་ཡག་པོ།";"Güzel deneme";"Гарна спроба";"اچھی کوشش";"ياخشى سىناق";"Yaxshi urinish";"Cố gắng tốt";"Cais da";"Uzamile kahle"
"game.encouragement.1";"";"One line under the result title, wrapping over at most two lines. These ten messages climb from a weak score to a strong one — keep that progression. Aim for 30 characters or fewer.";"It's a start";"Het begin is er";"Dis ’n begin";"Është një fillim";"ጥሩ ጅምር";"بداية موفقة";"Սա սկիզբն է";"আৰম্ভণি হৈছে";"Başlanğıcdır";"Hasiera bat da";"Добры пачатак";"শুরু তো হলো";"To je početak";"Добро начало";"စတင်နိုင်ပြီ";"És un començament";"这是个好开始";"To je početak";"Dobrý začátek";"Det er en start";"Algus on tehtud";"Ein góð byrjan";"Hyvä alku";"C’est un début";"É un comezo";"დასაწყისი კარგია";"Ein guter Anfang";"Μια καλή αρχή";"શરૂઆત તો થઈ";"זו התחלה";"अच्छी शुरुआत";"Ez már valami";"Þetta er byrjun";"Awal yang bagus";"Sin tús maith";"È un buon inizio";"いいスタート";"ಇದು ಒಳ್ಳೆಯ ಆರಂಭ";"Басы жаман емес";"ជាការចាប់ផ្តើម";"좋은 시작이에요";"ເລີ່ມໄດ້ດີ";"Labs sākums";"Tai jau pradžia";"Добар почеток";"Baru bermula";"നല്ല തുടക്കം";"चांगली सुरुवात";"Сайхан эхлэл";"सुरु त भयो";"En god start";"ଭଲ ଆରମ୍ଭ";"شروع خوبی است";"Dobry początek";"É um começo";"ਸ਼ੁਰੂਆਤ ਹੋ ਗਈ";"E un început";"Начало положено";"Dobar početak";"හොඳ ආරම්භයක්";"To je začiatok";"Dober začetek";"Es un comienzo";"Mwanzo mzuri";"En bra början";"நல்ல தொடக்கம்";"మంచి మొదలు";"เริ่มต้นได้ดี";"འགོ་ཚུགས་སོང་།";"İyi bir başlangıç";"Це вже початок";"اچھی شروعات";"باشلىنىشى ياخشى";"Boshlanishi yaxshi";"Khởi đầu tốt";"Mae'n ddechrau";"Yisiqalo"
"game.encouragement.2";"";"One line under the result title, wrapping over at most two lines. These ten messages climb from a weak score to a strong one — keep that progression. Aim for 30 characters or fewer.";"Keep practicing";"Blijf oefenen";"Hou aan oefen";"Vazhdo të ushtrohesh";"ልምምድህን ቀጥል";"واصل التمرّن";"Շարունակի՛ր փորձել";"অভ্যাস কৰি থাকা";"Məşqə davam et";"Jarraitu praktikatzen";"Працягвай вучыцца";"অনুশীলন চালিয়ে যাও";"Nastavi vježbati";"Продължавай да упражняваш";"ဆက်လေ့ကျင့်ပါ";"Continua practicant";"继续练习";"Nastavi vježbati";"Trénuj dál";"Bliv ved med at øve";"Harjuta edasi";"Halt fram at venja";"Jatka harjoittelua";"Continue à t’entraîner";"Segue practicando";"განაგრძე ვარჯიში";"Üb weiter";"Συνέχισε την εξάσκηση";"અભ્યાસ ચાલુ રાખો";"המשיכו להתאמן";"अभ्यास करते रहो";"Gyakorolj tovább";"Haltu áfram að æfa";"Terus berlatih";"Lean ort ag cleachtadh";"Continua ad allenarti";"れんしゅうをつづけよう";"ಅಭ್ಯಾಸ ಮುಂದುವರಿಸು";"Жаттыға бер";"បន្តហាត់ទៀត";"계속 연습해요";"ຝຶກຕໍ່ໄປ";"Turpini trenēties";"Mokykis toliau";"Продолжи да вежбаш";"Terus berlatih";"പരിശീലിച്ചുകൊണ്ടിരിക്കുക";"सराव करत राहा";"Дахин давтаарай";"अभ्यास गरिराख";"Fortsett å øve";"ଅଭ୍ୟାସ ଜାରି ରଖ";"به تمرین ادامه بده";"Ćwicz dalej";"Continua a praticar";"ਅਭਿਆਸ ਕਰਦੇ ਰਹੋ";"Continuă să exersezi";"Продолжай тренироваться";"Nastavi da vežbaš";"දිගටම පුහුණු වන්න";"Trénuj ďalej";"Vadi še naprej";"Sigue practicando";"Endelea kufanya mazoezi";"Fortsätt öva";"தொடர்ந்து பயிற்சி செய்";"సాధన చేస్తూ ఉండు";"ฝึกต่อไปนะ";"མུ་མཐུད་སྦྱོངས།";"Çalışmaya devam";"Тренуйся далі";"مشق جاری رکھیں";"داۋاملىق مەشىق قىل";"Mashq qilishda davom et";"Tiếp tục luyện tập";"Dalia ati i ymarfer";"Qhubeka uzijwayeza"
"game.encouragement.3";"";"One line under the result title, wrapping over at most two lines. These ten messages climb from a weak score to a strong one — keep that progression. Aim for 30 characters or fewer.";"Not bad at all";"Lang niet slecht";"Glad nie sleg nie";"Aspak keq";"መጥፎ አይደለም";"ليس سيئًا";"Բոլորովին վատ չէ";"একেবাৰে বেয়া নহয়";"Heç də pis deyil";"Ez dago batere gaizki";"Зусім нядрэнна";"মন্দ নয়";"Nije uopće loše";"Изобщо не е зле";"မဆိုးပါဘူး";"Gens malament";"很不错哦";"Uopće nije loše";"Vůbec ne špatné";"Slet ikke dårligt";"Pole üldse paha";"Ikki so galið";"Ei hassumpaa";"Pas mal du tout";"Non está nada mal";"სულაც არაა ცუდი";"Gar nicht schlecht";"Καθόλου άσχημα";"બિલકુલ ખરાબ નથી";"לא רע בכלל";"बिल्कुल बुरा नहीं";"Egyáltalán nem rossz";"Alls ekki slæmt";"Lumayan juga";"Ní dona ar chor ar bith";"Niente male";"なかなかいいね";"ತುಂಬಾ ಕೆಟ್ಟಿಲ್ಲ";"Жаман емес";"មិនអន់ទេ";"꽤 잘했어요";"ບໍ່ຮ້າຍເລີຍ";"Nemaz nav slikti";"Visai neblogai";"Воопшто не е лошо";"Boleh tahan";"ഒട്ടും മോശമല്ല";"अगदीच वाईट नाही";"Муугүй шүү";"नराम्रो छैन";"Ikke verst";"ମୋଟେ ଖରାପ ନୁହେଁ";"اصلاً بد نبود";"Całkiem nieźle";"Nada mal";"ਬਿਲਕੁਲ ਮਾੜਾ ਨਹੀਂ";"Nu e rău deloc";"Совсем неплохо";"Uopšte nije loše";"නරකම නැහැ";"Vôbec nie zlé";"Sploh ni slabo";"Nada mal";"Si vibaya hata kidogo";"Inte alls illa";"மோசமில்லை";"అంత చెడ్డది కాదు";"ไม่เลวเลย";"དེ་ཙམ་ངན་པ་མ་རེད།";"Hiç fena değil";"Зовсім непогано";"بالکل برا نہیں";"يامان ئەمەس";"Yomon emas";"Không tệ chút nào";"Ddim yn ddrwg o gwbl";"Akukubi neze"
"game.encouragement.4";"";"One line under the result title, wrapping over at most two lines. These ten messages climb from a weak score to a strong one — keep that progression. Aim for 30 characters or fewer.";"Doing well";"Goed bezig";"Jy doen goed";"Po ecën mirë";"ጥሩ እየሠራህ ነው";"أداء جيد";"Լավ ես անում";"ভাল কৰি আছা";"Əla gedirsən";"Oso ondo";"Добра ідзе";"ভালো করছ";"Dobro ti ide";"Справяш се добре";"ကောင်းကောင်းလုပ်နေတယ်";"Ho fas bé";"做得不错";"Dobro ti ide";"Jde ti to";"Godt på vej";"Sul läheb hästi";"Tað gongur væl";"Hyvin menee";"Tu te débrouilles bien";"Vas moi ben";"კარგად მიდიხარ";"Gut gemacht";"Τα πας καλά";"ખૂબ સારું";"כל הכבוד";"बहुत अच्छा";"Jól haladsz";"Vel gert";"Bagus sekali";"Ag éirí go maith leat";"Stai andando bene";"いいかんじ";"ಚೆನ್ನಾಗಿ ಮಾಡುತ್ತಿದ್ದೀಯ";"Жақсы орындаудасың";"ធ្វើបានល្អ";"잘하고 있어요";"ເຮັດໄດ້ດີ";"Tev labi sanāk";"Puikiai sekasi";"Одлично ти оди";"Bagus";"നന്നായി ചെയ്യുന്നു";"छान चाललंय";"Сайн байна";"राम्रो गर्दैछौ";"Bra jobbet";"ଭଲ କରୁଛ";"آفرین، خوب پیش می‌روی";"Dobrze ci idzie";"Muito bem";"ਵਧੀਆ ਕਰ ਰਹੇ ਹੋ";"Te descurci bine";"Отлично идёт";"Dobro ti ide";"හොඳට කරනවා";"Darí sa ti";"Dobro ti gre";"Vas muy bien";"Unafanya vizuri";"Bra jobbat";"நன்றாக செய்கிறாய்";"బాగా చేస్తున్నావు";"ทำได้ดี";"ཡག་པོ་འགྲོ་གི་འདུག";"İyi gidiyorsun";"Добре виходить";"بہت خوب";"ياخشى كېتىۋاتىسەن";"Yaxshi ketyapti";"Làm tốt lắm";"Da iawn";"Wenza kahle"
"game.encouragement.5";"";"One line under the result title, wrapping over at most two lines. These ten messages climb from a weak score to a strong one — keep that progression. Aim for 30 characters or fewer.";"Nice performance";"Mooie prestatie";"Mooi gedoen";"Rezultat i bukur";"ጥሩ ውጤት";"أداء رائع";"Հիանալի արդյունք";"সুন্দৰ খেলিলা";"Gözəl nəticə";"Emaitza polita";"Выдатны вынік";"দারুণ ফল";"Lijep rezultat";"Чудесен резултат";"ကောင်းမွန်တဲ့ စွမ်းဆောင်မှု";"Bona actuació";"表现真棒";"Lijep rezultat";"Pěkný výkon";"Flot klaret";"Hea tulemus";"Flott avrik";"Hieno suoritus";"Belle performance";"Boa actuación";"კარგი შედეგია";"Schöne Leistung";"Ωραία επίδοση";"સરસ પ્રદર્શન";"ביצוע יפה";"शानदार प्रदर्शन";"Szép teljesítmény";"Flott frammistaða";"Permainan bagus";"Sár-obair";"Bella prova";"いいできだね";"ಚೆನ್ನಾದ ಸಾಧನೆ";"Керемет нәтиже";"លទ្ធផលល្អ";"멋진 실력이에요";"ຜົນງານດີ";"Lielisks sniegums";"Puikus rezultatas";"Убав резултат";"Prestasi bagus";"മികച്ച പ്രകടനം";"छान कामगिरी";"Сайхан тоглолоо";"राम्रो प्रदर्शन";"Flott innsats";"ସୁନ୍ଦର ପ୍ରଦର୍ଶନ";"عملکرد خوبی بود";"Świetny wynik";"Belo resultado";"ਵਧੀਆ ਪ੍ਰਦਰਸ਼ਨ";"Rezultat frumos";"Хороший результат";"Lep rezultat";"ලස්සන දක්ෂතාවක්";"Pekný výkon";"Lep dosežek";"Buena actuación";"Umefanya vizuri";"Snyggt jobbat";"அருமையான ஆட்டம்";"చక్కని ప్రదర్శన";"ผลงานเยี่ยม";"ཡག་པོ་བྱས་སོང་།";"Güzel başarı";"Чудовий результат";"اچھی کارکردگی";"قالتىس نەتىجە";"Zo‘r natija";"Thành tích đẹp";"Perfformiad gwych";"Umsebenzi omuhle"
"game.encouragement.6";"";"One line under the result title, wrapping over at most two lines. These ten messages climb from a weak score to a strong one — keep that progression. Aim for 30 characters or fewer.";"Well done";"Knap gedaan";"Goed gedoen";"Të lumtë";"ጎበዝ";"أحسنت";"Ապրե՛ս";"বঢ়িয়া";"Afərin";"Ongi egina";"Малайчына";"শাবাশ";"Bravo";"Браво";"တော်တယ်";"Molt bé";"做得好";"Bravo";"Výborně";"Godt klaret";"Hästi tehtud";"Væl gjørt";"Hienosti tehty";"Bravo";"Moi ben";"ყოჩაღ";"Klasse gemacht";"Μπράβο";"શાબાશ";"עבודה מצוינת";"शाबाश";"Ügyes voltál";"Vel gert";"Hebat";"Maith thú";"Ben fatto";"よくできました";"ಚೆನ್ನಾಗಿ ಮಾಡಿದೆ";"Жарайсың";"ធ្វើបានល្អណាស់";"참 잘했어요";"ເກັ່ງຫຼາຍ";"Labi padarīts";"Šaunuolis";"Браво";"Syabas";"വളരെ നന്നായി";"शाब्बास";"Мундаг";"स्याबास";"Godt gjort";"ବହୁତ ଭଲ";"آفرین";"Brawo";"Muito bem";"ਸ਼ਾਬਾਸ਼";"Bravo";"Молодец";"Bravo";"හොඳට කළා";"Výborne";"Odlično";"¡Bien hecho!";"Hongera";"Toppen!";"சிறப்பாக செய்தாய்";"బాగా చేశావు";"เก่งมาก";"ཧ་ཅང་ལེགས།";"Aferin";"Молодець";"شاباش";"يارايسەن";"Barakalla";"Giỏi lắm";"Da iawn ti";"Wenze kahle"
"game.encouragement.7";"";"One line under the result title, wrapping over at most two lines. These ten messages climb from a weak score to a strong one — keep that progression. Aim for 30 characters or fewer.";"Very well played";"Heel goed gespeeld";"Baie goed gespeel";"Shumë mirë";"በጣም ጥሩ";"لعب رائع جدًا";"Շատ լավ խաղացիր";"খুব ভাল খেলিলা";"Çox yaxşı oynadın";"Bikain jokatu duzu";"Выдатна згуляна";"খুব ভালো খেলেছ";"Odlično odigrano";"Много добра игра";"အရမ်းကောင်းတယ်";"Molt ben jugat";"玩得真棒";"Odlično odigrano";"Moc pěkně";"Virkelig flot spillet";"Väga hästi mängitud";"Sera væl spælt";"Todella hyvin";"Très bien joué";"Xogaches moi ben";"ძალიან კარგად ითამაშე";"Sehr gut gespielt";"Έπαιξες πολύ καλά";"ખૂબ સરસ રમ્યા";"משחק מעולה";"बहुत बढ़िया खेले";"Nagyon ügyes voltál";"Mjög vel gert";"Permainanmu hebat";"Ar fheabhas ar fad";"Hai giocato benissimo";"とってもよくできたね";"ತುಂಬಾ ಚೆನ್ನಾಗಿ ಆಡಿದೆ";"Өте жақсы ойнадың";"លេងបានល្អណាស់";"정말 잘했어요";"ຫຼິ້ນໄດ້ດີຫຼາຍ";"Ļoti labi nospēlēts";"Labai gerai sužaista";"Одлично одиграно";"Sangat bagus";"അതിമനോഹരമായി കളിച്ചു";"खूप छान खेळलास";"Маш сайн тоглолоо";"एकदम राम्रो खेल्यौ";"Kjempebra spilt";"ଖୁବ୍ ଭଲ ଖେଳିଲ";"خیلی خوب بازی کردی";"Świetnie ci poszło";"Jogaste muito bem";"ਬਹੁਤ ਵਧੀਆ ਖੇਡੇ";"Foarte bine";"Сыграно отлично";"Odlično odigrano";"ඉතා හොඳට කළා";"Veľmi dobre";"Zelo dobro odigrano";"¡Jugaste genial!";"Umecheza vizuri sana";"Riktigt bra spelat";"மிகச் சிறப்பாக ஆடினாய்";"చాలా బాగా ఆడావు";"เล่นได้เยี่ยม";"ཧ་ཅང་ཡག་པོ་རྩེད་སོང་།";"Çok iyi oynadın";"Дуже добре зіграно";"بہت خوب کھیلے";"بەك ياخشى ئوينىدىڭ";"Juda yaxshi o‘ynading";"Chơi rất giỏi";"Chwarae gwych";"Udlale kahle kakhulu"
"game.encouragement.8";"";"One line under the result title, wrapping over at most two lines. These ten messages climb from a weak score to a strong one — keep that progression. Aim for 30 characters or fewer.";"The finish is in sight";"Het einde is in zicht";"Die einde is in sig";"Fundi po afrohet";"መጨረሻው ቀርቧል";"النهاية قريبة";"Վերջը մոտ է";"শেষ দেখা গৈছে";"Finiş yaxındır";"Amaiera gertu dago";"Фініш ужо блізка";"শেষ দেখা যাচ্ছে";"Cilj je na vidiku";"Финалът се вижда";"ပန်းတိုင် နီးလာပြီ";"El final és a prop";"终点就在眼前";"Cilj je na vidiku";"Cíl je na dohled";"Målet er i sigte";"Lõpp juba paistab";"Málið er í eygsjón";"Maali häämöttää";"La fin est en vue";"Xa se ve a meta";"ფინიში უკვე ჩანს";"Das Ziel ist in Sicht";"Το τέλος πλησιάζει";"અંત નજીક છે";"הסוף כבר קרוב";"मंज़िल पास है";"Már látszik a cél";"Endirinn er í sjónmáli";"Garis akhir sudah dekat";"Tá an deireadh le feiceáil";"Il traguardo è vicino";"ゴールはもうすぐ";"ಅಂತ್ಯ ಹತ್ತಿರದಲ್ಲಿದೆ";"Мәре жақын";"ជិតដល់ទីហើយ";"끝이 보여요";"ໃກ້ຮອດເສັ້ນໄຊແລ້ວ";"Finišs jau redzams";"Finišas jau arti";"Крајот е близу";"Garisan penamat dah dekat";"അവസാനം അടുത്തു";"शेवट जवळ आला";"Бариа ойрхон байна";"अन्त्य नजिकै छ";"Målet er i sikte";"ଶେଷ ପାଖେଇ ଆସିଲା";"پایان نزدیک است";"Meta już blisko";"A meta está à vista";"ਅੰਤ ਨੇੜੇ ਹੈ";"Finalul e aproape";"Финиш уже близко";"Cilj je na vidiku";"අවසානය පේනවා";"Cieľ je na dohľad";"Cilj je že blizu";"La meta está cerca";"Mwisho unakaribia";"Målet är nära";"முடிவு நெருங்கிவிட்டது";"ముగింపు దగ్గరలోనే";"ใกล้ถึงเส้นชัยแล้ว";"མཇུག་མཐོང་གི་འདུག";"Bitiş yaklaştı";"Фініш уже близько";"منزل قریب ہے";"ئاخىرى كۆرۈندى";"Marraga oz qoldi";"Sắp về đích rồi";"Mae'r diwedd yn y golwg";"Usuzofika ekugcineni"
"game.encouragement.9";"";"One line under the result title, wrapping over at most two lines. These ten messages climb from a weak score to a strong one — keep that progression. Aim for 30 characters or fewer.";"You're almost there";"Je bent er bijna";"Jy is amper daar";"Edhe pak";"ልትደርስ ነው";"أوشكت على الوصول";"Գրեթե հասել ես";"আৰু অলপ বাকী";"Az qalıb";"Ia iritsi zara";"Ты амаль дайшоў";"আর একটু বাকি";"Još malo";"Почти успя";"ရောက်ခါနီးပြီ";"Ja gairebé hi ets";"就快到了";"Još malo";"Už tam skoro jsi";"Du er næsten i mål";"Oled peaaegu kohal";"Tú ert næstan komin";"Olet melkein perillä";"Tu y es presque";"Xa case estás";"თითქმის მორჩი";"Du bist fast da";"Σχεδόν έφτασες";"તમે લગભગ પહોંચી ગયા";"כמעט הגעתם";"बस पहुँचने वाले हो";"Mindjárt megvagy";"Þú ert næstum komin(n)";"Sedikit lagi";"Tá tú beagnach ann";"Ci sei quasi";"あとちょっと";"ಇನ್ನೇನು ತಲುಪುತ್ತೀಯ";"Жетіп қалдың";"អ្នកជិតបានហើយ";"거의 다 왔어요";"ເກືອບຮອດແລ້ວ";"Tu esi gandrīz galā";"Beveik pasiekei";"Уште малку";"Hampir sampai";"ഇനി കുറച്ചേ ഉള്ളൂ";"तू जवळपास पोहोचलास";"Бараг боллоо";"अब लगभग पुग्यौ";"Du er nesten fremme";"ଆଉ ଟିକେ ବାକି";"تقریباً رسیدی";"Już prawie";"Estás quase lá";"ਤੁਸੀਂ ਲਗਭਗ ਪਹੁੰਚ ਗਏ";"Aproape ai reușit";"Ты почти у цели";"Još malo";"තව ටිකයි";"Už si skoro tam";"Skoraj si tam";"Ya casi llegas";"Karibu umefika";"Du är nästan framme";"இன்னும் கொஞ்சம்தான்";"దాదాపు చేరుకున్నావు";"อีกนิดเดียว";"ཁྱེད་རང་ཕལ་ཆེར་སླེབས་སོང་།";"Neredeyse bitti";"Ти майже там";"آپ تقریباً پہنچ گئے";"ئاز قالدى";"Deyarli yetib kelding";"Bạn gần tới rồi";"Rwyt ti bron yno";"Usuzofika"
"game.encouragement.complete";"";"One line under the result title, wrapping over at most two lines. These ten messages climb from a weak score to a strong one — keep that progression. Aim for 30 characters or fewer.";"Perfect score!";"Perfect, alles goed!";"Perfek, alles reg!";"Rezultat perfekt!";"ሁሉም ትክክል!";"علامة كاملة!";"Կատարյալ արդյունք!";"একেবাৰে ঠিক!";"Əla! Hamısı düzdür!";"Puntuazio perfektua!";"Усё правільна!";"একদম ঠিক!";"Savršen rezultat!";"Всичко вярно!";"အမှတ်ပြည့်!";"Perfecte, tot bé!";"满分！";"Sve točno!";"Perfektní skóre!";"Perfekt, alt rigtigt!";"Täiuslik tulemus!";"Alt rætt!";"Täydet pisteet!";"Score parfait !";"Perfecto, todo ben!";"ყველაფერი სწორია!";"Perfekt, alles richtig!";"Τέλειο σκορ!";"બધું એકદમ સાચું!";"ציון מושלם!";"पूरे अंक!";"Minden tökéletes!";"Fullkomið!";"Nilai sempurna!";"Scór foirfe!";"Perfetto, tutto giusto!";"全問正解！";"ಎಲ್ಲವೂ ಸರಿಯಾಗಿದೆ!";"Керемет! Бәрі дұрыс!";"ពិន្ទុពេញ!";"완벽해!";"ຖືກທຸກຂໍ້!";"Izcili, viss pareizi!";"Puikiai! Viskas teisingai!";"Сè точно!";"Skor sempurna!";"പൂർണ്ണ സ്കോർ!";"पूर्ण गुण!";"Төгс оноо!";"सबै सही!";"Alt riktig!";"ସବୁଠି ଠିକ୍!";"امتیاز کامل!";"Idealnie!";"Pontuação perfeita!";"ਬਿਲਕੁਲ ਸਹੀ!";"Scor perfect!";"Идеально!";"Savršen rezultat!";"සියල්ල හරි!";"Perfektné, všetko správne!";"Vse pravilno!";"¡Puntuación perfecta!";"Alama kamili!";"Perfekt resultat!";"அருமை, எல்லாம் சரி!";"అన్నీ కరెక్ట్!";"ยอดเยี่ยม ถูกหมด!";"ཡོངས་སུ་འགྲིག!";"Kusursuz!";"Ідеально!";"پورے نمبر!";"ھەممىسى توغرا!";"Zo‘r, hammasi to‘g‘ri!";"Điểm tuyệt đối!";"Sgôr berffaith!";"Konke kulungile!"
"game.end.completionSubtitle";"";"One line under the result title, wrapping over at most two lines. These ten messages climb from a weak score to a strong one — keep that progression. Aim for 39 characters or fewer.";"You collected all the hoops";"Je hebt alle hoepels verzameld";"Jy het al die hoepels versamel";"I mblodhe të gjitha rrathët";"ቀለበቶቹን ሁሉ ሰብስበሃል";"جمعت كل الحلقات";"Դու հավաքեցիր բոլոր օղակները";"তুমি সকলো বলয় সংগ্ৰহ কৰিলা";"Bütün halqaları topladın";"Uztai guztiak bildu dituzu";"Ты сабраў усе абручы";"তুমি সব বলয় সংগ্রহ করেছ";"Sakupio/la si sve obruče";"Събра всички обръчи";"ကွင်းအားလုံးကို စုဆောင်းပြီးပြီ";"Has recollit tots els cèrcols";"你收集了所有圆环";"Prikupio/la si sve obruče";"Sebral/a jsi všechny obruče";"Du har samlet alle ringene";"Sa kogusid kõik rõngad";"Tú hevur savnað allar ringarnar";"Keräsit kaikki vanteet";"Tu as ramassé tous les cerceaux";"Recolliches todos os aros";"ყველა რგოლი შეაგროვე";"Du hast alle Reifen gesammelt";"Μάζεψες όλα τα στεφάνια";"તમે બધા વલયો એકત્ર કર્યા";"אספת את כל החישוקים";"तुमने सभी छल्ले इकट्ठे कर लिए";"Összegyűjtötted az összes karikát";"Þú safnaðir öllum hringjunum";"Kamu sudah mengumpulkan semua simpai";"Bhailigh tú na fonsaí go léir";"Hai raccolto tutti i cerchi";"フープを全部集めたよ";"ನೀನು ಎಲ್ಲಾ ವಲಯಗಳನ್ನು ಸಂಗ್ರಹಿಸಿದ್ದೀಯ";"Барлық шеңберді жинадың";"អ្នកបានប្រមូលរង្វង់ទាំងអស់";"후프를 모두 모았어요";"ເຈົ້າເກັບວົງໄດ້ຄົບແລ້ວ";"Tu savāci visus riņķus";"Surinkai visus lankus";"Ги собра сите обрачи";"Kamu telah mengumpul semua gelung";"നീ എല്ലാ വളയങ്ങളും ശേഖരിച്ചു";"तू सर्व वलये गोळा केलीस";"Чи бүх цагиргийг цуглууллаа";"तिमीले सबै घेराहरू सङ्कलन गर्यौ";"Du har samlet alle ringene";"ତୁମେ ସବୁ ବଳୟ ସଂଗ୍ରହ କରିଛ";"همهٔ حلقه‌ها را جمع کردی";"Zebrano wszystkie obręcze";"Apanhaste todos os aros";"ਤੁਸੀਂ ਸਾਰੇ ਛੱਲੇ ਇਕੱਠੇ ਕਰ ਲਏ";"Ai adunat toate cercurile";"Ты собрал все обручи";"Сакупио/ла си све обруче";"ඔයා වළලු සියල්ල එකතු කළා";"Zozbieral/a si všetky obruče";"Zbral/a si vse obroče";"Has recogido todos los aros";"Umekusanya vitanzi vyote";"Du har samlat alla ringar";"எல்லா வளையங்களையும் சேகரித்துவிட்டாய்";"నువ్వు అన్ని వలయాలను సేకరించావు";"คุณเก็บห่วงครบทั้งหมดแล้ว";"ཁྱེད་ཀྱིས་ཨ་ལོང་ཚང་མ་བསྡུས་ཟིན།";"Tüm çemberleri topladın";"Ти зібрав усі обручі";"آپ نے تمام حلقے جمع کر لیے";"بارلىق چەمبەرلەرنى يىغدىڭىز";"Barcha chambarlarni to‘pladingiz";"Bạn đã thu thập tất cả vòng";"Rwyt ti wedi casglu’r cylchoedd i gyd";"Uqoqe wonke amaringi"
"game.end.completionSuffix";"";"On the end-of-level card: a title, or a button under it. Aim for 22 characters or fewer.";"complete!";"afgerond!";"voltooi!";"përfunduar!";"ተጠናቋል!";"اكتمل!";"ավարտված է։";"সম্পূৰ্ণ!";"tamamlandı!";"osatuta!";"завершана!";"সম্পূর্ণ!";"završeno!";"завършено!";"ပြီးပြီ!";"completat!";"完成！";"završeno!";"hotovo!";"færdig!";"valmis!";"liðugt!";"valmis!";"terminé !";"completado!";"დასრულებულია!";"geschafft!";"ολοκληρώθηκε!";"પૂર્ણ!";"הושלם!";"पूरा!";"kész!";"lokið!";"selesai!";"críochnaithe!";"completato!";"クリア！";"ಪೂರ್ಣ!";"аяқталды!";"រួចរាល់!";"완료!";"ສຳເລັດ!";"pabeigts!";"baigta!";"завршено!";"selesai!";"പൂർത്തിയായി!";"पूर्ण!";"дууслаа!";"पूरा भयो!";"fullført!";"ସମ୍ପୂର୍ଣ୍ଣ!";"کامل شد!";"ukończono!";"concluído!";"ਪੂਰਾ!";"complet!";"готово!";"završeno!";"සම්පූර්ණයි!";"hotovo!";"končano!";"¡completado!";"imekamilika!";"klart!";"முடிந்தது!";"పూర్తయింది!";"เสร็จแล้ว!";"ཚར་སོང་!";"tamamlandı!";"завершено!";"مکمل!";"تامام!";"tugadi!";"hoàn thành!";"wedi'i gwblhau!";"kuqediwe!"
"game.end.gameOverTitle";"";"On the end-of-level card: a title, or a button under it. Aim for 22 characters or fewer.";"Game over";"Game over";"Spel verby";"Loja mbaroi";"ጨዋታው አልቋል";"انتهت اللعبة";"Խաղն ավարտվեց";"খেল শেষ";"Oyun bitdi";"Jokoa amaitu da";"Гульня скончана";"খেলা শেষ";"Kraj igre";"Край на играта";"ဂိမ်းပြီးပြီ";"Fi del joc";"游戏结束";"Kraj igre";"Konec hry";"Spillet er slut";"Mäng läbi";"Spælið er liðugt";"Peli ohi";"Partie finie";"Fin do xogo";"თამაში დასრულდა";"Spiel vorbei";"Τέλος παιχνιδιού";"રમત પૂરી";"המשחק נגמר";"खेल खत्म";"Játék vége";"Leik lokið";"Permainan selesai";"Cluiche thart";"Game over";"ゲームオーバー";"ಆಟ ಮುಗಿತು";"Ойын аяқталды";"ចប់ហ្គេម";"게임 종료";"ເກມຈົບ";"Spēle beigusies";"Žaidimas baigtas";"Крај на играта";"Permainan tamat";"കളി കഴിഞ്ഞു";"खेळ संपला";"Тоглоом дууслаа";"खेल सकियो";"Spillet er slutt";"ଖେଳ ଶେଷ";"پایان بازی";"Koniec gry";"Fim do jogo";"ਖੇਡ ਖਤਮ";"Joc încheiat";"Игра окончена";"Kraj igre";"ක්‍රීඩාව අවසන්";"Koniec hry";"Konec igre";"Fin del juego";"Mchezo umeisha";"Spelet är slut";"ஆட்டம் முடிந்தது";"ఆట ముగిసింది";"จบเกม";"རྩེད་མོ་ཚར་སོང་།";"Oyun bitti";"Гру завершено";"کھیل ختم";"ئويۇن ئاخىرلاشتى";"O‘yin tugadi";"Hết lượt";"Diwedd y gêm";"Umdlalo uphelile"
"game.end.mainMenu";"";"On the end-of-level card: a title, or a button under it. Aim for 22 characters or fewer.";"Main menu";"Hoofdmenu";"Hoofkieslys";"Menyja kryesore";"ዋና ምናሌ";"القائمة الرئيسية";"Գլխավոր ընտրացանկ";"মূল মেনু";"Əsas menyu";"Menu nagusia";"Галоўнае меню";"মূল মেনু";"Glavni meni";"Главно меню";"ပင်မမီနူး";"Menú principal";"主菜单";"Glavni izbornik";"Hlavní nabídka";"Hovedmenu";"Peamenüü";"Høvuðsvalmynd";"Päävalikko";"Menu principal";"Menú principal";"მთავარი მენიუ";"Hauptmenü";"Κύριο μενού";"મુખ્ય મેનુ";"תפריט ראשי";"मुख्य मेन्यू";"Főmenü";"Aðalvalmynd";"Menu utama";"Príomh-roghchlár";"Menu principale";"メインメニュー";"ಮುಖ್ಯ ಮೆನು";"Басты мәзір";"ម៉ឺនុយមេ";"메인 메뉴";"ເມນູຫຼັກ";"Galvenā izvēlne";"Pagrindinis meniu";"Главно мени";"Menu utama";"പ്രധാന മെനു";"मुख्य मेनू";"Үндсэн цэс";"मुख्य मेनु";"Hovedmeny";"ମୁଖ୍ୟ ମେନୁ";"منوی اصلی";"Menu główne";"Menu principal";"ਮੁੱਖ ਮੀਨੂ";"Meniu principal";"Главное меню";"Glavni meni";"ප්‍රධාන මෙනුව";"Hlavné menu";"Glavni meni";"Menú principal";"Menyu kuu";"Huvudmeny";"முதன்மை மெனு";"ప్రధాన మెనూ";"เมนูหลัก";"གཙོ་ངོས";"Ana menü";"Головне меню";"مرکزی مینو";"باش تىزىملىك";"Asosiy menyu";"Menu chính";"Prif ddewislen";"Imenyu enkulu"
"game.end.playAgain";"";"On the end-of-level card: a title, or a button under it. Aim for 22 characters or fewer.";"Play again";"Nog een keer";"Speel weer";"Luaj përsëri";"እንደገና ተጫወት";"العب مجددًا";"Կրկին խաղալ";"আকৌ খেলা";"Yenidən oyna";"Jokatu berriro";"Яшчэ раз";"আবার খেলো";"Igraj ponovo";"Играй пак";"ထပ်ကစား";"Torna-hi";"再玩一次";"Igraj ponovno";"Hrát znovu";"Spil igen";"Mängi uuesti";"Spæl aftur";"Pelaa uudelleen";"Rejouer";"Xogar de novo";"კიდევ ითამაშე";"Noch einmal";"Παίξε ξανά";"ફરી રમો";"לשחק שוב";"फिर खेलें";"Újra";"Spila aftur";"Main lagi";"Imir arís";"Gioca ancora";"もう一度";"ಮತ್ತೆ ಆಡು";"Қайта ойнау";"លេងម្តងទៀត";"다시 하기";"ຫຼິ້ນອີກ";"Spēlēt vēlreiz";"Žaisti dar kartą";"Играј пак";"Main lagi";"വീണ്ടും കളിക്കൂ";"पुन्हा खेळ";"Дахин тоглох";"फेरि खेल";"Spill igjen";"ପୁଣି ଖେଳ";"دوباره بازی کن";"Zagraj ponownie";"Jogar de novo";"ਫਿਰ ਖੇਡੋ";"Joacă din nou";"Ещё раз";"Igraj ponovo";"නැවත ක්‍රීඩා කරන්න";"Hrať znova";"Igraj znova";"Jugar otra vez";"Cheza tena";"Spela igen";"மீண்டும் ஆடு";"మళ్లీ ఆడు";"เล่นอีกครั้ง";"ཡང་བསྐྱར་རྩེ";"Tekrar oyna";"Ще раз";"پھر کھیلیں";"قايتا ئوينا";"Yana o‘yna";"Chơi lại";"Chwarae eto";"Dlala futhi"
"game.highScore";"";"Shown over the game board while playing. Aim for 22 characters or fewer.";"Record";"Record";"Toptelling";"Rekordi";"ከፍተኛ ውጤት";"أعلى نتيجة";"Լավագույն հաշիվ";"সৰ্বোচ্চ স্ক’ৰ";"Rekord";"Errekorra";"Рэкорд";"সেরা স্কোর";"Rekord";"Рекорд";"အမြင့်ဆုံးအမှတ်";"Rècord";"最高分";"Rekord";"Rekord";"Topscore";"Rekord";"Met";"Ennätys";"Meilleur score";"Récord";"საუკეთესო ქულა";"Bestleistung";"Ρεκόρ";"ઉચ્ચ સ્કોર";"שיא";"सर्वोच्च स्कोर";"Rekord";"Met";"Rekor";"Scór is airde";"Record";"ハイスコア";"ಅತ್ಯುತ್ತಮ ಅಂಕ";"Үздік ұпай";"ពិន្ទុខ្ពស់";"최고 점수";"ຄະແນນສູງສຸດ";"Rekords";"Rekordas";"Рекорд";"Rekod";"മികച്ച സ്കോർ";"सर्वोच्च गुण";"Дээд оноо";"उच्च स्कोर";"Rekord";"ସର୍ବୋଚ୍ଚ ସ୍କୋର";"رکورد";"Rekord";"Recorde";"ਸਭ ਤੋਂ ਵੱਧ ਸਕੋਰ";"Record";"Рекорд";"Rekord";"ඉහළම ලකුණු";"Rekord";"Rekord";"Récord";"Rekodi bora";"Rekord";"அதிகபட்ச மதிப்பெண்";"అత్యధిక స్కోరు";"คะแนนสูงสุด";"སྐར་མ་མཐོ་ཤོས";"Rekor";"Рекорд";"بہترین اسکور";"ئەڭ يۇقىرى نومۇر";"Rekord";"Điểm cao";"Sgôr uchaf";"Irekhodi"
"game.intro.backToMainMenu";"";"The level-intro card. Titles are set in a large heavy face and shrink rather than wrap, so short is better. Aim for 32 characters or fewer.";"Back to the main menu";"Terug naar het hoofdmenu";"Terug na hoofkieslys";"Kthehu te menyja kryesore";"ወደ ዋና ምናሌ ተመለስ";"العودة للقائمة الرئيسية";"Դեպի գլխավոր ընտրացանկ";"মূল মেনুলৈ উভতি যাওক";"Əsas menyuya qayıt";"Menu nagusira";"У галоўнае меню";"মূল মেনুতে ফেরো";"Natrag na glavni meni";"Към главното меню";"ပင်မမီနူးသို့ ပြန်ရန်";"Torna al menú principal";"返回主菜单";"Natrag na glavni izbornik";"Zpět do hlavní nabídky";"Tilbage til hovedmenuen";"Tagasi peamenüüsse";"Aftur til høvuðsvalmynd";"Takaisin päävalikkoon";"Retour au menu principal";"Volver ao menú principal";"მთავარ მენიუში დაბრუნება";"Zurück zum Hauptmenü";"Πίσω στο κύριο μενού";"મુખ્ય મેનુ પર પાછા";"חזרה לתפריט הראשי";"मुख्य मेन्यू पर वापस";"Vissza a főmenübe";"Til baka í aðalvalmynd";"Kembali ke menu utama";"Ar ais chuig an bpríomh-roghchlár";"Torna al menu principale";"メインメニューにもどる";"ಮುಖ್ಯ ಮೆನುಗೆ ಹಿಂತಿರುಗು";"Басты мәзірге қайту";"ត្រឡប់ទៅម៉ឺនុយមេ";"메인 메뉴로";"ກັບເມນູຫຼັກ";"Atpakaļ uz galveno izvēlni";"Grįžti į pagrindinį meniu";"Назад во главното мени";"Kembali ke menu utama";"പ്രധാന മെനുവിലേക്ക്";"मुख्य मेनूवर परत";"Үндсэн цэс рүү буцах";"मुख्य मेनुमा फर्क";"Tilbake til hovedmenyen";"ମୁଖ୍ୟ ମେନୁକୁ ଫେର";"بازگشت به منوی اصلی";"Wróć do menu głównego";"Voltar ao menu principal";"ਮੁੱਖ ਮੀਨੂ ਵੱਲ";"Înapoi la meniul principal";"В главное меню";"Nazad na glavni meni";"ප්‍රධාන මෙනුවට ආපසු";"Späť do hlavného menu";"Nazaj v glavni meni";"Volver al menú principal";"Rudi kwenye menyu kuu";"Till huvudmenyn";"முதன்மை மெனுவுக்குத் திரும்பு";"ప్రధాన మెనూకు వెళ్లు";"กลับเมนูหลัก";"གཙོ་ངོས་སུ་ཕྱིར་ལོག";"Ana menüye dön";"Назад до меню";"مرکزی مینو پر واپس";"باش تىزىملىككە قايت";"Asosiy menyuga qaytish";"Về menu chính";"Nôl i'r brif ddewislen";"Buyela kumenyu enkulu"
"game.intro.continue";"";"The level-intro card. Titles are set in a large heavy face and shrink rather than wrap, so short is better. Aim for 20 characters or fewer.";"Continue";"Verdergaan";"Speel verder";"Vazhdo";"መጫወትህን ቀጥል";"متابعة اللعب";"Շարունակել";"আগবাঢ়া";"Davam et";"Jarraitu";"Працягнуць";"চালিয়ে যাও";"Nastavi";"Продължи";"ဆက်ကစား";"Continua";"继续";"Nastavi";"Pokračovat";"Fortsæt";"Jätka";"Halt fram";"Jatka";"Continuer";"Continuar";"გაგრძელება";"Weiterspielen";"Συνέχεια";"આગળ રમો";"המשך";"आगे खेलें";"Folytatás";"Halda áfram";"Lanjut bermain";"Lean ar aghaidh";"Continua";"つづきから";"ಮುಂದುವರಿಸು";"Жалғастыру";"បន្តលេង";"계속하기";"ຫຼິ້ນຕໍ່";"Turpināt";"Tęsti";"Продолжи";"Teruskan";"തുടർന്ന് കളിക്കൂ";"पुढे खेळ";"Үргэлжлүүлэн тоглох";"जारी राख";"Fortsett";"ଆଗକୁ ଖେଳ";"ادامه";"Graj dalej";"Continuar";"ਅੱਗੇ ਖੇਡੋ";"Continuă";"Продолжить";"Nastavi";"දිගටම ක්‍රීඩා කරන්න";"Pokračovať";"Nadaljuj";"Continuar";"Endelea";"Fortsätt";"தொடர்ந்து ஆடு";"కొనసాగించు";"เล่นต่อ";"མུ་མཐུད་རྩེ";"Devam et";"Продовжити";"جاری رکھیں";"داۋاملاشتۇر";"Davom et";"Chơi tiếp";"Parhau";"Qhubeka"
"game.intro.progressPaused";"";"The level-intro card. Titles are set in a large heavy face and shrink rather than wrap, so short is better. Aim for 36 characters or fewer.";"Your progress is paused.";"Je voortgang is gepauzeerd.";"Jou vordering is gepouseer.";"Progresi është ndalur.";"እድገትህ ቆሟል።";"توقف تقدمك مؤقتًا.";"Առաջընթացը դադարեցված է։";"তোমাৰ অগ্ৰগতি ৰৈ আছে।";"İrəliləyiş dayandırılıb.";"Zure aurrerapena pausatuta dago.";"Прагрэс прыпынены.";"তোমার অগ্রগতি থেমে আছে।";"Napredak je pauziran.";"Напредъкът е на пауза.";"တိုးတက်မှုကို ခဏရပ်ထားတယ်။";"El teu progrés està pausat.";"进度已暂停。";"Napredak je pauziran.";"Postup je pozastavený.";"Din fremgang er sat på pause.";"Sinu edenemine on pausil.";"Framstigið er steðgað.";"Edistymisesi on tauolla.";"Progression en pause.";"O teu progreso está en pausa.";"შენი პროგრესი შეჩერებულია.";"Dein Fortschritt pausiert.";"Η πρόοδός σου σταμάτησε.";"તમારી પ્રગતિ થોભી છે.";"ההתקדמות שלך מושהית.";"प्रगति रुकी है।";"A haladás szünetel.";"Framvindan er í bið.";"Progresmu dijeda.";"Tá do dhul chun cinn ar sos.";"Progressi in pausa.";"つづきは一時停止中。";"ನಿನ್ನ ಪ್ರಗತಿ ನಿಂತಿದೆ.";"Ойының кідіртілді.";"ការលេងបានផ្អាក។";"진행 일시정지";"ຄວາມຄືບໜ້າຖືກຢຸດໄວ້.";"Tavs progress ir apturēts.";"Tavo pažanga pristabdyta.";"Напредокот е паузиран.";"Kemajuan dijeda.";"നിന്റെ പുരോഗതി നിർത്തിവച്ചു.";"तुझी प्रगती थांबली आहे.";"Ахиц түр зогссон.";"तिम्रो प्रगति रोकिएको छ।";"Fremgangen er satt på pause.";"ତୁମର ପ୍ରଗତି ବିରତିରେ ଅଛି।";"پیشرفتت متوقف شده.";"Postęp wstrzymany.";"O teu progresso está em pausa.";"ਤੁਹਾਡੀ ਤਰੱਕੀ ਰੁਕੀ ਹੋਈ ਹੈ।";"Progresul e în pauză.";"Игра на паузе.";"Napredak je pauziran.";"ඔයාගේ ප්‍රගතිය නවත්තලා.";"Tvoj postup je pozastavený.";"Napredek je začasno ustavljen.";"Tu progreso está en pausa.";"Maendeleo yamesitishwa.";"Dina framsteg är pausade.";"உங்கள் முன்னேற்றம் நிறுத்தப்பட்டுள்ளது.";"నీ పురోగతి ఆగింది.";"พักความคืบหน้าไว้";"ཁྱེད་ཀྱི་མདུན་སྐྱོད་མཚམས་བཞག་ཡོད།";"İlerlemen duraklatıldı.";"Прогрес призупинено.";"آپ کی پیش رفت رکی ہوئی ہے۔";"ئىلگىرىلىشىڭ توختىتىلدى.";"O‘yining to‘xtab turibdi.";"Tiến độ đang tạm dừng.";"Mae dy gynnydd wedi’i oedi.";"Inqubekela phambili imisiwe."
"game.intro.start";"";"The level-intro card. Titles are set in a large heavy face and shrink rather than wrap, so short is better. Aim for 20 characters or fewer.";"Start";"Starten";"Begin vlak";"Fillo nivelin";"ደረጃውን ጀምር";"ابدأ المستوى";"Սկսել մակարդակը";"লেভেল আৰম্ভ";"Səviyyəyə başla";"Hasi maila";"Пачаць узровень";"লেভেল শুরু";"Pokreni nivo";"Начало на нивото";"အဆင့်စရန်";"Comença el nivell";"开始关卡";"Pokreni razinu";"Spustit úroveň";"Start bane";"Alusta taset";"Byrja stig";"Aloita taso";"Commencer le niveau";"Comezar nivel";"დონის დაწყება";"Level starten";"Έναρξη επιπέδου";"લેવલ શરૂ કરો";"התחלת שלב";"स्तर शुरू करें";"Szint indítása";"Byrja borð";"Mulai level";"Tosaigh an leibhéal";"Inizia il livello";"レベルをはじめる";"ಹಂತ ಆರಂಭಿಸು";"Деңгейді бастау";"ចាប់ផ្តើមកម្រិត";"레벨 시작";"ເລີ່ມດ່ານ";"Sākt līmeni";"Pradėti lygį";"Почни ниво";"Mula tahap";"ലെവൽ തുടങ്ങൂ";"स्तर सुरू कर";"Түвшинг эхлүүлэх";"लेभल सुरु";"Start nivå";"ଲେଭେଲ୍ ଆରମ୍ଭ";"شروع مرحله";"Zacznij poziom";"Começar nível";"ਲੈਵਲ ਸ਼ੁਰੂ ਕਰੋ";"Începe nivelul";"Начать уровень";"Pokreni nivo";"මට්ටම අරඹන්න";"Spustiť úroveň";"Začni stopnjo";"Empezar nivel";"Anza kiwango";"Starta nivån";"நிலையைத் தொடங்கு";"లెవల్ ప్రారంభించు";"เริ่มด่าน";"རིམ་པ་འགོ་འཛུགས";"Seviyeyi başlat";"Почати рівень";"لیول شروع کریں";"دەرىجىنى باشلا";"Bosqichni boshlash";"Bắt đầu màn";"Dechrau'r lefel";"Qala ileveli"
"game.intro.startTutorial";"";"The level-intro card. Titles are set in a large heavy face and shrink rather than wrap, so short is better. Aim for 20 characters or fewer.";"Start tutorial";"Start tutorial";"Begin tutoriaal";"Fillo udhëzimin";"መማሪያውን ጀምር";"ابدأ التدريب";"Սկսել ուսուցումը";"টিউটোৰিয়েল আৰম্ভ";"Təlimə başla";"Hasi tutoriala";"Пачаць навучанне";"টিউটোরিয়াল শুরু";"Pokreni uputstvo";"Започни урока";"သင်ခန်းစာ စမယ်";"Inicia el tutorial";"开始教程";"Pokreni upute";"Spustit návod";"Start guide";"Alusta õpetust";"Byrja vegleiðing";"Aloita opastus";"Lancer le tuto";"Comezar tutorial";"გაკვეთილის დაწყება";"Tutorial starten";"Ξεκίνα οδηγό";"ટ્યુટોરિયલ શરૂ કરો";"להתחיל הדרכה";"ट्यूटोरियल शुरू करो";"Oktató indítása";"Byrja kennslu";"Mulai tutorial";"Tosaigh an treoir";"Avvia tutorial";"チュートリアル開始";"ಟ್ಯುಟೋರಿಯಲ್ ಆರಂಭಿಸು";"Үйретуді бастау";"ចាប់ផ្តើមណែនាំ";"튜토리얼 시작";"ເລີ່ມສອນ";"Sākt pamācību";"Pradėti pamokėlę";"Почни упатство";"Mula tutorial";"ട്യൂട്ടോറിയൽ തുടങ്ങൂ";"ट्युटोरियल सुरू करा";"Заавар эхлүүлэх";"ट्युटोरियल सुरु";"Start veiledning";"ଟ୍ୟୁଟୋରିଆଲ୍ ଆରମ୍ଭ";"شروع آموزش";"Start samouczka";"Iniciar tutorial";"ਟਿਊਟੋਰਿਅਲ ਸ਼ੁਰੂ ਕਰੋ";"Începe tutorialul";"Начать обучение";"Pokreni uputstvo";"පුහුණුව අරඹන්න";"Spustiť návod";"Začni vadnico";"Empezar tutorial";"Anza mafunzo";"Starta guide";"பயிற்சி தொடங்கு";"ట్యుటోరియల్ మొదలు";"เริ่มสอนเล่น";"སློབ་ཁྲིད་འགོ་འཛུགས";"Eğitimi başlat";"Почати навчання";"ٹیوٹوریل شروع کریں";"قوللانمىنى باشلا";"O‘rgatishni boshlash";"Bắt đầu hướng dẫn";"Dechrau’r tiwtorial";"Qala ukufundiswa"
"goal.period";"";"In the settings sheet. The info lines sit under a group and may wrap. Aim for 90 characters or fewer.";"Period";"Periode";"Doeltydperk";"Periudha e objektivit";"የግብ ጊዜ";"فترة الهدف";"Նպատակի շրջան";"লক্ষ্যৰ সময়";"Hədəf müddəti";"Helburu-epea";"Перыяд мэты";"লক্ষ্যের সময়কাল";"Period cilja";"Период на целта";"ပန်းတိုင်ကာလ";"Període de l’objectiu";"目标周期";"Razdoblje cilja";"Období cíle";"Målperiode";"Eesmärgi periood";"Málskeið";"Tavoitejakso";"Période de l’objectif";"Período do obxectivo";"მიზნის პერიოდი";"Zielzeitraum";"Περίοδος στόχου";"લક્ષ્ય સમયગાળો";"תקופת היעד";"लक्ष्य अवधि";"Cél időszaka";"Marktímabil";"Periode target";"Tréimhse sprice";"Periodo obiettivo";"目標の期間";"ಗುರಿಯ ಅವಧಿ";"Мақсат кезеңі";"រយៈពេលគោលដៅ";"목표 기간";"ໄລຍະເປົ້າໝາຍ";"Mērķa periods";"Tikslo laikotarpis";"Период на целта";"Tempoh sasaran";"ലക്ഷ്യകാലം";"ध्येय कालावधी";"Зорилгын хугацаа";"लक्ष्य अवधि";"Målperiode";"ଲକ୍ଷ୍ୟ ସମୟ";"بازهٔ هدف";"Okres celu";"Período da meta";"ਟੀਚੇ ਦੀ ਮਿਆਦ";"Perioada obiectivului";"Период цели";"Period cilja";"ඉලක්ක කාලය";"Obdobie cieľa";"Obdobje cilja";"Periodo del objetivo";"Kipindi cha lengo";"Målperiod";"இலக்கு காலம்";"లక్ష్య కాలం";"ช่วงเป้าหมาย";"དམིགས་ཡུན";"Hedef dönemi";"Період цілі";"ہدف کی مدت";"نىشان مۇددىتى";"Maqsad davri";"Khoảng thời gian";"Cyfnod y nod";"Isikhathi somgomo"
"goal.promptDaily";"";"In the settings sheet. The info lines sit under a group and may wrap. Aim for 90 characters or fewer.";"How many minutes a day would you like to play?";"Hoeveel minuten per dag wil je spelen?";"Hoeveel minute wil jy elke dag speel?";"Sa minuta dëshiron të luash çdo ditë?";"በቀን ስንት ደቂቃ መጫወት ትፈልጋለህ?";"كم دقيقة تريد أن تلعب يوميًا؟";"Օրական քանի՞ րոպե ես ուզում խաղալ։";"দিনে কিমান মিনিট খেলিব খোজা?";"Gündə neçə dəqiqə oynamaq istəyirsən?";"Zenbat minutuz jokatu nahi duzu egunean?";"Колькі хвілін ты хочаш гуляць штодня?";"প্রতিদিন কত মিনিট খেলতে চাও?";"Koliko minuta želiš igrati dnevno?";"Колко минути искаш да играеш на ден?";"တစ်နေ့ကို ဘယ်နှမိနစ် ကစားချင်လဲ။";"Quants minuts vols jugar cada dia?";"你每天想玩几分钟？";"Koliko minuta želiš igrati svaki dan?";"Kolik minut chceš hrát každý den?";"Hvor mange minutter vil du spille om dagen?";"Mitu minutit tahad päevas mängida?";"Hvussu nógvar minuttir vilt tú spæla um dagin?";"Kuinka monta minuuttia haluat pelata päivässä?";"Combien de minutes veux-tu jouer par jour ?";"Cantos minutos queres xogar ao día?";"დღეში რამდენი წუთი გინდა ითამაშო?";"Wie viele Minuten möchtest du täglich spielen?";"Πόσα λεπτά θέλεις να παίζεις κάθε μέρα;";"તમે દરરોજ કેટલા મિનિટ રમવા માંગો છો?";"כמה דקות תרצו לשחק בכל יום?";"हर दिन कितने मिनट खेलना चाहते हो?";"Hány percet szeretnél játszani naponta?";"Hve margar mínútur viltu spila á dag?";"Berapa menit kamu ingin bermain setiap hari?";"Cé mhéad nóiméad ar mhaith leat imirt gach lá?";"Quanti minuti vuoi giocare al giorno?";"1日に何分あそびたい？";"ದಿನಕ್ಕೆ ಎಷ್ಟು ನಿಮಿಷ ಆಡಲು ಬಯಸುತ್ತೀಯ?";"Күніне неше минут ойнағың келеді?";"អ្នកចង់លេងប៉ុន្មាននាទីក្នុងមួយថ្ងៃ?";"하루에 몇 분 동안 놀고 싶나요?";"ຢາກຫຼິ້ນມື້ລະຈັກນາທີ?";"Cik minūtes dienā vēlies spēlēt?";"Kiek minučių per dieną nori žaisti?";"Колку минути сакаш да играш дневно?";"Berapa minit kamu mahu bermain setiap hari?";"ദിവസം എത്ര മിനിറ്റ് കളിക്കണം?";"दररोज किती मिनिटे खेळायचे?";"Өдөрт хэдэн минут тоглох вэ?";"दिनमा कति मिनेट खेल्न चाहन्छौ?";"Hvor mange minutter vil du spille hver dag?";"ଦିନକୁ କେତେ ମିନିଟ୍ ଖେଳିବାକୁ ଚାହୁଁଛ?";"روزانه چند دقیقه می‌خواهی بازی کنی؟";"Ile minut dziennie chcesz grać?";"Quantos minutos queres jogar por dia?";"ਤੁਸੀਂ ਹਰ ਰੋਜ਼ ਕਿੰਨੇ ਮਿੰਟ ਖੇਡਣਾ ਚਾਹੁੰਦੇ ਹੋ?";"Câte minute vrei să te joci pe zi?";"Сколько минут в день ты хочешь играть?";"Koliko minuta želiš da igraš dnevno?";"දිනකට මිනිත්තු කීයක් ක්‍රීඩා කරන්නද?";"Koľko minút chceš hrať denne?";"Koliko minut želiš igrati na dan?";"¿Cuántos minutos quieres jugar al día?";"Unataka kucheza dakika ngapi kwa siku?";"Hur många minuter vill du spela per dag?";"ஒரு நாளில் எத்தனை நிமிடங்கள் விளையாட விரும்புகிறாய்?";"రోజుకు ఎన్ని నిమిషాలు ఆడాలనుకుంటున్నావు?";"อยากเล่นวันละกี่นาที?";"ཉིན་རེར་སྐར་མ་ག་ཚོད་རྩེ་འདོད་དམ།";"Günde kaç dakika oynamak istiyorsun?";"Скільки хвилин на день ти хочеш грати?";"روز کتنے منٹ کھیلنا چاہتے ہیں؟";"كۈنىگە قانچە مىنۇت ئوينىماقچىسەن؟";"Kuniga necha daqiqa o‘ynashni xohlaysan?";"Bạn muốn chơi bao nhiêu phút mỗi ngày?";"Sawl munud wyt ti eisiau chwarae bob dydd?";"Ufuna ukudlala imizuzu emingaki ngosuku?"
"goal.promptWeekly";"";"In the settings sheet. The info lines sit under a group and may wrap. Aim for 90 characters or fewer.";"How many minutes a week would you like to play?";"Hoeveel minuten per week wil je spelen?";"Hoeveel minute wil jy elke week speel?";"Sa minuta dëshiron të luash çdo javë?";"በሳምንት ስንት ደቂቃ መጫወት ትፈልጋለህ?";"كم دقيقة تريد أن تلعب أسبوعيًا؟";"Շաբաթական քանի՞ րոպե ես ուզում խաղալ։";"সপ্তাহত কিমান মিনিট খেলিব খোজা?";"Həftədə neçə dəqiqə oynamaq istəyirsən?";"Zenbat minutuz jokatu nahi duzu astean?";"Колькі хвілін ты хочаш гуляць штотыдзень?";"প্রতি সপ্তাহে কত মিনিট খেলতে চাও?";"Koliko minuta želiš igrati sedmično?";"Колко минути искаш да играеш на седмица?";"တစ်ပတ်ကို ဘယ်နှမိနစ် ကစားချင်လဲ။";"Quants minuts vols jugar cada setmana?";"你每周想玩几分钟？";"Koliko minuta želiš igrati svaki tjedan?";"Kolik minut chceš hrát každý týden?";"Hvor mange minutter vil du spille om ugen?";"Mitu minutit tahad nädalas mängida?";"Hvussu nógvar minuttir vilt tú spæla um vikuna?";"Kuinka monta minuuttia haluat pelata viikossa?";"Combien de minutes veux-tu jouer par semaine ?";"Cantos minutos queres xogar á semana?";"კვირაში რამდენი წუთი გინდა ითამაშო?";"Wie viele Minuten möchtest du pro Woche spielen?";"Πόσα λεπτά θέλεις να παίζεις κάθε εβδομάδα;";"તમે દર અઠવાડિયે કેટલા મિનિટ રમવા માંગો છો?";"כמה דקות תרצו לשחק בכל שבוע?";"हर हफ्ते कितने मिनट खेलना चाहते हो?";"Hány percet szeretnél játszani hetente?";"Hve margar mínútur viltu spila á viku?";"Berapa menit kamu ingin bermain setiap minggu?";"Cé mhéad nóiméad ar mhaith leat imirt gach seachtain?";"Quanti minuti vuoi giocare alla settimana?";"1週間に何分あそびたい？";"ವಾರಕ್ಕೆ ಎಷ್ಟು ನಿಮಿಷ ಆಡಲು ಬಯಸುತ್ತೀಯ?";"Аптасына неше минут ойнағың келеді?";"អ្នកចង់លេងប៉ុន្មាននាទីក្នុងមួយសប្ដាហ៍?";"일주일에 몇 분 동안 놀고 싶나요?";"ຢາກຫຼິ້ນອາທິດລະຈັກນາທີ?";"Cik minūtes nedēļā vēlies spēlēt?";"Kiek minučių per savaitę nori žaisti?";"Колку минути сакаш да играш неделно?";"Berapa minit kamu mahu bermain setiap minggu?";"ആഴ്ചയിൽ എത്ര മിനിറ്റ് കളിക്കണം?";"दर आठवड्याला किती मिनिटे खेळायचे?";"Долоо хоногт хэдэн минут тоглох вэ?";"हप्तामा कति मिनेट खेल्न चाहन्छौ?";"Hvor mange minutter vil du spille hver uke?";"ସପ୍ତାହକୁ କେତେ ମିନିଟ୍ ଖେଳିବାକୁ ଚାହୁଁଛ?";"هفته‌ای چند دقیقه می‌خواهی بازی کنی؟";"Ile minut tygodniowo chcesz grać?";"Quantos minutos queres jogar por semana?";"ਤੁਸੀਂ ਹਰ ਹਫ਼ਤੇ ਕਿੰਨੇ ਮਿੰਟ ਖੇਡਣਾ ਚਾਹੁੰਦੇ ਹੋ?";"Câte minute vrei să te joci pe săptămână?";"Сколько минут в неделю ты хочешь играть?";"Koliko minuta želiš da igraš nedeljno?";"සතියකට මිනිත්තු කීයක් ක්‍රීඩා කරන්නද?";"Koľko minút chceš hrať týždenne?";"Koliko minut želiš igrati na teden?";"¿Cuántos minutos quieres jugar a la semana?";"Unataka kucheza dakika ngapi kwa wiki?";"Hur många minuter vill du spela per vecka?";"ஒரு வாரத்தில் எத்தனை நிமிடங்கள் விளையாட விரும்புகிறாய்?";"వారానికి ఎన్ని నిమిషాలు ఆడాలనుకుంటున్నావు?";"อยากเล่นสัปดาห์ละกี่นาที?";"བདུན་རེར་སྐར་མ་ག་ཚོད་རྩེ་འདོད་དམ།";"Haftada kaç dakika oynamak istiyorsun?";"Скільки хвилин на тиждень ти хочеш грати?";"ہفتے میں کتنے منٹ کھیلنا چاہتے ہیں؟";"ھەپتىگە قانچە مىنۇت ئوينىماقچىسەن؟";"Haftasiga necha daqiqa o‘ynashni xohlaysan?";"Bạn muốn chơi bao nhiêu phút mỗi tuần?";"Sawl munud wyt ti eisiau chwarae bob wythnos?";"Ufuna ukudlala imizuzu emingaki ngesonto?"
"goal.title";"";"In the settings sheet. The info lines sit under a group and may wrap. Aim for 90 characters or fewer.";"Play goal";"Speeldoel";"Speeldoel";"Objektivi i lojës";"የጨዋታ ግብ";"هدف اللعب";"Խաղի նպատակ";"খেলৰ লক্ষ্য";"Oyun hədəfi";"Jolas-helburua";"Мэта гульні";"খেলার লক্ষ্য";"Cilj igranja";"Цел за игра";"ကစားချိန်ပန်းတိုင်";"Objectiu de joc";"游戏目标";"Cilj igranja";"Herní cíl";"Spillemål";"Mängueesmärk";"Spælimál";"Pelitavoite";"Objectif de jeu";"Obxectivo de xogo";"თამაშის მიზანი";"Spielziel";"Στόχος παιχνιδιού";"રમતનું લક્ષ્ય";"יעד משחק";"खेल लक्ष्य";"Játékcél";"Spilamarkmið";"Target bermain";"Sprioc imeartha";"Obiettivo di gioco";"あそぶ目標";"ಆಟದ ಗುರಿ";"Ойын мақсаты";"គោលដៅលេង";"놀이 목표";"ເປົ້າໝາຍການຫຼິ້ນ";"Spēles mērķis";"Žaidimo tikslas";"Цел за играње";"Sasaran main";"കളിലക്ഷ്യം";"खेळाचे ध्येय";"Тоглох зорилго";"खेल लक्ष्य";"Spillemål";"ଖେଳ ଲକ୍ଷ୍ୟ";"هدف بازی";"Cel gry";"Meta de jogo";"ਖੇਡਣ ਦਾ ਟੀਚਾ";"Obiectiv de joc";"Цель игры";"Cilj igranja";"ක්‍රීඩා ඉලක්කය";"Herný cieľ";"Igralni cilj";"Objetivo de juego";"Lengo la kucheza";"Spelmål";"விளையாட்டு இலக்கு";"ఆట లక్ష్యం";"เป้าหมายการเล่น";"རྩེད་མོའི་དམིགས་ཡུལ";"Oyun hedefi";"Ігрова ціль";"کھیل کا ہدف";"ئويۇن نىشانى";"O‘yin maqsadi";"Mục tiêu chơi";"Nod chwarae";"Umgomo wokudlala"
"goalPeriod.daily";"";"In the settings sheet. The info lines sit under a group and may wrap. Aim for 90 characters or fewer.";"Daily";"Dagelijks";"Daagliks";"Çdo ditë";"በየቀኑ";"يوميًا";"Օրական";"দৈনিক";"Gündəlik";"Egunero";"Штодня";"দৈনিক";"Dnevno";"Всеки ден";"နေ့စဉ်";"Diari";"每天";"Dnevno";"Denně";"Dagligt";"Iga päev";"Dagliga";"Päivittäin";"Chaque jour";"Diario";"ყოველდღე";"Täglich";"Καθημερινά";"દરરોજ";"יומי";"रोज़";"Naponta";"Daglega";"Harian";"Gach lá";"Giornaliero";"毎日";"ಪ್ರತಿದಿನ";"Күн сайын";"ប្រចាំថ្ងៃ";"매일";"ລາຍວັນ";"Katru dienu";"Kasdien";"Дневно";"Harian";"ദിവസേന";"दररोज";"Өдөр бүр";"दैनिक";"Daglig";"ଦୈନିକ";"روزانه";"Dziennie";"Diária";"ਰੋਜ਼ਾਨਾ";"Zilnic";"Ежедневно";"Dnevno";"දිනපතා";"Denne";"Dnevno";"Diario";"Kila siku";"Dagligen";"தினமும்";"రోజువారీ";"รายวัน";"ཉིན་རེ";"Günlük";"Щодня";"روزانہ";"كۈندىلىك";"Har kuni";"Hằng ngày";"Bob dydd";"Nsuku zonke"
"goalPeriod.weekly";"";"In the settings sheet. The info lines sit under a group and may wrap. Aim for 90 characters or fewer.";"Weekly";"Wekelijks";"Weekliks";"Çdo javë";"በየሳምንቱ";"أسبوعيًا";"Շաբաթական";"সাপ্তাহিক";"Həftəlik";"Astero";"Штотыдзень";"সাপ্তাহিক";"Sedmično";"Всяка седмица";"အပတ်စဉ်";"Setmanal";"每周";"Tjedno";"Týdně";"Ugentligt";"Iga nädal";"Vikuliga";"Viikoittain";"Chaque semaine";"Semanal";"ყოველკვირა";"Wöchentlich";"Εβδομαδιαία";"દર અઠવાડિયે";"שבועי";"हर हफ्ते";"Hetente";"Vikulega";"Mingguan";"Gach seachtain";"Settimanale";"毎週";"ಪ್ರತಿವಾರ";"Апта сайын";"ប្រចាំសប្ដាហ៍";"매주";"ລາຍອາທິດ";"Katru nedēļu";"Kas savaitę";"Неделно";"Mingguan";"ആഴ്ചതോറും";"दर आठवड्याला";"Долоо хоног бүр";"साप्ताहिक";"Ukentlig";"ସାପ୍ତାହିକ";"هفتگی";"Tygodniowo";"Semanal";"ਹਫ਼ਤਾਵਾਰੀ";"Săptămânal";"Еженедельно";"Nedeljno";"සතිපතා";"Týždenne";"Tedensko";"Semanal";"Kila wiki";"Varje vecka";"வாரமும்";"వారానికొకసారి";"รายสัปดาห์";"བདུན་རེ";"Haftalık";"Щотижня";"ہفتہ وار";"ھەپتىلىك";"Har hafta";"Hằng tuần";"Bob wythnos";"Masonto onke"
"home.cardsRemaining %lld";"";"In the menu header, beside a number. Extremely tight — this line must never wrap or truncate, and the layout shrinks it to fit. Aim for 12 characters or fewer. Keep 1× %lld (a number).";"%lld more";"nog %lld";"nog %lld";"edhe %lld";"ተጨማሪ %lld";"%lld أخرى";"ևս %lld";"আৰু %lld";"daha %lld";"%lld gehiago";"яшчэ %lld";"আর %lld";"još %lld";"още %lld";"နောက် %lld";"%lld més";"还差 %lld";"Još %lld";"ještě %lld";"%lld mere";"veel %lld";"%lld eftir";"vielä %lld";"Encore %lld";"%lld máis";"კიდევ %lld";"noch %lld";"άλλα %lld";"હજુ %lld";"עוד %lld";"%lld और";"még %lld";"%lld eftir";"%lld lagi";"%lld eile";"%lld in più";"あと%lld";"ಇನ್ನೂ %lld";"Тағы %lld";"%lld ទៀត";"%lld개 더";"ອີກ %lld";"vēl %lld";"dar %lld";"уште %lld";"%lld lagi";"ഇനി %lld";"आणखी %lld";"дахиад %lld";"अझै %lld";"%lld til";"ଆଉ %lld";"%lld تا دیگر";"jeszcze %lld";"mais %lld";"ਹੋਰ %lld";"încă %lld";"Ещё %lld";"još %lld";"තව %lld";"ešte %lld";"še %lld";"%lld más";"%lld zaidi";"%lld kvar";"இன்னும் %lld";"ఇంకా %lld";"อีก %lld";"ད་དུང %lld";"%lld daha";"ще %lld";"مزید %lld";"يەنە %lld";"Yana %lld";"Còn %lld";"%lld arall";"Kusele %lld"
"home.totalLabel";"";"In the menu header, beside a number. Extremely tight — this line must never wrap or truncate, and the layout shrinks it to fit. Aim for 12 characters or fewer.";"Total";"Totaal";"Totaal";"Gjithsej";"ጠቅላላ";"المجموع";"Ընդամենը";"মুঠ";"Cəmi";"Guztira";"Усяго";"মোট";"Ukupno";"Общо";"စုစုပေါင်း";"Total";"总计";"Ukupno";"Celkem";"I alt";"Kokku";"Í alt";"Yhteensä";"Total";"Total";"სულ";"Gesamt";"Σύνολο";"કુલ";"סה״כ";"कुल";"Összesen";"Samtals";"Total";"Iomlán";"Totale";"合計";"ಒಟ್ಟು";"Барлығы";"សរុប";"합계";"ລວມ";"Kopā";"Iš viso";"Вкупно";"Jumlah";"ആകെ";"एकूण";"Нийт";"जम्मा";"Totalt";"ମୋଟ";"مجموع";"Razem";"Total";"ਕੁੱਲ";"Total";"Всего";"Ukupno";"එකතුව";"Celkom";"Skupaj";"Total";"Jumla";"Totalt";"மொத்தம்";"మొత్తం";"รวม";"ཁྱོན་བསྡོམས";"Toplam";"Усього";"کل";"جەمئىي";"Jami";"Tổng";"Cyfanswm";"Isamba"
"info.mode.fractions.header";"";"The popup shown when a topic or mode button is tapped a second time. Aim for 55 characters or fewer.";"Parts";"Delen";"Dele";"Pjesë";"ክፍሎች";"الأجزاء";"Մասեր";"অংশ";"Hissələr";"Zatiak";"Часткі";"অংশ";"Dijelovi";"Части";"အပိုင်းများ";"Parts";"份数";"Dijelovi";"Části";"Dele";"Osad";"Partar";"Osat";"Parts";"Partes";"ნაწილები";"Teile";"Μέρη";"ભાગો";"חלקים";"भाग";"Részek";"Hlutar";"Bagian";"Codanna";"Parti";"パーツ";"ಭಾಗಗಳು";"Бөліктер";"ផ្នែក";"부분";"ສ່ວນ";"Daļas";"Dalys";"Делови";"Bahagian";"ഭാഗങ്ങൾ";"भाग";"Хэсэг";"भागहरू";"Deler";"ଅଂଶ";"بخش‌ها";"Części";"Partes";"ਹਿੱਸੇ";"Părți";"Части";"Delovi";"කොටස්";"Časti";"Deli";"Partes";"Sehemu";"Delar";"பகுதிகள்";"భాగాలు";"ส่วน";"ཆ་ཤས";"Parçalar";"Частини";"حصے";"بۆلەكلەر";"Qismlar";"Phần";"Rhannau";"Izingxenye"
"info.mode.fractions.multiple";"";"The popup shown when a topic or mode button is tapped a second time. Aim for 55 characters or fewer.";"Single and multiple parts";"Enkele en meerdere delen";"Een en meer dele";"Një ose disa pjesë";"አንድ እና ብዙ ክፍሎች";"جزء واحد أو عدة أجزاء";"Մեկ և մի քանի մաս";"এটা আৰু একাধিক অংশ";"Bir və bir neçə hissə";"Zati bat eta hainbat zati";"Адна і некалькі частак";"একটি ও একাধিক অংশ";"Jedan ili više dijelova";"Една или няколко части";"တစ်ပိုင်းနှင့် အပိုင်းများ";"Una o diverses parts";"一份或多份";"Jedan ili više dijelova";"Jedna i více částí";"En eller flere dele";"Üks või mitu osa";"Ein og fleiri partar";"Yksi tai monta osaa";"Une ou plusieurs parts";"Unha ou varias partes";"ერთი და რამდენიმე ნაწილი";"Ein oder mehrere Teile";"Ένα ή περισσότερα μέρη";"એક અને ઘણા ભાગો";"חלק אחד או כמה חלקים";"एक या कई भाग";"Egy vagy több rész";"Einn og fleiri hlutar";"Satu atau beberapa bagian";"Cuid amháin nó níos mó";"Una o più parti";"1つまたはいくつかのパーツ";"ಒಂದು ಮತ್ತು ಹಲವು ಭಾಗಗಳು";"Бір және бірнеше бөлік";"មួយផ្នែក និងច្រើនផ្នែក";"한 부분과 여러 부분";"ໜຶ່ງສ່ວນ ແລະ ຫຼາຍສ່ວນ";"Viena un vairākas daļas";"Viena ir kelios dalys";"Еден и повеќе делови";"Satu atau banyak bahagian";"ഒന്നോ പലതോ ഭാഗങ്ങൾ";"एक किंवा अनेक भाग";"Нэг болон олон хэсэг";"एक वा धेरै भाग";"Én eller flere deler";"ଗୋଟିଏ ଓ ଅନେକ ଅଂଶ";"یک یا چند بخش";"Jedna lub kilka części";"Uma ou várias partes";"ਇੱਕ ਜਾਂ ਕਈ ਹਿੱਸੇ";"Una sau mai multe părți";"Одна или несколько частей";"Jedan ili više delova";"එකක් සහ කොටස් කිහිපයක්";"Jedna aj viac častí";"En ali več delov";"Una o varias partes";"Sehemu moja au nyingi";"En eller flera delar";"ஒன்று அல்லது பல பகுதிகள்";"ఒకటి లేదా ఎక్కువ భాగాలు";"หนึ่งส่วนและหลายส่วน";"ཆ་ཤས་གཅིག་དང་མང་པོ";"Tek ve birden çok parça";"Одна або кілька частин";"ایک اور کئی حصے";"بىر ۋە كۆپ بۆلەك";"Bitta va bir nechta qism";"Một hoặc nhiều phần";"Un rhan neu sawl rhan";"Ingxenye eyodwa neziningi"
"info.mode.fractions.single";"";"The popup shown when a topic or mode button is tapped a second time. Aim for 55 characters or fewer.";"Always a single part";"Altijd een enkel deel";"Altyd een deel";"Gjithmonë një pjesë";"ሁልጊዜ አንድ ክፍል";"جزء واحد دائمًا";"Միշտ մեկ մաս";"সদায় এটা অংশ";"Həmişə bir hissə";"Beti zati bakarra";"Заўсёды адна частка";"সব সময় একটি অংশ";"Uvijek jedan dio";"Винаги една част";"အမြဲ တစ်ပိုင်းသာ";"Sempre una sola part";"总是一份";"Uvijek jedan dio";"Vždy jedna část";"Altid én del";"Alati üks osa";"Altíð ein partur";"Aina yksi osa";"Toujours une seule part";"Sempre unha soa parte";"ყოველთვის ერთი ნაწილი";"Immer nur ein Teil";"Πάντα ένα μέρος";"હંમેશા એક ભાગ";"תמיד חלק אחד";"हमेशा एक भाग";"Mindig egy rész";"Alltaf einn hluti";"Selalu satu bagian";"Cuid amháin i gcónaí";"Sempre una sola parte";"いつも1つのパーツ";"ಯಾವಾಗಲೂ ಒಂದು ಭಾಗ";"Әрқашан бір бөлік";"តែមួយផ្នែកជានិច្ច";"항상 한 부분";"ໜຶ່ງສ່ວນສະເໝີ";"Vienmēr viena daļa";"Visada viena dalis";"Секогаш еден дел";"Sentiasa satu bahagian";"എപ്പോഴും ഒരു ഭാഗം";"नेहमी एकच भाग";"Үргэлж нэг хэсэг";"सधैं एक भाग";"Alltid én del";"ସବୁବେଳେ ଗୋଟିଏ ଅଂଶ";"همیشه یک بخش";"Zawsze jedna część";"Sempre uma parte";"ਹਮੇਸ਼ਾ ਇੱਕ ਹਿੱਸਾ";"Mereu o singură parte";"Всегда одна часть";"Uvek jedan deo";"හැමවිටම එක කොටසක්";"Vždy jedna časť";"Vedno en del";"Siempre una sola parte";"Daima sehemu moja";"Alltid en del";"எப்போதும் ஒரு பகுதி";"ఎప్పుడూ ఒక భాగం";"หนึ่งส่วนเสมอ";"རྟག་ཏུ་ཆ་ཤས་གཅིག";"Her zaman tek parça";"Завжди одна частина";"ہمیشہ ایک حصہ";"ھەمىشە بىر بۆلەك";"Har doim bitta qism";"Luôn chỉ một phần";"Un rhan bob tro";"Njalo ingxenye eyodwa"
"info.mode.header";"";"The popup shown when a topic or mode button is tapped a second time. Aim for 55 characters or fewer.";"Order";"Volgorde";"Volgorde";"Rendi";"ቅደም ተከተል";"الترتيب";"Հերթականություն";"ক্ৰম";"Ardıcıllıq";"Ordena";"Парадак";"ক্রম";"Redoslijed";"Ред";"အစဉ်";"Ordre";"顺序";"Redoslijed";"Pořadí";"Rækkefølge";"Järjekord";"Raðfylgja";"Järjestys";"Ordre";"Orde";"თანმიმდევრობა";"Reihenfolge";"Σειρά";"ક્રમ";"סדר";"क्रम";"Sorrend";"Röð";"Urutan";"Ord";"Ordine";"順番";"ಕ್ರಮ";"Реті";"លំដាប់";"순서";"ລຳດັບ";"Secība";"Tvarka";"Редослед";"Urutan";"ക്രമം";"क्रम";"Дараалал";"क्रम";"Rekkefølge";"କ୍ରମ";"ترتیب";"Kolejność";"Ordem";"ਕ੍ਰਮ";"Ordine";"Порядок";"Redosled";"පිළිවෙළ";"Poradie";"Vrstni red";"Orden";"Mpangilio";"Ordning";"வரிசை";"క్రమం";"ลำดับ";"གོ་རིམ";"Sıra";"Порядок";"ترتیب";"تەرتىپ";"Tartib";"Thứ tự";"Trefn";"Ukuhleleka"
"info.mode.mixed";"";"The popup shown when a topic or mode button is tapped a second time. Aim for 55 characters or fewer.";"Mixed with lower levels";"Gemengd met lagere niveaus";"Gemeng met laer vlakke";"Përzier me nivele më të ulëta";"ከዝቅተኛ ደረጃዎች ጋር ድብልቅ";"مختلط مع المستويات السابقة";"Խառը՝ ավելի ցածր մակարդակների հետ";"আগৰ লেভেলৰ সৈতে মিশ্ৰ";"Aşağı səviyyələrlə qarışıq";"Beheko mailekin nahasita";"Разам з лягчэйшымі ўзроўнямі";"নিচের লেভেলসহ মিশ্র";"Pomiješano s nižim nivoima";"Смесено с по-ниски нива";"အောက်အဆင့်များနှင့် ရောစပ်";"Barrejat amb nivells anteriors";"混合较低关卡";"Miješano s nižim razinama";"Smíšené s nižšími úrovněmi";"Blandet med lavere baner";"Koos varasemate tasemetega";"Blandað við lægri stigum";"Mukana alempia tasoja";"Mélangé avec les niveaux précédents";"Mesturado con niveis anteriores";"შერეული ქვედა დონეებთან";"Mit niedrigeren Levels gemischt";"Μίξη με προηγούμενα επίπεδα";"નીચલા લેવલ સાથે મિશ્ર";"מעורבב עם שלבים קודמים";"पिछले स्तरों के साथ मिक्स";"Alsóbb szintekkel vegyesen";"Blandað við lægri borð";"Dicampur dengan level sebelumnya";"Measctha le leibhéil níos ísle";"Misto con livelli precedenti";"前のレベルもまぜる";"ಕೆಳ ಹಂತಗಳೊಂದಿಗೆ ಮಿಶ್ರ";"Төменгі деңгейлермен аралас";"លាយជាមួយកម្រិតមុនៗ";"낮은 레벨과 섞기";"ປະສົມກັບດ່ານທີ່ຕ່ຳກວ່າ";"Kopā ar zemākiem līmeņiem";"Kartu su žemesniais lygiais";"Измешано со пониски нивоа";"Campur dengan tahap lebih rendah";"താഴത്തെ ലെവലുകളുമായി കലർത്തിയത്";"खालच्या स्तरांसोबत मिश्र";"Доод түвшинтэй холих";"तल्ला लेभलसँग मिसिएको";"Blandet med lavere nivåer";"ତଳ ଲେଭେଲ୍ ସହ ମିଶ୍ରିତ";"ترکیب با مرحله‌های پایین‌تر";"Razem z niższymi poziomami";"Misturado com níveis anteriores";"ਹੇਠਲੇ ਲੈਵਲਾਂ ਨਾਲ ਮਿਲੇ-ਜੁਲੇ";"Amestecat cu niveluri mai ușoare";"Вместе с прошлыми уровнями";"Pomešano s nižim nivoima";"පහළ මට්ටම් සමඟ මිශ්‍ර";"Zmiešané s nižšími úrovňami";"Mešano z lažjimi stopnjami";"Mezclado con niveles anteriores";"Imechanganywa na viwango vya chini";"Blandat med lägre nivåer";"கீழ்நிலைகளுடன் கலவை";"తక్కువ లెవల్‌లతో కలిపి";"ผสมกับด่านก่อนหน้า";"རིམ་པ་དམའ་བ་དང་འདྲེས་པ";"Önceki seviyelerle karışık";"Разом із нижчими рівнями";"پچھلے لیولز کے ساتھ مکس";"تۆۋەن دەرىجىلەر بىلەن ئارىلاش";"Quyi bosqichlar bilan aralash";"Trộn với các cấp thấp hơn";"Cymysg â lefelau is";"Kuxutshwe namaleveli aphansi"
"info.mode.order";"";"The popup shown when a topic or mode button is tapped a second time. Aim for 55 characters or fewer.";"Fixed order";"Vaste volgorde";"Vaste volgorde";"Rend fiks";"ቋሚ ቅደም ተከተል";"ترتيب ثابت";"Հաստատուն հերթականություն";"নিৰ্দিষ্ট ক্ৰম";"Sabit ardıcıllıq";"Ordena finkoa";"Па парадку";"নির্দিষ্ট ক্রম";"Fiksni redoslijed";"Фиксиран ред";"သတ်မှတ်အစဉ်";"Ordre fix";"固定顺序";"Fiksni redoslijed";"Pevné pořadí";"Fast rækkefølge";"Kindel järjekord";"Føst raðfylgja";"Kiinteä järjestys";"Ordre fixe";"Orde fixa";"ფიქსირებული რიგი";"Feste Reihenfolge";"Σταθερή σειρά";"નક્કી ક્રમ";"סדר קבוע";"तय क्रम";"Rögzített sorrend";"Föst röð";"Urutan tetap";"Ord socraithe";"Ordine fisso";"決まった順番";"ನಿಗದಿತ ಕ್ರಮ";"Тұрақты рет";"លំដាប់ថេរ";"정해진 순서";"ລຳດັບຄົງທີ່";"Noteikta secība";"Fiksuota tvarka";"Фиксен редослед";"Urutan tetap";"നിശ്ചിത ക്രമം";"ठरलेला क्रम";"Тогтсон дараалал";"निश्चित क्रम";"Fast rekkefølge";"ନିର୍ଦ୍ଧାରିତ କ୍ରମ";"ترتیب ثابت";"Stała kolejność";"Ordem fixa";"ਪੱਕਾ ਕ੍ਰਮ";"Ordine fixă";"По порядку";"Fiksni redosled";"නියමිත පිළිවෙළ";"Pevné poradie";"Določen vrstni red";"Orden fijo";"Mpangilio maalum";"Fast ordning";"நிலையான வரிசை";"స్థిర క్రమం";"ลำดับตายตัว";"གོ་རིམ་གཏན་འཁེལ";"Sabit sıra";"Фіксований порядок";"مقررہ ترتیب";"مۇقىم تەرتىپ";"O‘zgarmas tartib";"Thứ tự cố định";"Trefn benodol";"Ukuhleleka okuqinile"
"info.mode.percentages.decimal";"";"The popup shown when a topic or mode button is tapped a second time. Aim for 55 characters or fewer.";"Including decimal numbers";"Ook getallen achter de komma";"Met desimale getalle";"Me numra dhjetorë";"የአስርዮሽ ቁጥሮችን ጨምሮ";"يشمل الأعداد العشرية";"Նաև տասնորդական թվերով";"দশমিক সংখ্যাসহ";"Onluq ədədlərlə";"Zenbaki hamartarrak barne";"З дзесятковымі лікамі";"দশমিক সংখ্যাসহ";"S decimalnim brojevima";"С десетични числа";"ဒသမကိန်းများ ပါဝင်";"Amb nombres decimals";"包含小数";"Uključujući decimalne brojeve";"Včetně desetinných čísel";"Med decimaltal";"Koos kümnendarvudega";"Við desimaltølum";"Myös desimaaliluvut";"Avec des nombres décimaux";"Con números decimais";"ათწილადებით";"Mit Dezimalzahlen";"Με δεκαδικούς αριθμούς";"દશાંશ સંખ્યાઓ સાથે";"כולל מספרים עשרוניים";"दशमलव संख्याओं सहित";"Tizedes számokkal";"Með tugabrotum";"Termasuk bilangan desimal";"Le huimhreacha deachúlacha";"Con numeri decimali";"小数あり";"ದಶಮಾಂಶಗಳೊಂದಿಗೆ";"Ондық сандармен";"រួមទាំងលេខទសភាគ";"소수 포함";"ລວມຈຳນວນທົດສະນິຍົມ";"Ar decimālskaitļiem";"Su dešimtainiais skaičiais";"Со децимални броеви";"Termasuk nombor perpuluhan";"ദശാംശ സംഖ്യകളും ഉൾപ്പെടെ";"दशांश संख्यांसह";"Аравтын бутархайтай";"दशमलवसहित";"Med desimaltall";"ଦଶମିକ ସଂଖ୍ୟା ସହ";"با عددهای اعشاری";"Z liczbami dziesiętnymi";"Com números decimais";"ਦਸ਼ਮਲਵ ਗਿਣਤੀਆਂ ਸਮੇਤ";"Cu numere zecimale";"С десятичными числами";"Sa decimalnim brojevima";"දශම අංක සමඟ";"Aj desatinné čísla";"Tudi decimalna števila";"Con números decimales";"Pamoja na nambari za desimali";"Med decimaltal";"தசம எண்களுடன்";"దశాంశ సంఖ్యలతో";"รวมเลขทศนิยม";"གྲངས་ཆུང་ཚུད་པ";"Ondalıklı sayılarla";"З десятковими числами";"اعشاری اعداد سمیت";"ئونلۇق سانلار بىلەن";"O‘nli sonlar bilan";"Có số thập phân";"Gan gynnwys rhifau degol";"Kufaka izinombolo zedesimali"
"info.mode.percentages.header";"";"The popup shown when a topic or mode button is tapped a second time. Aim for 55 characters or fewer.";"Type";"Soort";"Soort";"Lloji";"ዓይነት";"النوع";"Տեսակ";"ধৰণ";"Növ";"Mota";"Тып";"ধরন";"Vrsta";"Вид";"အမျိုးအစား";"Tipus";"类型";"Vrsta";"Typ";"Type";"Liik";"Slag";"Tyyppi";"Type";"Tipo";"ტიპი";"Art";"Τύπος";"પ્રકાર";"סוג";"प्रकार";"Típus";"Tegund";"Jenis";"Cineál";"Tipo";"しゅるい";"ವಿಧ";"Түрі";"ប្រភេទ";"종류";"ປະເພດ";"Veids";"Tipas";"Вид";"Jenis";"തരം";"प्रकार";"Төрөл";"प्रकार";"Type";"ପ୍ରକାର";"نوع";"Typ";"Tipo";"ਕਿਸਮ";"Tip";"Тип";"Vrsta";"වර්ගය";"Typ";"Vrsta";"Tipo";"Aina";"Typ";"வகை";"రకం";"ประเภท";"རིགས";"Tür";"Тип";"قسم";"تۈر";"Tur";"Loại";"Math";"Uhlobo"
"info.mode.percentages.whole";"";"The popup shown when a topic or mode button is tapped a second time. Aim for 55 characters or fewer.";"Without decimal numbers";"Zonder getallen achter de komma";"Sonder desimale getalle";"Pa numra dhjetorë";"ያለ አስርዮሽ ቁጥሮች";"من دون أعداد عشرية";"Առանց տասնորդական թվերի";"দশমিক সংখ্যা নোহোৱাকৈ";"Onluq ədədlərsiz";"Zenbaki hamartarrik gabe";"Без дзесятковых лікаў";"দশমিক সংখ্যা ছাড়া";"Bez decimalnih brojeva";"Без десетични числа";"ဒသမကိန်း မပါ";"Sense nombres decimals";"不含小数";"Bez decimalnih brojeva";"Bez desetinných čísel";"Uden decimaltal";"Ilma kümnendarvudeta";"Uttan desimaltøl";"Ilman desimaalilukuja";"Sans nombres décimaux";"Sen números decimais";"ათწილადების გარეშე";"Ohne Dezimalzahlen";"Χωρίς δεκαδικούς αριθμούς";"દશાંશ વિના";"בלי מספרים עשרוניים";"बिना दशमलव संख्याओं के";"Tizedes számok nélkül";"Án tugabrota";"Tanpa bilangan desimal";"Gan uimhreacha deachúlacha";"Senza numeri decimali";"小数なし";"ದಶಮಾಂಶಗಳಿಲ್ಲದೆ";"Ондық сандарсыз";"គ្មានលេខទសភាគ";"소수 없이";"ບໍ່ມີຈຳນວນທົດສະນິຍົມ";"Bez decimālskaitļiem";"Be dešimtainių skaičių";"Без децимални броеви";"Tanpa nombor perpuluhan";"ദശാംശ സംഖ്യകളില്ലാതെ";"दशांश संख्यांशिवाय";"Аравтын бутархайгүй";"दशमलवबिना";"Uten desimaltall";"ଦଶମିକ ସଂଖ୍ୟା ବିନା";"بدون عددهای اعشاری";"Bez liczb dziesiętnych";"Sem números decimais";"ਦਸ਼ਮਲਵ ਤੋਂ ਬਿਨਾਂ";"Fără numere zecimale";"Без десятичных чисел";"Bez decimalnih brojeva";"දශම අංක නැතිව";"Bez desatinných čísel";"Brez decimalnih števil";"Sin números decimales";"Bila nambari za desimali";"Utan decimaltal";"தசம எண்கள் இல்லாமல்";"దశాంశ సంఖ్యలు లేకుండా";"ไม่มีเลขทศนิยม";"གྲངས་ཆུང་མེད་པ";"Ondalıklı sayılar olmadan";"Без десяткових чисел";"اعشاری اعداد کے بغیر";"ئونلۇق سانسىز";"O‘nli sonlarsiz";"Không có số thập phân";"Heb rifau degol";"Ngaphandle kwezinombolo zedesimali"
"info.mode.random";"";"The popup shown when a topic or mode button is tapped a second time. Aim for 55 characters or fewer.";"Random order";"Willekeurige volgorde";"Lukrake volgorde";"Rend i rastësishëm";"የዘፈቀደ ቅደም ተከተል";"ترتيب عشوائي";"Պատահական հերթականություն";"যাদৃচ্ছিক ক্ৰম";"Təsadüfi ardıcıllıq";"Ausazko ordena";"Выпадковы парадак";"এলোমেলো ক্রম";"Nasumičan redoslijed";"Случаен ред";"ကျပန်းအစဉ်";"Ordre aleatori";"随机顺序";"Nasumični redoslijed";"Náhodné pořadí";"Tilfældig rækkefølge";"Juhuslik järjekord";"Tilvildarlig raðfylgja";"Satunnainen järjestys";"Ordre aléatoire";"Orde aleatoria";"შემთხვევითი რიგი";"Zufällige Reihenfolge";"Τυχαία σειρά";"અવ્યવસ્થિત ક્રમ";"סדר אקראי";"कोई भी क्रम";"Véletlen sorrend";"Handahófsröð";"Urutan acak";"Ord randamach";"Ordine casuale";"ランダムな順番";"ಯಾದೃಚ್ಛಿಕ ಕ್ರಮ";"Кездейсоқ рет";"លំដាប់ចៃដន្យ";"무작위 순서";"ລຳດັບສຸ່ມ";"Nejauša secība";"Atsitiktinė tvarka";"Случаен редослед";"Urutan rawak";"ക്രമരഹിതം";"यादृच्छिक क्रम";"Санамсаргүй дараалал";"अनियमित क्रम";"Tilfeldig rekkefølge";"ଯାଦୃଚ୍ଛିକ କ୍ରମ";"ترتیب تصادفی";"Losowa kolejność";"Ordem aleatória";"ਬੇਤਰਤੀਬ ਕ੍ਰਮ";"Ordine aleatorie";"Случайный порядок";"Nasumičan redosled";"අහඹු පිළිවෙළ";"Náhodné poradie";"Naključni vrstni red";"Orden aleatorio";"Mpangilio wa nasibu";"Slumpmässig ordning";"சீரற்ற வரிசை";"యాదృచ్ఛిక క్రమం";"ลำดับสุ่ม";"གོ་རིམ་གང་བྱུང";"Rastgele sıra";"Випадковий порядок";"بے ترتیب";"ئىختىيارىي تەرتىپ";"Tasodifiy tartib";"Thứ tự ngẫu nhiên";"Trefn ar hap";"Ukuhleleka okungahleliwe"
"info.super.all";"";"The popup shown when a topic or mode button is tapped a second time. Aim for 84 characters or fewer.";"Addition, subtraction, multiplication, division, and percentages";"Optellen, aftrekken, vermenigvuldigen, delen en percentages";"Optel, aftrek, vermenigvuldig, deel en persentasies";"Mbledhje, zbritje, shumëzim, pjesëtim dhe përqindje";"መደመር፣ መቀነስ፣ ማባዛት፣ ማካፈል እና መቶኛ";"الجمع والطرح والضرب والقسمة والنسب المئوية";"Գումարում, հանում, բազմապատկում, բաժանում և տոկոսներ";"যোগ, বিয়োগ, পূৰণ, ভাগ আৰু শতাংশ";"Toplama, çıxma, vurma, bölmə və faizlər";"Batuketa, kenketa, biderketa, zatiketa eta ehunekoak";"Складанне, адніманне, множанне, дзяленне і працэнты";"যোগ, বিয়োগ, গুণ, ভাগ ও শতকরা";"Sabiranje, oduzimanje, množenje, dijeljenje i postoci";"Събиране, изваждане, умножение, деление и проценти";"ပေါင်း၊ နုတ်၊ မြှောက်၊ စားနှင့် ရာခိုင်နှုန်း";"Suma, resta, multiplicació, divisió i percentatges";"加法、减法、乘法、除法和百分数";"Zbrajanje, oduzimanje, množenje, dijeljenje i postoci";"Sčítání, odčítání, násobení, dělení a procenta";"Addition, subtraktion, multiplikation, division og procenter";"Liitmine, lahutamine, korrutamine, jagamine ja protsendid";"Samlegging, frádráttur, falding, býting og prosent";"Yhteen-, vähennys-, kerto- ja jakolasku sekä prosentit";"Addition, soustraction, multiplication, division et pourcentages";"Suma, resta, multiplicación, división e porcentaxes";"მიმატება, გამოკლება, გამრავლება, გაყოფა და პროცენტები";"Addition, Subtraktion, Multiplikation, Division und Prozente";"Πρόσθεση, αφαίρεση, πολλαπλασιασμός, διαίρεση και ποσοστά";"સરવાળો, બાદબાકી, ગુણાકાર, ભાગાકાર અને ટકાવારી";"חיבור, חיסור, כפל, חילוק ואחוזים";"जोड़, घटाव, गुणा, भाग और प्रतिशत";"Összeadás, kivonás, szorzás, osztás és százalékok";"Samlagning, frádráttur, margföldun, deiling og prósentur";"Penjumlahan, pengurangan, perkalian, pembagian, dan persentase";"Suimiú, dealú, iolrú, roinnt agus céatadáin";"Addizioni, sottrazioni, moltiplicazioni, divisioni e percentuali";"たし算、ひき算、かけ算、わり算、パーセント";"ಕೂಡಿಸುವಿಕೆ, ಕಳೆಯುವಿಕೆ, ಗುಣಾಕಾರ, ಭಾಗಾಕಾರ ಮತ್ತು ಶೇಕಡಾವಾರು";"Қосу, азайту, көбейту, бөлу және пайыздар";"បូក ដក គុណ ចែក និងភាគរយ";"덧셈, 뺄셈, 곱셈, 나눗셈, 백분율";"ບວກ, ລົບ, ຄູນ, ຫານ ແລະ ເປີເຊັນ";"Saskaitīšana, atņemšana, reizināšana, dalīšana un procenti";"Sudėtis, atimtis, daugyba, dalyba ir procentai";"Собирање, одземање, множење, делење и проценти";"Tambah, tolak, darab, bahagi dan peratus";"കൂട്ടൽ, കുറയ്ക്കൽ, ഗുണനം, ഹരണം, ശതമാനങ്ങൾ";"बेरीज, वजाबाकी, गुणाकार, भागाकार आणि टक्केवारी";"Нэмэх, хасах, үржүүлэх, хуваах, хувь";"जोड, घटाउ, गुणन, भाग र प्रतिशत";"Addisjon, subtraksjon, multiplikasjon, divisjon og prosent";"ଯୋଗ, ବିୟୋଗ, ଗୁଣ, ଭାଗ ଓ ଶତକଡ଼ା";"جمع، تفریق، ضرب، تقسیم و درصد";"Dodawanie, odejmowanie, mnożenie, dzielenie i procenty";"Adição, subtração, multiplicação, divisão e percentagens";"ਜੋੜ, ਘਟਾਓ, ਗੁਣਾ, ਭਾਗ ਅਤੇ ਪ੍ਰਤੀਸ਼ਤ";"Adunare, scădere, înmulțire, împărțire și procente";"Сложение, вычитание, умножение, деление и проценты";"Sabiranje, oduzimanje, množenje, deljenje i procenti";"එකතු කිරීම, අඩු කිරීම, ගුණ කිරීම, බෙදීම සහ ප්‍රතිශත";"Sčítanie, odčítanie, násobenie, delenie a percentá";"Seštevanje, odštevanje, množenje, deljenje in odstotki";"Sumas, restas, multiplicaciones, divisiones y porcentajes";"Kujumlisha, kutoa, kuzidisha, kugawanya na asilimia";"Addition, subtraktion, multiplikation, division och procent";"கூட்டல், கழித்தல், பெருக்கல், வகுத்தல் மற்றும் சதவீதங்கள்";"కూడిక, తీసివేత, గుణకారం, భాగహారం, శాతాలు";"บวก ลบ คูณ หาร และเปอร์เซ็นต์";"སྣོན་རྩིས། འཐེན་རྩིས། སྒྱུར་རྩིས། བགོ་རྩིས་དང་བརྒྱ་ཆ།";"Toplama, çıkarma, çarpma, bölme ve yüzdeler";"Додавання, віднімання, множення, ділення й відсотки";"جمع، تفریق، ضرب، تقسیم اور فی صد";"قوشۇش، ئېلىش، كۆپەيتىش، بۆلۈش ۋە پىرسەنت";"Qo‘shish, ayirish, ko‘paytirish, bo‘lish va foizlar";"Cộng, trừ, nhân, chia và phần trăm";"Adio, tynnu, lluosi, rhannu a chanrannau";"Ukuhlanganisa, ukususa, ukuphindaphinda, ukuhlukanisa namaphesenti"
"info.super.basic";"";"The popup shown when a topic or mode button is tapped a second time. Aim for 55 characters or fewer.";"Addition and subtraction";"Optellen en aftrekken";"Optel en aftrek";"Mbledhje dhe zbritje";"መደመር እና መቀነስ";"الجمع والطرح";"Գումարում և հանում";"যোগ আৰু বিয়োগ";"Toplama və çıxma";"Batuketa eta kenketa";"Складанне і адніманне";"যোগ ও বিয়োগ";"Sabiranje i oduzimanje";"Събиране и изваждане";"ပေါင်းနှင့် နုတ်";"Suma i resta";"加法和减法";"Zbrajanje i oduzimanje";"Sčítání a odčítání";"Addition og subtraktion";"Liitmine ja lahutamine";"Samlegging og frádráttur";"Yhteen- ja vähennyslasku";"Addition et soustraction";"Suma e resta";"მიმატება და გამოკლება";"Addition und Subtraktion";"Πρόσθεση και αφαίρεση";"સરવાળો અને બાદબાકી";"חיבור וחיסור";"जोड़ और घटाव";"Összeadás és kivonás";"Samlagning og frádráttur";"Penjumlahan dan pengurangan";"Suimiú agus dealú";"Addizioni e sottrazioni";"たし算とひき算";"ಕೂಡಿಸುವಿಕೆ ಮತ್ತು ಕಳೆಯುವಿಕೆ";"Қосу және азайту";"បូក និងដក";"덧셈과 뺄셈";"ບວກ ແລະ ລົບ";"Saskaitīšana un atņemšana";"Sudėtis ir atimtis";"Собирање и одземање";"Tambah dan tolak";"കൂട്ടലും കുറയ്ക്കലും";"बेरीज आणि वजाबाकी";"Нэмэх ба хасах";"जोड र घटाउ";"Addisjon og subtraksjon";"ଯୋଗ ଓ ବିୟୋଗ";"جمع و تفریق";"Dodawanie i odejmowanie";"Adição e subtração";"ਜੋੜ ਅਤੇ ਘਟਾਓ";"Adunare și scădere";"Сложение и вычитание";"Sabiranje i oduzimanje";"එකතු කිරීම සහ අඩු කිරීම";"Sčítanie a odčítanie";"Seštevanje in odštevanje";"Sumas y restas";"Kujumlisha na kutoa";"Addition och subtraktion";"கூட்டல் மற்றும் கழித்தல்";"కూడిక మరియు తీసివేత";"บวกและลบ";"སྣོན་རྩིས་དང་འཐེན་རྩིས";"Toplama ve çıkarma";"Додавання й віднімання";"جمع اور تفریق";"قوشۇش ۋە ئېلىش";"Qo‘shish va ayirish";"Cộng và trừ";"Adio a thynnu";"Ukuhlanganisa nokususa"
"info.super.fraction";"";"The popup shown when a topic or mode button is tapped a second time. Aim for 67 characters or fewer.";"Addition, subtraction, multiplication, and division";"Optellen, aftrekken, vermenigvuldigen en delen";"Optel, aftrek, vermenigvuldig en deel";"Mbledhje, zbritje, shumëzim dhe pjesëtim";"መደመር፣ መቀነስ፣ ማባዛት እና ማካፈል";"الجمع والطرح والضرب والقسمة";"Գումարում, հանում, բազմապատկում և բաժանում";"যোগ, বিয়োগ, পূৰণ আৰু ভাগ";"Toplama, çıxma, vurma və bölmə";"Batuketa, kenketa, biderketa eta zatiketa";"Складанне, адніманне, множанне і дзяленне";"যোগ, বিয়োগ, গুণ ও ভাগ";"Sabiranje, oduzimanje, množenje i dijeljenje";"Събиране, изваждане, умножение и деление";"ပေါင်း၊ နုတ်၊ မြှောက်နှင့် စား";"Suma, resta, multiplicació i divisió";"加法、减法、乘法和除法";"Zbrajanje, oduzimanje, množenje i dijeljenje";"Sčítání, odčítání, násobení a dělení";"Addition, subtraktion, multiplikation og division";"Liitmine, lahutamine, korrutamine ja jagamine";"Samlegging, frádráttur, falding og býting";"Yhteen-, vähennys-, kerto- ja jakolasku";"Addition, soustraction, multiplication et division";"Suma, resta, multiplicación e división";"მიმატება, გამოკლება, გამრავლება და გაყოფა";"Addition, Subtraktion, Multiplikation und Division";"Πρόσθεση, αφαίρεση, πολλαπλασιασμός και διαίρεση";"સરવાળો, બાદબાકી, ગુણાકાર અને ભાગાકાર";"חיבור, חיסור, כפל וחילוק";"जोड़, घटाव, गुणा और भाग";"Összeadás, kivonás, szorzás és osztás";"Samlagning, frádráttur, margföldun og deiling";"Penjumlahan, pengurangan, perkalian, dan pembagian";"Suimiú, dealú, iolrú agus roinnt";"Addizioni, sottrazioni, moltiplicazioni e divisioni";"たし算、ひき算、かけ算、わり算";"ಕೂಡಿಸುವಿಕೆ, ಕಳೆಯುವಿಕೆ, ಗುಣಾಕಾರ ಮತ್ತು ಭಾಗಾಕಾರ";"Қосу, азайту, көбейту және бөлу";"បូក ដក គុណ និងចែក";"덧셈, 뺄셈, 곱셈, 나눗셈";"ບວກ, ລົບ, ຄູນ ແລະ ຫານ";"Saskaitīšana, atņemšana, reizināšana un dalīšana";"Sudėtis, atimtis, daugyba ir dalyba";"Собирање, одземање, множење и делење";"Tambah, tolak, darab dan bahagi";"കൂട്ടൽ, കുറയ്ക്കൽ, ഗുണനം, ഹരണം";"बेरीज, वजाबाकी, गुणाकार आणि भागाकार";"Нэмэх, хасах, үржүүлэх, хуваах";"जोड, घटाउ, गुणन र भाग";"Addisjon, subtraksjon, multiplikasjon og divisjon";"ଯୋଗ, ବିୟୋଗ, ଗୁଣ ଓ ଭାଗ";"جمع، تفریق، ضرب و تقسیم";"Dodawanie, odejmowanie, mnożenie i dzielenie";"Adição, subtração, multiplicação e divisão";"ਜੋੜ, ਘਟਾਓ, ਗੁਣਾ ਅਤੇ ਭਾਗ";"Adunare, scădere, înmulțire și împărțire";"Сложение, вычитание, умножение и деление";"Sabiranje, oduzimanje, množenje i deljenje";"එකතු කිරීම, අඩු කිරීම, ගුණ කිරීම සහ බෙදීම";"Sčítanie, odčítanie, násobenie a delenie";"Seštevanje, odštevanje, množenje in deljenje";"Sumas, restas, multiplicaciones y divisiones";"Kujumlisha, kutoa, kuzidisha na kugawanya";"Addition, subtraktion, multiplikation och division";"கூட்டல், கழித்தல், பெருக்கல் மற்றும் வகுத்தல்";"కూడిక, తీసివేత, గుణకారం మరియు భాగహారం";"บวก ลบ คูณ และหาร";"སྣོན་རྩིས། འཐེན་རྩིས། སྒྱུར་རྩིས་དང་བགོ་རྩིས།";"Toplama, çıkarma, çarpma ve bölme";"Додавання, віднімання, множення й ділення";"جمع، تفریق، ضرب اور تقسیم";"قوشۇش، ئېلىش، كۆپەيتىش ۋە بۆلۈش";"Qo‘shish, ayirish, ko‘paytirish va bo‘lish";"Cộng, trừ, nhân và chia";"Adio, tynnu, lluosi a rhannu";"Ukuhlanganisa, ukususa, ukuphindaphinda nokuhlukanisa"
"info.super.times";"";"The popup shown when a topic or mode button is tapped a second time. Aim for 55 characters or fewer.";"Addition, subtraction, and multiplication";"Optellen, aftrekken en vermenigvuldigen";"Optel, aftrek en vermenigvuldig";"Mbledhje, zbritje dhe shumëzim";"መደመር፣ መቀነስ እና ማባዛት";"الجمع والطرح والضرب";"Գումարում, հանում և բազմապատկում";"যোগ, বিয়োগ আৰু পূৰণ";"Toplama, çıxma və vurma";"Batuketa, kenketa eta biderketa";"Складанне, адніманне і множанне";"যোগ, বিয়োগ ও গুণ";"Sabiranje, oduzimanje i množenje";"Събиране, изваждане и умножение";"ပေါင်း၊ နုတ်နှင့် မြှောက်";"Suma, resta i multiplicació";"加法、减法和乘法";"Zbrajanje, oduzimanje i množenje";"Sčítání, odčítání a násobení";"Addition, subtraktion og multiplikation";"Liitmine, lahutamine ja korrutamine";"Samlegging, frádráttur og falding";"Yhteen-, vähennys- ja kertolasku";"Addition, soustraction et multiplication";"Suma, resta e multiplicación";"მიმატება, გამოკლება და გამრავლება";"Addition, Subtraktion und Multiplikation";"Πρόσθεση, αφαίρεση και πολλαπλασιασμός";"સરવાળો, બાદબાકી અને ગુણાકાર";"חיבור, חיסור וכפל";"जोड़, घटाव और गुणा";"Összeadás, kivonás és szorzás";"Samlagning, frádráttur og margföldun";"Penjumlahan, pengurangan, dan perkalian";"Suimiú, dealú agus iolrú";"Addizioni, sottrazioni e moltiplicazioni";"たし算、ひき算、かけ算";"ಕೂಡಿಸುವಿಕೆ, ಕಳೆಯುವಿಕೆ ಮತ್ತು ಗುಣಾಕಾರ";"Қосу, азайту және көбейту";"បូក ដក និងគុណ";"덧셈, 뺄셈, 곱셈";"ບວກ, ລົບ ແລະ ຄູນ";"Saskaitīšana, atņemšana un reizināšana";"Sudėtis, atimtis ir daugyba";"Собирање, одземање и множење";"Tambah, tolak dan darab";"കൂട്ടൽ, കുറയ്ക്കൽ, ഗുണനം";"बेरीज, वजाबाकी आणि गुणाकार";"Нэмэх, хасах, үржүүлэх";"जोड, घटाउ र गुणन";"Addisjon, subtraksjon og multiplikasjon";"ଯୋଗ, ବିୟୋଗ ଓ ଗୁଣ";"جمع، تفریق و ضرب";"Dodawanie, odejmowanie i mnożenie";"Adição, subtração e multiplicação";"ਜੋੜ, ਘਟਾਓ ਅਤੇ ਗੁਣਾ";"Adunare, scădere și înmulțire";"Сложение, вычитание и умножение";"Sabiranje, oduzimanje i množenje";"එකතු කිරීම, අඩු කිරීම සහ ගුණ කිරීම";"Sčítanie, odčítanie a násobenie";"Seštevanje, odštevanje in množenje";"Sumas, restas y multiplicaciones";"Kujumlisha, kutoa na kuzidisha";"Addition, subtraktion och multiplikation";"கூட்டல், கழித்தல் மற்றும் பெருக்கல்";"కూడిక, తీసివేత మరియు గుణకారం";"บวก ลบ และคูณ";"སྣོན་རྩིས། འཐེན་རྩིས་དང་སྒྱུར་རྩིས།";"Toplama, çıkarma ve çarpma";"Додавання, віднімання й множення";"جمع، تفریق اور ضرب";"قوشۇش، ئېلىش ۋە كۆپەيتىش";"Qo‘shish, ayirish va ko‘paytirish";"Cộng, trừ và nhân";"Adio, tynnu a lluosi";"Ukuhlanganisa, ukususa nokuphindaphinda"
"info.topic.header";"";"The popup shown when a topic or mode button is tapped a second time. Aim for 55 characters or fewer.";"Types of problems";"Soorten sommen";"Soorte somme";"Llojet e ushtrimeve";"የጥያቄ ዓይነቶች";"أنواع المسائل";"Վարժությունների տեսակներ";"অংকৰ ধৰণ";"Tapşırıq növləri";"Eragiketa motak";"Віды прыкладаў";"অঙ্কের ধরন";"Vrste zadataka";"Видове задачи";"ပုစ္ဆာအမျိုးအစားများ";"Tipus de problemes";"题目类型";"Vrste zadataka";"Typy příkladů";"Typer af regnestykker";"Ülesannete tüübid";"Sløg av uppgávum";"Tehtävätyypit";"Types de calculs";"Tipos de contas";"ამოცანების ტიპები";"Aufgabentypen";"Είδη ασκήσεων";"દાખલાના પ્રકાર";"סוגי תרגילים";"सवालों के प्रकार";"Feladattípusok";"Tegundir dæma";"Jenis soal";"Cineálacha ceisteanna";"Tipi di esercizi";"問題の種類";"ಲೆಕ್ಕಗಳ ವಿಧಗಳು";"Есеп түрлері";"ប្រភេទលំហាត់";"문제 종류";"ປະເພດໂຈດ";"Uzdevumu veidi";"Užduočių tipai";"Видови задачи";"Jenis soalan";"കണക്കുകളുടെ തരങ്ങൾ";"गणिताचे प्रकार";"Бодлогын төрлүүд";"प्रश्नका प्रकार";"Typer oppgaver";"ପ୍ରଶ୍ନର ପ୍ରକାର";"نوع تمرین‌ها";"Rodzaje zadań";"Tipos de contas";"ਸਵਾਲਾਂ ਦੀਆਂ ਕਿਸਮਾਂ";"Tipuri de exerciții";"Виды примеров";"Vrste zadataka";"ගණන් වර්ග";"Typy príkladov";"Vrste računov";"Tipos de problemas";"Aina za maswali";"Typer av tal";"கணக்கு வகைகள்";"లెక్కల రకాలు";"ประเภทโจทย์";"རྩིས་རིགས";"İşlem türleri";"Види прикладів";"سوالوں کی قسمیں";"مىسال تۈرلىرى";"Misol turlari";"Các dạng bài";"Mathau o symiau";"Izinhlobo zezibalo"
"levelIntro.addition.intro";"";"A bullet on the level-intro card, wrapping over two lines. Aim for 62 characters or fewer. **Double asterisks** mark bold. Keep exactly one pair, around whichever words carry the emphasis in your language — not necessarily the same words as in English.";"Sums where you **add** a number.";"Sommen waarbij je een getal **optelt**.";"Somme waar jy 'n getal \*\*optel\*\*.";"Ushtrime ku **mbledh** një numër.";"ቁጥርን **የምትደምርባቸው** ስሌቶች።";"مسائل **تضيف** فيها عددًا.";"Օրինակներ, որտեղ թիվ ես **գումարում**։";"য’ত তুমি এটা সংখ্যা **যোগ** কৰা অংক।";"Bir ədədi **topladığın** misallar.";"Zenbaki bat \*\*batzen\*\* duten eragiketak.";"Прыклады, дзе трэба **дадаць** лік.";"যেসব অঙ্কে একটি সংখ্যা **যোগ** করো।";"Zadaci gdje broj **sabiraš**.";"Задачи, в които **събираш** число.";"ဂဏန်းတစ်ခုကို **ပေါင်း**တဲ့ ပုစ္ဆာတွေ။";"Sumes on **afegeixes** un nombre.";"把一个数\*\*加上\*\*另一个数。";"Zadaci u kojima **zbrajaš** broj.";"Příklady, kde číslo **přičítáš**.";"Regnestykker, hvor du **lægger et tal til**.";"Tehted, kus sa arvu **liidad**.";"Uppgávur, har tú **leggur afturat**.";"Laskuja, joissa **lisäät** luvun.";"Calculs où tu **ajoutes** un nombre.";"Contas nas que \*\*sumas\*\* un número.";"მაგალითები, სადაც რიცხვს \*\*უმატებ\*\*.";"Aufgaben, bei denen du eine Zahl **addierst**.";"Ασκήσεις όπου **προσθέτεις** έναν αριθμό.";"જે દાખલામાં સંખ્યા **ઉમેરો**.";"תרגילים שבהם **מוסיפים** מספר.";"ऐसे सवाल जिनमें संख्या **जोड़ते** हो।";"Feladatok, ahol egy számot **hozzáadsz**.";"Dæmi þar sem þú **leggur við** tölu.";"Soal untuk \*\*menambah\*\* angka.";"Suimeanna ina **gcuireann tú** uimhir leis.";"Calcoli in cui **aggiungi** un numero.";"数を\*\*たす\*\*問題。";"ಸಂಖ್ಯೆಯನ್ನು **ಕೂಡಿಸುವ** ಲೆಕ್ಕಗಳು.";"Санды **қосатын** есептер.";"លំហាត់ដែលអ្នក **បូក** ចំនួនមួយ។";"숫자를 **더하는** 문제.";"ໂຈດທີ່ເຈົ້າ **ບວກ** ຕົວເລກ.";"Uzdevumi, kuros skaitli **pieskaiti**.";"Uždaviniai, kuriuose skaičių **pridedi**.";"Задачи каде **додаваш** број.";"Soalan yang kamu **tambah** nombor.";"ഒരു സംഖ്യ **കൂട്ടുന്ന** കണക്കുകൾ.";"ज्यात संख्या \*\*जोडायची\*\* अशी उदाहरणे.";"Тоог **нэмэх** бодлогууд.";"एउटा संख्या **जोड्ने** हिसाब।";"Oppgaver der du **legger til** et tall.";"ଯେଉଁ ସମରେ ଏକ ସଂଖ୍ୟା **ଯୋଗ** କର।";"تمرین‌هایی که در آن عددی را **جمع** می‌کنی.";"Działania, w których **dodajesz** liczbę.";"Contas em que **somas** um número.";"ਜਿੱਥੇ ਤੁਸੀਂ ਇੱਕ ਸੰਖਿਆ **ਜੋੜਦੇ** ਹੋ।";"Exerciții în care **aduni** un număr.";"Примеры, где нужно \*\*прибавить\*\* число.";"Zadaci u kojima **sabiraš** broj.";"අංකයක් **එකතු කරන** ගණන්.";"Príklady, kde číslo **pripočítaš**.";"Računi, kjer število **prišteješ**.";"Sumas en las que **añades** un número.";"Maswali ya **kujumlisha** namba.";"Tal där du **adderar** ett tal.";"ஒரு எண்ணை **கூட்டும்** கணக்குகள்.";"ఒక సంఖ్యను **కలిపే** లెక్కలు.";"โจทย์ที่ให้ **บวก** ตัวเลข";"གྲངས་ཤིག **སྣོན་པའི** རྩིས།";"Bir sayıyı **eklediğin** işlemler.";"Приклади, де треба \*\*додати\*\* число.";"وہ سوال جن میں آپ عدد **جمع** کرتے ہیں۔";"بىر ساننى **قوشىدىغان** مىساللار.";"Sonni **qo‘shadigan** misollar.";"Bài toán **cộng** một số.";"Symiau lle rwyt ti’n **adio** rhif.";"Izibalo lapho **wengeza** inombolo."
"levelIntro.addition.title %lld";"";"The level-intro card. Titles are set in a large heavy face and shrink rather than wrap, so short is better. Aim for 20 characters or fewer. Keep 1× %lld (a number).";"Add %lld";"Plus %lld";"Tel %lld by";"Shto %lld";"%lld ጨምር";"أضف %lld";"Գումարել %lld";"%lld যোগ";"%lld əlavə et";"Gehitu %lld";"Дадаць %lld";"%lld যোগ";"Dodaj %lld";"Плюс %lld";"%lld ပေါင်း";"Suma %lld";"加 %lld";"Zbroji %lld";"Přičti %lld";"Plus %lld";"Liida %lld";"Pluss %lld";"Lisää %lld";"Plus %lld";"Sumar %lld";"მიამატე %lld";"Plus %lld";"Πρόσθεσε %lld";"%lld ઉમેરો";"הוספת %lld";"%lld जोड़ो";"+ %lld";"Plús %lld";"Tambah %lld";"Cuir %lld leis";"Più %lld";"%lldをたす";"%lld ಸೇರಿಸು";"%lld қосу";"បូក %lld";"%lld 더하기";"ບວກ %lld";"Pieskaiti %lld";"Pridėti %lld";"Плус %lld";"Tambah %lld";"%lld കൂട്ടുക";"%lld जोडा";"%lld-ыг нэм";"%lld जोड";"Pluss %lld";"%lld ଯୋଗ";"جمع %lld";"Dodaj %lld";"Somar %lld";"%lld ਜੋੜੋ";"Adună %lld";"Плюс %lld";"Saberi %lld";"%lld එකතු කරන්න";"Pripočítaj %lld";"Prištej %lld";"Sumar %lld";"Jumlisha %lld";"Plus %lld";"%lld கூட்டு";"%lld కలుపు";"บวก %lld";"%lld སྣོན";"%lld ekle";"Додати %lld";"%lld جمع کریں";"%lld نى قوش";"%lld qo‘sh";"Cộng %lld";"Adio %lld";"Hlanganisa %lld"
"levelIntro.cardsBullet.hoop %lld";"";"A bullet on the level-intro card, wrapping over two lines. Aim for 76 characters or fewer. Keep 1× %lld (a number). **Double asterisks** mark bold. Keep exactly one pair, around whichever words carry the emphasis in your language — not necessarily the same words as in English. The count is always 20, 30, 40 or 50 (GameConfig level maximums), which every language treats alike, so this needs no other plural form.";"You can collect up to **%lld hoops** in this level.";"Je kunt in dit level maximaal **%lld hoepels** verzamelen.";"Jy kan tot **%lld hoepels** in hierdie vlak versamel.";"Në këtë nivel mund të mbledhësh deri në **%lld rrathë**.";"በዚህ ደረጃ እስከ **%lld ቀለበት** መሰብሰብ ትችላለህ።";"يمكنك جمع حتى **%lld حلقة** في هذا المستوى.";"Այս մակարդակում կարող ես հավաքել մինչև **%lld օղակ**։";"এই স্তৰত তুমি সৰ্বাধিক **%lld বলয়** সংগ্ৰহ কৰিব পাৰা।";"Bu səviyyədə **%lld halqaya** qədər toplaya bilərsən.";"Maila honetan gehienez **%lld uztai** bil ditzakezu.";"На гэтым узроўні можна сабраць да **%lld абручоў**.";"এই লেভেলে তুমি সর্বোচ্চ **%lld বলয়** সংগ্রহ করতে পারো।";"Na ovom nivou možeš skupiti do **%lld obruča**.";"В това ниво можеш да събереш до **%lld обръча**.";"ဒီအဆင့်မှာ **%lld ကွင်း** အထိ စုဆောင်းနိုင်တယ်။";"En aquest nivell pots recollir fins a **%lld cèrcols**.";"本关最多可收集 **%lld 个圆环**。";"Na ovoj razini možeš prikupiti do **%lld obruča**.";"V této úrovni můžeš sebrat až **%lld obručí**.";"På dette niveau kan du samle op til **%lld ringe**.";"Sellel tasemel saad koguda kuni **%lld rõngast**.";"Á hesum stiginum kanst tú savna upp í **%lld ringar**.";"Tällä tasolla voit kerätä enintään **%lld vannetta**.";"Tu peux ramasser jusqu’à **%lld cerceaux** dans ce niveau.";"Neste nivel podes recoller ata **%lld aros**.";"ამ დონეზე შეგიძლია შეაგროვო მაქსიმუმ **%lld რგოლი**.";"Du kannst in diesem Level bis zu **%lld Reifen** sammeln.";"Σε αυτό το επίπεδο μπορείς να μαζέψεις έως **%lld στεφάνια**.";"આ લેવલમાં તમે વધુમાં વધુ **%lld વલયો** એકત્ર કરી શકો છો.";"בשלב הזה אפשר לאסוף עד **%lld חישוקים**.";"इस लेवल में तुम अधिकतम **%lld छल्ले** इकट्ठे कर सकते हो।";"Ezen a pályán legfeljebb **%lld karikát** gyűjthetsz.";"Í þessu borði geturðu safnað allt að **%lld hringjum**.";"Di level ini kamu bisa mengumpulkan hingga **%lld simpai**.";"Is féidir leat suas le **%lld fonsa** a bhailiú sa leibhéal seo.";"In questo livello puoi raccogliere fino a **%lld cerchi**.";"このレベルでは **%lld個のフープ** まで集められます。";"ಈ ಹಂತದಲ್ಲಿ ಗರಿಷ್ಠ **%lld ವಲಯಗಳನ್ನು** ಸಂಗ್ರಹಿಸಬಹುದು.";"Бұл деңгейде **%lld шеңберге** дейін жинай аласың.";"នៅកម្រិតនេះ អ្នកអាចប្រមូលបានរហូតដល់ **%lld រង្វង់**។";"이 레벨에서는 **%lld개의 후프**까지 모을 수 있어요.";"ໃນດ່ານນີ້ ເຈົ້າເກັບໄດ້ສູງສຸດ **%lld ວົງ**.";"Šajā līmenī vari savākt līdz **%lld riņķiem**.";"Šiame lygyje gali surinkti iki **%lld lankų**.";"На ова ниво можеш да собереш до **%lld обрачи**.";"Dalam tahap ini, kamu boleh mengumpul sehingga **%lld gelung**.";"ഈ ലെവലിൽ പരമാവധി **%lld വളയങ്ങൾ** ശേഖരിക്കാം.";"या लेव्हलमध्ये तू जास्तीत जास्त **%lld वलये** गोळा करू शकतोस.";"Энэ түвшинд **%lld цагираг** хүртэл цуглуулж болно.";"यो लेभलमा बढीमा **%lld घेरा** सङ्कलन गर्न सक्छौ।";"På dette nivået kan du samle opptil **%lld ringer**.";"ଏହି ସ୍ତରରେ ସର୍ବାଧିକ **%lld ବଳୟ** ସଂଗ୍ରହ କରିପାରିବ।";"در این مرحله می‌توانی تا **%lld حلقه** جمع کنی.";"Na tym poziomie możesz zebrać do **%lld obręczy**.";"Neste nível podes apanhar até **%lld aros**.";"ਇਸ ਲੈਵਲ ਵਿੱਚ ਤੁਸੀਂ ਵੱਧ ਤੋਂ ਵੱਧ **%lld ਛੱਲੇ** ਇਕੱਠੇ ਕਰ ਸਕਦੇ ਹੋ।";"În acest nivel poți aduna până la **%lld cercuri**.";"На этом уровне можно собрать до **%lld обручей**.";"На овом нивоу можеш сакупити до **%lld обруча**.";"මේ මට්ටමේදී **%lld වළලු** දක්වා එකතු කළ හැක.";"V tejto úrovni môžeš nazbierať až **%lld obručí**.";"Na tej stopnji lahko zbereš do **%lld obročev**.";"En este nivel puedes recoger hasta **%lld aros**.";"Katika kiwango hiki unaweza kukusanya hadi **%lld vitanzi**.";"På den här nivån kan du samla upp till **%lld ringar**.";"இந்த நிலையில் அதிகபட்சம் **%lld வளையங்கள்** சேகரிக்கலாம்.";"ఈ లెవెల్‌లో గరిష్ఠంగా **%lld వలయాలు** సేకరించవచ్చు.";"ด่านนี้เก็บได้สูงสุด **%lld ห่วง**";"རིམ་པ་འདིར **%lld ཨ་ལོང་** བར་བསྡུ་ཆོག";"Bu seviyede en fazla **%lld çember** toplayabilirsin.";"На цьому рівні можна зібрати до **%lld обручів**.";"اس لیول میں آپ زیادہ سے زیادہ **%lld حلقے** جمع کر سکتے ہیں۔";"بۇ دەرىجىدە ئەڭ كۆپ **%lld چەمبەر** يىغالايسىز.";"Bu bosqichda **%lld chambargacha** to‘plash mumkin.";"Ở màn này, bạn có thể thu thập tối đa **%lld vòng**.";"Yn y lefel hon, gelli di gasglu hyd at **%lld cylch**.";"Kuleli zinga ungaqoqa kuze kufike **%lld amaringi**."
"levelIntro.fractions.intro";"";"A bullet on the level-intro card, wrapping over two lines. Aim for 62 characters or fewer. **Double asterisks** mark bold. Keep exactly one pair, around whichever words carry the emphasis in your language — not necessarily the same words as in English.";"Sums where you **divide** a number.";"Sommen waarbij je een getal **deelt**.";"Somme waar jy 'n getal \*\*deel\*\*.";"Ushtrime ku **pjesëton** një numër.";"ቁጥርን **የምትከፍልባቸው** ስሌቶች።";"مسائل **تقسم** فيها عددًا.";"Օրինակներ, որտեղ թիվ ես **բաժանում**։";"য’ত তুমি এটা সংখ্যাক **ভাগ** কৰা অংক।";"Bir ədədi **böldüyün** misallar.";"Zenbaki bat \*\*zatitzen\*\* duten eragiketak.";"Прыклады, дзе трэба **дзяліць** лік.";"যেসব অঙ্কে একটি সংখ্যা দিয়ে **ভাগ** করো।";"Zadaci gdje broj **dijeliš**.";"Задачи, в които **делиш** число.";"ဂဏန်းတစ်ခုကို **စား**တဲ့ ပုစ္ဆာတွေ။";"Sumes on **divideixes** un nombre.";"把一个数\*\*除以\*\*另一个数。";"Zadaci u kojima broj **dijeliš**.";"Příklady, kde číslem **dělíš**.";"Regnestykker, hvor du **dividerer med** et tal.";"Tehted, kus sa arvu **jagad**.";"Uppgávur, har tú **deilir** eitt tal.";"Laskuja, joissa **jaat** luvun.";"Calculs où tu **divises** un nombre.";"Contas nas que \*\*divides\*\* un número.";"მაგალითები, სადაც რიცხვს \*\*ყოფ\*\*.";"Aufgaben, bei denen du eine Zahl **teilst**.";"Ασκήσεις όπου **διαιρείς** έναν αριθμό.";"જે દાખલામાં સંખ્યાને **ભાગો**.";"תרגילים שבהם **מחלקים** מספר.";"ऐसे सवाल जिनमें संख्या को **भाग** देते हो।";"Feladatok, ahol egy számot **elosztasz**.";"Dæmi þar sem þú **deilir** tölu.";"Soal untuk \*\*membagi\*\* angka.";"Suimeanna ina **roinneann tú** uimhir.";"Calcoli in cui **dividi** un numero.";"数を\*\*わる\*\*問題。";"ಸಂಖ್ಯೆಯನ್ನು **ಭಾಗಿಸುವ** ಲೆಕ್ಕಗಳು.";"Санды **бөлетін** есептер.";"លំហាត់ដែលអ្នក **ចែក** ចំនួនមួយ។";"숫자를 **나누는** 문제.";"ໂຈດທີ່ເຈົ້າ **ຫານ** ຕົວເລກ.";"Uzdevumi, kuros skaitli **dali**.";"Uždaviniai, kuriuose skaičių **daliji**.";"Задачи каде **делиш** број.";"Soalan yang kamu **bahagi** nombor.";"ഒരു സംഖ്യ **ഹരിക്കുന്ന** കണക്കുകൾ.";"ज्यात संख्येला \*\*भागायचे\*\* अशी उदाहरणे.";"Тоог **хуваах** бодлогууд.";"एउटा संख्या **भाग गर्ने** हिसाब।";"Oppgaver der du **deler** et tall.";"ଯେଉଁ ସମରେ ଏକ ସଂଖ୍ୟାକୁ **ଭାଗ** କର।";"تمرین‌هایی که در آن عددی را **تقسیم** می‌کنی.";"Działania, w których **dzielisz** liczbę.";"Contas em que **divides** um número.";"ਜਿੱਥੇ ਤੁਸੀਂ ਇੱਕ ਸੰਖਿਆ ਨੂੰ **ਭਾਗ** ਦਿੰਦੇ ਹੋ।";"Exerciții în care **împarți** un număr.";"Примеры, где нужно \*\*делить\*\* число.";"Zadaci u kojima **deliš** broj.";"අංකයක් **බෙදන** ගණන්.";"Príklady, kde číslo **delíš**.";"Računi, kjer število **deliš**.";"Sumas en las que **divides** un número.";"Maswali ya **kugawanya** namba.";"Tal där du **delar** ett tal.";"ஒரு எண்ணை **வகுக்கும்** கணக்குகள்.";"ఒక సంఖ్యను **భాగించే** లెక్కలు.";"โจทย์ที่ให้ **หาร** ตัวเลข";"གྲངས་ཤིག **བགོ་བའི** རྩིས།";"Bir sayıyı **böldüğün** işlemler.";"Приклади, де треба \*\*ділити\*\* число.";"وہ سوال جن میں آپ عدد کو **تقسیم** کرتے ہیں۔";"بىر ساننى **بۆلىدىغان** مىساللار.";"Sonni **bo‘ladigan** misollar.";"Bài toán **chia** một số.";"Symiau lle rwyt ti’n **rhannu** rhif.";"Izibalo lapho **uhlukanisa** inombolo."
"levelIntro.fractions.title %lld";"";"The level-intro card. Titles are set in a large heavy face and shrink rather than wrap, so short is better. Aim for 20 characters or fewer. Keep 1× %lld (a number).";"Divide by %lld";"Delen door %lld";"Deel deur %lld";"Pjesëto me %lld";"በ %lld ክፈል";"اقسم على %lld";"Բաժանել %lld-ի";"%lldৰে ভাগ";"%lld-ə böl";"Zatitu %lldz";"Дзяліць на %lld";"%lld দিয়ে ভাগ";"Podijeli sa %lld";"Деление на %lld";"%lld နဲ့ စား";"Divideix per %lld";"除以 %lld";"Podijeli s %lld";"Dělit %lld";"Divider med %lld";"Jaga %lld-ga";"Deil við %lld";"Jaa %lld:llä";"Diviser par %lld";"Dividir entre %lld";"გაყავი %lld-ზე";"Geteilt durch %lld";"Διαίρεσε με %lld";"%lld થી ભાગો";"חלקי %lld";"%lld से भाग";"Osztás %lld-del";"Deila með %lld";"Bagi %lld";"Roinn ar %lld";"Dividi per %lld";"%lldでわる";"%lldರಿಂದ ಭಾಗಿಸು";"%lld-ге бөлу";"ចែកនឹង %lld";"%lld로 나누기";"ຫານດ້ວຍ %lld";"Dalīt ar %lld";"Dalyba iš %lld";"Дели со %lld";"Bahagi %lld";"%lld കൊണ്ട് ഹരിക്കുക";"%lld ने भागा";"%lld-д хуваа";"%lld ले भाग";"Del på %lld";"%lld ଦ୍ୱାରା ଭାଗ";"تقسیم بر %lld";"Podziel przez %lld";"Dividir por %lld";"%lld ਨਾਲ ਭਾਗ";"Împarte la %lld";"Деление на %lld";"Podeli sa %lld";"%lld න් බෙදන්න";"Delenie %lld";"Deli z %lld";"Dividir entre %lld";"Gawanya kwa %lld";"Dela med %lld";"%lld ஆல் வகு";"%lldతో భాగించు";"หารด้วย %lld";"%lld གིས་བགོ";"%lld ile böl";"Ділити на %lld";"%lld سے تقسیم";"%lld گە بۆل";"%lld ga bo‘l";"Chia cho %lld";"Rhannu â %lld";"Hlukanisa ngo-%lld"
"levelIntro.levelRange %lld";"";"A bullet on the level-intro card, wrapping over two lines. Aim for 62 characters or fewer. Keep 1× %lld (a number). **Double asterisks** mark bold. Keep exactly one pair, around whichever words carry the emphasis in your language — not necessarily the same words as in English.";"Questions up to **level %lld**.";"Vragen t/m **level %lld**.";"Vrae tot en met \*\*vlak %lld\*\*.";"Pyetje deri në **nivelin %lld**.";"እስከ **ደረጃ %lld** ያሉ ጥያቄዎች።";"أسئلة حتى **المستوى %lld**.";"Հարցեր մինչև **%lld մակարդակ**։";"**লেভেল %lld**লৈকে প্ৰশ্ন।";"**%lld-ci səviyyəyə** qədər suallar.";"\*\*%lld. mailara\*\* arteko galderak.";"Заданні да **ўзроўню %lld**.";"**লেভেল %lld** পর্যন্ত প্রশ্ন।";"Zadaci do **nivoa %lld**.";"Задачи до **ниво %lld**.";"**အဆင့် %lld** အထိ မေးခွန်းတွေ။";"Preguntes fins al **nivell %lld**.";"题目到\*\*第 %lld 关\*\*。";"Zadaci do **razine %lld**.";"Otázky až do **úrovně %lld**.";"Opgaver op til **niveau %lld**.";"Küsimused kuni **tasemeni %lld**.";"Uppgávur upp í **stig %lld**.";"Tehtäviä **tasolle %lld** asti.";"Questions jusqu’au **niveau %lld**.";"Preguntas ata o \*\*nivel %lld\*\*.";"კითხვები \*\*%lld დონემდე\*\*.";"Aufgaben bis **Level %lld**.";"Ασκήσεις έως **επίπεδο %lld**.";"**લેવલ %lld** સુધીના પ્રશ્નો.";"שאלות עד **שלב %lld**.";"**लेवल %lld** तक के सवाल।";"Kérdések **%lld. szintig**.";"Spurningar upp að **borði %lld**.";"Soal hingga \*\*level %lld\*\*.";"Ceisteanna suas go **leibhéal %lld**.";"Domande fino al **livello %lld**.";"\*\*レベル%lldまで\*\*の問題。";"**ಹಂತ %lld** ವರೆಗಿನ ಪ್ರಶ್ನೆಗಳು.";"**%lld-деңгейге** дейінгі сұрақтар.";"សំណួររហូតដល់ **លេវែល %lld**។";"**레벨 %lld**까지의 문제.";"ຄຳຖາມເຖິງ **ດ່ານ %lld**.";"Jautājumi līdz **%lld. līmenim**.";"Klausimai iki **%lld lygio**.";"Задачи до **ниво %lld**.";"Soalan hingga **tahap %lld**.";"**ലെവൽ %lld** വരെ ചോദ്യങ്ങൾ.";"\*\*स्तर %lld\*\* पर्यंतचे प्रश्न.";"**%lld-р түвшин** хүртэлх бодлогууд.";"**लेभल %lld** सम्मका प्रश्न।";"Oppgaver opptil **nivå %lld**.";"**ଲେଭେଲ୍ %lld** ପର୍ଯ୍ୟନ୍ତ ପ୍ରଶ୍ନ।";"سؤال‌ها تا **مرحله %lld**.";"Pytania do **poziomu %lld**.";"Perguntas até ao **nível %lld**.";"**ਲੈਵਲ %lld** ਤੱਕ ਦੇ ਸਵਾਲ।";"Întrebări până la **nivelul %lld**.";"Задания до \*\*уровня %lld\*\*.";"Zadaci do **nivoa %lld**.";"**%lld මට්ටම** දක්වා ප්‍රශ්න.";"Otázky až po **úroveň %lld**.";"Naloge do **stopnje %lld**.";"Preguntas hasta el **nivel %lld**.";"Maswali hadi **kiwango cha %lld**.";"Frågor upp till **nivå %lld**.";"**நிலை %lld** வரை கேள்விகள்.";"**లెవెల్ %lld** వరకు ప్రశ్నలు.";"คำถามถึง **ด่าน %lld**";"**རིམ་པ %lld** བར་གྱི་དྲི་བ།";"**%lld. seviyeye** kadar sorular.";"Завдання до \*\*рівня %lld\*\*.";"**لیول %lld** تک کے سوال۔";"**%lld-دەرىجىگىچە** سوئاللار.";"**%lld-bosqichgacha** savollar.";"Câu hỏi đến **màn %lld**.";"Cwestiynau hyd at **lefel %lld**.";"Imibuzo kuze kufike **izinga %lld**."
"levelIntro.levelRange.first";"";"A bullet on the level-intro card, wrapping over two lines. Aim for 62 characters or fewer. **Double asterisks** mark bold. Keep exactly one pair, around whichever words carry the emphasis in your language — not necessarily the same words as in English.";"Questions from **level 1**.";"Vragen uit **level 1**.";"Vrae van \*\*vlak 1\*\*.";"Pyetje nga **niveli 1**.";"ከ **ደረጃ 1** የሚጀምሩ ጥያቄዎች።";"أسئلة من **المستوى 1**.";"Հարցեր՝ **1-ին մակարդակից**։";"**লেভেল 1**ৰ পৰা প্ৰশ্ন।";"**1-ci səviyyədən** suallar.";"\*\*1. mailako\*\* galderak.";"Заданні **1-га ўзроўню**.";"**লেভেল 1** থেকে প্রশ্ন।";"Zadaci iz **nivoa 1**.";"Задачи от **ниво 1**.";"**အဆင့် 1** က မေးခွန်းတွေ။";"Preguntes del **nivell 1**.";"来自\*\*第 1 关\*\*的题目。";"Zadaci od **razine 1**.";"Otázky od **úrovně 1**.";"Opgaver fra **niveau 1**.";"Küsimused **tasemelt 1**.";"Uppgávur frá **stigi 1**.";"Tehtäviä **tasolta 1**.";"Questions du **niveau 1**.";"Preguntas do \*\*nivel 1\*\*.";"კითხვები \*\*1-ლი დონიდან\*\*.";"Aufgaben aus **Level 1**.";"Ασκήσεις από **επίπεδο 1**.";"**લેવલ 1** ના પ્રશ્નો.";"שאלות מ-**שלב 1**.";"**लेवल 1** के सवाल।";"Kérdések az **1. szintről**.";"Spurningar frá **borði 1**.";"Soal dari \*\*level 1\*\*.";"Ceisteanna ó **leibhéal 1**.";"Domande dal **livello 1**.";"\*\*レベル1\*\*の問題。";"**ಹಂತ 1**ರ ಪ್ರಶ್ನೆಗಳು.";"**1-деңгейден** сұрақтар.";"សំណួរចាប់ពី **លេវែល 1**។";"**레벨 1**부터의 문제.";"ຄຳຖາມຈາກ **ດ່ານ 1**.";"Jautājumi no **1. līmeņa**.";"Klausimai nuo **1 lygio**.";"Задачи од **ниво 1**.";"Soalan dari **tahap 1**.";"**ലെവൽ 1** മുതൽ ചോദ്യങ്ങൾ.";"\*\*स्तर 1\*\* पासूनचे प्रश्न.";"**1-р түвшний** бодлогууд.";"**लेभल 1** का प्रश्न।";"Oppgaver fra **nivå 1**.";"**ଲେଭେଲ୍ 1** ରୁ ପ୍ରଶ୍ନ।";"سؤال‌ها از **مرحله 1**.";"Pytania od **poziomu 1**.";"Perguntas do **nível 1**.";"**ਲੈਵਲ 1** ਦੇ ਸਵਾਲ।";"Întrebări de la **nivelul 1**.";"Задания из \*\*уровня 1\*\*.";"Zadaci od **nivoa 1**.";"**1 මට්ටමේ** ප්‍රශ්න.";"Otázky od **úrovne 1**.";"Naloge od **stopnje 1**.";"Preguntas del **nivel 1**.";"Maswali kutoka **kiwango cha 1**.";"Frågor från **nivå 1**.";"**நிலை 1** முதல் கேள்விகள்.";"**లెవెల్ 1** నుంచి ప్రశ్నలు.";"คำถามจาก **ด่าน 1**";"**རིམ་པ 1** ནས་དྲི་བ།";"**1. seviyeden** sorular.";"Завдання з \*\*рівня 1\*\*.";"**لیول 1** کے سوال۔";"**1-دەرىجىدىن** سوئاللار.";"**1-bosqichdan** savollar.";"Câu hỏi từ **màn 1**.";"Cwestiynau o **lefel 1**.";"Imibuzo esuka **ezingeni 1**."
"levelIntro.mixed.intro";"";"A bullet on the level-intro card, wrapping over two lines. Aim for 89 characters or fewer. **Double asterisks** mark bold. Keep exactly one pair, around whichever words carry the emphasis in your language — not necessarily the same words as in English.";"**Everything mixed**: plus, minus, times, fractions and percentages.";"**Alles door elkaar**: plus, min, keer, breuken en procenten.";"\*\*Alles gemeng\*\*: plus, minus, maal, breuke en persentasies.";"**Gjithçka përzier**: plus, minus, shumëzim, thyesa dhe përqindje.";"**ሁሉም ተቀላቅሎ**፦ መደመር፣ መቀነስ፣ ማባዛት፣ ክፍልፋይ እና መቶኛ።";"**كل شيء مختلط**: جمع، طرح، ضرب، كسور ونِسَب مئوية.";"**Ամեն ինչ խառնված**՝ գումարում, հանում, բազմապատկում, կոտորակներ ու տոկոսներ։";"**সকলো মিহলি**: যোগ, বিয়োগ, পূৰণ, ভগ্নাংশ আৰু শতাংশ।";"**Hamısı qarışıq**: toplama, çıxma, vurma, kəsrlər və faizlər.";"\*\*Dena nahastuta\*\*: batuketak, kenketak, biderketak, zatikiak eta ehunekoak.";"**Усё ўперамешку**: плюс, мінус, множанне, дробы і працэнты.";"**সব মিশিয়ে**: যোগ, বিয়োগ, গুণ, ভগ্নাংশ ও শতাংশ।";"**Sve pomiješano**: plus, minus, puta, razlomci i procenti.";"**Всичко смесено**: плюс, минус, умножение, дроби и проценти.";"**အားလုံးရော**: ပေါင်း၊ နုတ်၊ မြှောက်၊ အပိုင်းကိန်းနဲ့ ရာခိုင်နှုန်း။";"**Tot barrejat**: sumar, restar, multiplicar, fraccions i percentatges.";"\*\*全部混合\*\*：加、减、乘、分数和百分数。";"**Sve pomiješano**: plus, minus, puta, razlomci i postoci.";"**Všechno dohromady**: plus, mínus, krát, zlomky a procenta.";"**Alt blandet**: plus, minus, gange, brøker og procenter.";"**Kõik segamini**: liitmine, lahutamine, korrutamine, murrud ja protsendid.";"**Alt blandað**: pluss, minus, ferðir, brot og prosent.";"**Kaikki sekaisin**: plus, miinus, kerto, murtoluvut ja prosentit.";"**Tout mélangé** : plus, moins, fois, fractions et pourcentages.";"\*\*Todo mesturado\*\*: sumar, restar, multiplicar, fraccións e porcentaxes.";"\*\*ყველაფერი არეული\*\*: პლუსი, მინუსი, გამრავლება, წილადები და პროცენტები.";"**Alles gemischt**: Plus, Minus, Mal, Brüche und Prozente.";"**Όλα μαζί**: πρόσθεση, αφαίρεση, πολλαπλασιασμός, κλάσματα και ποσοστά.";"**બધું મિક્સ**: સરવાળો, બાદબાકી, ગુણાકાર, અપૂર્ણાંક અને ટકા.";"**הכול מעורבב**: חיבור, חיסור, כפל, שברים ואחוזים.";"**सब मिला-जुला**: जोड़, घटाव, गुणा, भिन्न और प्रतिशत।";"**Minden vegyesen**: plusz, mínusz, szorzás, törtek és százalékok.";"**Allt í bland**: plús, mínus, margföldun, brot og prósentur.";"\*\*Semua campur\*\*: tambah, kurang, kali, pecahan, dan persen.";"**Gach rud measctha**: móide, lúide, iolrú, codáin agus céatadáin.";"**Tutto mescolato**: più, meno, per, frazioni e percentuali.";"\*\*ぜんぶミックス\*\*: たし算、ひき算、かけ算、分数、パーセント。";"**ಎಲ್ಲವೂ ಮಿಶ್ರ**: ಪ್ಲಸ್, ಮೈನಸ್, ಗುಣಾಕಾರ, ಭಿನ್ನರಾಶಿ ಮತ್ತು ಶೇಕಡಾ.";"**Бәрі аралас**: қосу, азайту, көбейту, бөлшектер мен пайыздар.";"**ចម្រុះទាំងអស់**៖ បូក ដក គុណ ប្រភាគ និងភាគរយ។";"**모두 섞어서**: 덧셈, 뺄셈, 곱셈, 분수, 백분율.";"**ປົນກັນໝົດ**: ບວກ, ລົບ, ຄູນ, ເສດສ່ວນ ແລະ ເປີເຊັນ.";"**Viss sajaukts**: plusi, mīnusi, reizināšana, daļas un procenti.";"**Viskas sumaišyta**: pliusas, minusas, daugyba, trupmenos ir procentai.";"**Сè измешано**: плус, минус, множење, дропки и проценти.";"**Semua bercampur**: tambah, tolak, darab, pecahan dan peratus.";"**എല്ലാം കലർത്തി**: കൂട്ടൽ, കുറയ്ക്കൽ, ഗുണനം, ഭിന്നങ്ങൾ, ശതമാനം.";"\*\*सगळे मिसळून\*\*: बेरीज, वजाबाकी, गुणाकार, अपूर्णांक आणि टक्केवारी.";"**Бүгд холилдоно**: нэмэх, хасах, үржих, бутархай, хувь.";"**सबै मिसाएर**: जोड, घटाउ, गुणा, भिन्न र प्रतिशत।";"**Alt blandet**: pluss, minus, gange, brøk og prosent.";"**ସବୁ ମିଶିତ**: ଯୋଗ, ବିୟୋଗ, ଗୁଣ, ଭଗ୍ନାଂଶ ଓ ଶତକଡ଼ା।";"**همه باهم**: جمع، تفریق، ضرب، کسر و درصد.";"**Wszystko razem**: plus, minus, razy, ułamki i procenty.";"**Tudo misturado**: somar, subtrair, multiplicar, frações e percentagens.";"**ਸਭ ਕੁਝ ਮਿਲਿਆ-ਜੁਲਿਆ**: ਜੋੜ, ਘਟਾਓ, ਗੁਣਾ, ਭਿੰਨਾਂ ਤੇ ਪ੍ਰਤੀਸ਼ਤ।";"**Totul amestecat**: plus, minus, ori, fracții și procente.";"\*\*Всё вперемешку\*\*: плюс, минус, умножение, дроби и проценты.";"**Sve pomešano**: sabiranje, oduzimanje, množenje, razlomci i procenti.";"**හැම දෙයක්ම මිශ්‍රයි**: එකතු, අඩු, ගුණ, භාග සහ ප්‍රතිශත.";"**Všetko zmiešané**: plus, mínus, násobenie, zlomky a percentá.";"**Vse pomešano**: plus, minus, krat, ulomki in odstotki.";"**Todo mezclado**: sumar, restar, multiplicar, fracciones y porcentajes.";"**Mchanganyiko wote**: jumlisha, toa, zidisha, sehemu na asilimia.";"**Allt blandat**: plus, minus, gånger, bråk och procent.";"**எல்லாம் கலந்து**: கூட்டல், கழித்தல், பெருக்கல், பின்னங்கள், சதவீதங்கள்.";"**అన్నీ కలిపి**: కూడిక, తీసివేత, గుణకారం, భిన్నాలు, శాతాలు.";"**รวมทุกอย่าง**: บวก ลบ คูณ เศษส่วน และเปอร์เซ็นต์";"**ཚང་མ་མཉམ་བསྲེས**: སྣོན། འཐེན། སྒྱུར། ཆ་ཤས། བརྒྱ་ཆ།";"**Hepsi karışık**: artı, eksi, çarpma, kesir ve yüzde.";"\*\*Усе впереміш\*\*: плюс, мінус, множення, дроби й відсотки.";"**سب ملا جلا**: جمع، تفریق، ضرب، کسر اور فیصد۔";"**ھەممىسى ئارىلاش**: قوشۇش، ئېلىش، كۆپەيتىش، كەسىر ۋە پىرسەنت.";"**Hammasi aralash**: qo‘shish, ayirish, ko‘paytirish, kasr va foizlar.";"**Trộn tất cả**: cộng, trừ, nhân, phân số và phần trăm.";"**Popeth yn gymysg**: adio, tynnu, lluosi, ffracsiynau a chanrannau.";"**Konke kuxubene**: hlanganisa, susa, phindaphinda, amafrakshini namaphesenti."
"levelIntro.mixed.title %lld";"";"The level-intro card. Titles are set in a large heavy face and shrink rather than wrap, so short is better. Aim for 20 characters or fewer. Keep 1× %lld (a number).";"Supermix %lld";"Supermix %lld";"Supermengsel %lld";"Supermix %lld";"ሱፐርሚክስ %lld";"مزيج خارق %lld";"Սուպերմիքս %lld";"ছুপাৰমিক্স %lld";"Superqarışıq %lld";"Supermix %lld";"Супермікс %lld";"সুপারমিক্স %lld";"Supermiks %lld";"Супермикс %lld";"အကုန်ရော %lld";"Supermix %lld";"超级混合 %lld";"Supermiks %lld";"Supermix %lld";"Supermix %lld";"Supermix %lld";"Supermix %lld";"Supermix %lld";"Supermix %lld";"Supermix %lld";"სუპერმიქსი %lld";"Supermix %lld";"Σούπερ μιξ %lld";"સુપરમિક્સ %lld";"סופרמיקס %lld";"सुपरमिक्स %lld";"Szupermix %lld";"Ofurblanda %lld";"Supermix %lld";"Sár-mheascán %lld";"Supermix %lld";"スーパーミックス %lld";"ಸೂಪರ್‌ಮಿಕ್ಸ್ %lld";"Супераралас %lld";"Supermix %lld";"슈퍼믹스 %lld";"ຊູເປີມິກ %lld";"Supermix %lld";"Supermišinys %lld";"Супермикс %lld";"Supermix %lld";"സൂപ്പർമിക്സ് %lld";"सुपरमिक्स %lld";"Супермикс %lld";"सुपरमिक्स %lld";"Supermiks %lld";"ସୁପରମିକ୍ସ %lld";"سوپرمیکس %lld";"Supermix %lld";"Supermix %lld";"ਸੁਪਰਮਿਕਸ %lld";"Supermix %lld";"Супермикс %lld";"Supermiks %lld";"සුපර්මික්ස් %lld";"Supermix %lld";"Supermix %lld";"Supermix %lld";"Mchanganyiko %lld";"Supermix %lld";"சூப்பர் மிக்ஸ் %lld";"సూపర్‌మిక్స్ %lld";"ซูเปอร์มิกซ์ %lld";"Supermix %lld";"Süper miks %lld";"Супермікс %lld";"سپر مکس %lld";"Supermix %lld";"Supermix %lld";"Siêu trộn %lld";"Cymysgedd %lld";"Ingxube %lld"
"levelIntro.mode.fractions.order";"";"A bullet on the level-intro card, wrapping over two lines. Aim for 62 characters or fewer. **Double asterisks** mark bold. Keep exactly one pair, around whichever words carry the emphasis in your language — not necessarily the same words as in English.";"Always a **single part** of a whole.";"Altijd **één deel** van een geheel.";"Altyd \*\*een deel\*\* van 'n geheel.";"Gjithmonë **një pjesë** e një të tëre.";"ሁልጊዜ ከአንድ ሙሉ **አንድ ክፍል**።";"دائمًا **جزء واحد** من الكل.";"Ամբողջի միշտ **մեկ մասը**։";"এটা সম্পূৰ্ণৰ **এটা অংশ**।";"Tamın həmişə **bir hissəsi**.";"Osotasun baten \*\*zati bakarra\*\* beti.";"Заўсёды **адна частка** цэлага.";"সব সময় একটি পূর্ণের **একটি অংশ**।";"Uvijek **jedan dio** cjeline.";"Винаги **една част** от цяло.";"တစ်ခုလုံးရဲ့ **တစ်ပိုင်းပဲ**။";"Sempre **una sola part** d’un tot.";"总是一个整体的\*\*一部分\*\*。";"Uvijek **jedan dio** cjeline.";"Vždy jen **jedna část** celku.";"Altid **én del** af en helhed.";"Alati **üks osa** tervikust.";"Altíð **ein partur** av einum heili.";"Aina **yksi osa** kokonaisuudesta.";"Toujours **une seule part** d’un tout.";"Sempre \*\*unha soa parte\*\* dun todo.";"ყოველთვის მთელის \*\*ერთი ნაწილი\*\*.";"Immer **ein Teil** eines Ganzen.";"Πάντα **ένα μέρος** ενός όλου.";"આખાનો હંમેશાં **એક ભાગ**.";"תמיד **חלק אחד** מתוך שלם.";"पूरे का हमेशा **एक हिस्सा**।";"Mindig az egész **egyetlen része**.";"Alltaf **einn hluti** af heild.";"Selalu \*\*satu bagian\*\* dari keseluruhan.";"**Cuid amháin** d’iomlán i gcónaí.";"Sempre **una sola parte** di un intero.";"全体の\*\*1つの部分\*\*。";"ಒಟ್ಟಿನ **ಒಂದು ಭಾಗ** ಮಾತ್ರ.";"Бүтіннің әрқашан **бір бөлігі**.";"តែងតែជា **មួយផ្នែក** នៃទាំងមូល។";"전체의 **한 부분**만.";"ເປັນ **ສ່ວນດຽວ** ຂອງທັງໝົດສະເໝີ.";"Vienmēr **viena daļa** no veselā.";"Visada **viena dalis** visumos.";"Секогаш **еден дел** од целина.";"Sentiasa **satu bahagian** daripada keseluruhan.";"മുഴുവന്റെ **ഒരു ഭാഗം** മാത്രം.";"पूर्णाचा नेहमी \*\*एकच भाग\*\*.";"Бүхлийн **нэг хэсэг**.";"पूरैको **एउटा भाग** मात्र।";"Alltid **én del** av en hel.";"ପୂର୍ଣ୍ଣର ସବୁବେଳେ **ଗୋଟିଏ ଭାଗ**।";"همیشه **یک بخش** از یک کل.";"Zawsze **jedna część** całości.";"Sempre **uma só parte** de um todo.";"ਹਮੇਸ਼ਾਂ ਪੂਰੇ ਦਾ **ਇੱਕ ਹਿੱਸਾ**।";"Mereu **o singură parte** dintr-un întreg.";"Всегда \*\*одна часть\*\* целого.";"Uvek **jedan deo** celine.";"සම්පූර්ණයකින් හැමවිටම **එක් කොටසක්**.";"Vždy **jedna časť** celku.";"Vedno **en del** celote.";"Siempre **una sola parte** de un todo.";"Daima **sehemu moja** ya kitu kizima.";"Alltid **en enda del** av en helhet.";"ஒரு முழுமையின் **ஒரே ஒரு பகுதி**.";"మొత్తంలో ఎప్పుడూ **ఒక్క భాగం**.";"เป็น **ส่วนเดียว** ของทั้งหมดเสมอ";"ཆ་ཚང་ཞིག་གི **ཆ་ཤས་གཅིག** ཁོ་ན།";"Her zaman bütünün **tek bir parçası**.";"Завжди \*\*одна частина\*\* цілого.";"ہمیشہ کسی کُل کا **ایک حصہ**۔";"پۈتۈننىڭ ھەمىشە **بىر قىسمى**.";"Har doim butunning **bitta qismi**.";"Luôn là **một phần** của một tổng thể.";"Bob amser **un rhan** o gyfan.";"Njalo **ingxenye eyodwa** yento ephelele."
"levelIntro.mode.fractions.random";"";"A bullet on the level-intro card, wrapping over two lines. Aim for 62 characters or fewer. **Double asterisks** mark bold. Keep exactly one pair, around whichever words carry the emphasis in your language — not necessarily the same words as in English.";"**One or more parts** of a whole.";"**Eén of meer delen** van een geheel.";"\*\*Een of meer dele\*\* van 'n geheel.";"**Një ose më shumë pjesë** të një të tëre.";"ከአንድ ሙሉ **አንድ ወይም ከዚያ በላይ ክፍሎች**።";"**جزء واحد أو أكثر** من الكل.";"Ամբողջի **մեկ կամ մի քանի մաս**։";"এটা সম্পূৰ্ণৰ **এটা বা অধিক অংশ**।";"Tamın **bir və ya bir neçə hissəsi**.";"Osotasun baten \*\*zati bat edo gehiago\*\*.";"**Адна ці некалькі частак** цэлага.";"একটি পূর্ণের **এক বা একাধিক অংশ**।";"**Jedan ili više dijelova** cjeline.";"**Една или повече части** от цяло.";"တစ်ခုလုံးရဲ့ **တစ်ပိုင်း သို့မဟုတ် ပိုများ**။";"**Una o més parts** d’un tot.";"整体的\*\*一份或多份\*\*。";"**Jedan ili više dijelova** cjeline.";"**Jedna nebo více částí** celku.";"**En eller flere dele** af en helhed.";"**Üks või mitu osa** tervikust.";"**Ein ella fleiri partar** av einum heili.";"**Yksi tai useampi osa** kokonaisuudesta.";"**Une ou plusieurs parts** d’un tout.";"\*\*Unha ou máis partes\*\* dun todo.";"მთელის \*\*ერთი ან მეტი ნაწილი\*\*.";"**Ein oder mehrere Teile** eines Ganzen.";"**Ένα ή περισσότερα μέρη** ενός όλου.";"આખાના **એક કે વધુ ભાગો**.";"**חלק אחד או יותר** מתוך שלם.";"पूरे के **एक या अधिक हिस्से**।";"Az egész **egy vagy több része**.";"**Einn eða fleiri hlutar** af heild.";"\*\*Satu atau lebih bagian\*\* dari keseluruhan.";"**Cuid amháin nó níos mó** d’iomlán.";"**Una o più parti** di un intero.";"全体の\*\*1つ以上の部分\*\*。";"ಒಟ್ಟಿನ **ಒಂದು ಅಥವಾ ಹೆಚ್ಚು ಭಾಗಗಳು**.";"Бүтіннің **бір не бірнеше бөлігі**.";"**មួយ ឬច្រើនផ្នែក** នៃទាំងមូល។";"전체의 **한 부분 이상**.";"**ໜຶ່ງ ຫຼື ຫຼາຍສ່ວນ** ຂອງທັງໝົດ.";"**Viena vai vairākas daļas** no veselā.";"**Viena ar kelios dalys** visumos.";"**Еден или повеќе делови** од целина.";"**Satu atau lebih bahagian** daripada keseluruhan.";"മുഴുവന്റെ **ഒന്നോ അതിലധികമോ ഭാഗങ്ങൾ**.";"पूर्णाचे \*\*एक किंवा अधिक भाग\*\*.";"Бүхлийн **нэг эсвэл хэдэн хэсэг**.";"पूरैको **एक वा बढी भाग**।";"**Én eller flere deler** av en hel.";"ପୂର୍ଣ୍ଣର **ଗୋଟିଏ କିମ୍ବା ଅଧିକ ଭାଗ**।";"**یک یا چند بخش** از یک کل.";"**Jedna lub kilka części** całości.";"**Uma ou mais partes** de um todo.";"ਪੂਰੇ ਦੇ **ਇੱਕ ਜਾਂ ਵੱਧ ਹਿੱਸੇ**।";"**Una sau mai multe părți** dintr-un întreg.";"\*\*Одна или несколько частей\*\* целого.";"**Jedan ili više delova** celine.";"සම්පූර්ණයකින් **කොටස් එකක් හෝ වැඩි**.";"**Jedna alebo viac častí** celku.";"**En ali več delov** celote.";"**Una o más partes** de un todo.";"**Sehemu moja au zaidi** za kitu kizima.";"**En eller flera delar** av en helhet.";"ஒரு முழுமையின் **ஒன்று அல்லது பல பகுதிகள்**.";"మొత్తంలో **ఒకటి లేదా ఎక్కువ భాగాలు**.";"**หนึ่งส่วนขึ้นไป** ของทั้งหมด";"ཆ་ཚང་ཞིག་གི **ཆ་ཤས་གཅིག་གམ་མང་པོ**།";"Bütünün **bir veya daha fazla parçası**.";"\*\*Одна чи кілька частин\*\* цілого.";"کسی کُل کے **ایک یا زیادہ حصے**۔";"پۈتۈننىڭ **بىر ياكى كۆپ قىسمى**.";"Butunning **bir yoki bir nechta qismi**.";"**Một hoặc nhiều phần** của một tổng thể.";"**Un rhan neu fwy** o gyfan.";"**Ingxenye eyodwa noma ngaphezulu** yento ephelele."
"levelIntro.mode.order";"";"A bullet on the level-intro card, wrapping over two lines. Aim for 62 characters or fewer. **Double asterisks** mark bold. Keep exactly one pair, around whichever words carry the emphasis in your language — not necessarily the same words as in English.";"Questions in a **fixed order**.";"Vragen in **vaste volgorde**.";"Vrae in 'n \*\*vaste volgorde\*\*.";"Pyetje në **rend të caktuar**.";"ጥያቄዎች **በቋሚ ቅደም ተከተል**።";"الأسئلة **بترتيب ثابت**.";"Հարցերը՝ **հաստատուն հերթով**։";"প্ৰশ্ন **নিৰ্দিষ্ট ক্ৰমত**।";"Suallar **sabit ardıcıllıqla**.";"Galderak \*\*ordena finkoan\*\*.";"Заданні ў **пэўным парадку**.";"প্রশ্নগুলো **নির্দিষ্ট ক্রমে**।";"Zadaci **stalnim redom**.";"Задачи в **точен ред**.";"**အစဉ်လိုက်** မေးခွန်းတွေ။";"Preguntes en **ordre fix**.";"题目按\*\*固定顺序\*\*出现。";"Zadaci **stalnim redom**.";"Otázky v **pevném pořadí**.";"Opgaver i **fast rækkefølge**.";"Küsimused **kindlas järjekorras**.";"Uppgávur í **føstum raðfylgi**.";"Tehtävät **tietyssä järjestyksessä**.";"Questions dans un **ordre fixe**.";"Preguntas nunha \*\*orde fixa\*\*.";"კითხვები \*\*ფიქსირებული რიგით\*\*.";"Aufgaben in **fester Reihenfolge**.";"Ασκήσεις σε **σταθερή σειρά**.";"પ્રશ્નો **નક્કી ક્રમમાં**.";"שאלות ב**סדר קבוע**.";"सवाल **तय क्रम** में।";"Kérdések **rögzített sorrendben**.";"Spurningar í **fastri röð**.";"Soal dalam \*\*urutan tetap\*\*.";"Ceisteanna in **ord seasta**.";"Domande in **ordine fisso**.";"問題は\*\*決まった順番\*\*。";"ಪ್ರಶ್ನೆಗಳು **ನಿಗದಿತ ಕ್ರಮದಲ್ಲಿ**.";"Сұрақтар **ретімен** келеді.";"សំណួរតាម **លំដាប់ថេរ**។";"**정해진 순서**로 문제.";"ຄຳຖາມຕາມ **ລຳດັບຄົງທີ່**.";"Uzdevumi **noteiktā secībā**.";"Klausimai **nustatyta tvarka**.";"Задачи по **фиксен редослед**.";"Soalan dalam **susunan tetap**.";"ചോദ്യങ്ങൾ **നിശ്ചിത ക്രമത്തിൽ**.";"प्रश्न \*\*ठरलेल्या क्रमाने\*\*.";"Бодлогууд **тогтсон дарааллаар**.";"प्रश्न **निश्चित क्रममा**।";"Oppgaver i **fast rekkefølge**.";"ପ୍ରଶ୍ନ **ନିର୍ଦ୍ଦିଷ୍ଟ କ୍ରମରେ**।";"سؤال‌ها با **ترتیب ثابت**.";"Pytania w **stałej kolejności**.";"Perguntas em **ordem fixa**.";"ਸਵਾਲ **ਤੈਅ ਕ੍ਰਮ** ਵਿੱਚ।";"Întrebări în **ordine fixă**.";"Задания в \*\*заданном порядке\*\*.";"Zadaci po **utvrđenom redosledu**.";"ප්‍රශ්න **නියමිත පිළිවෙළට**.";"Otázky v **pevnom poradí**.";"Naloge v **določenem vrstnem redu**.";"Preguntas en **orden fijo**.";"Maswali kwa **mpangilio maalum**.";"Frågor i **fast ordning**.";"கேள்விகள் **ஒரே வரிசையில்**.";"ప్రశ్నలు **ఒకే క్రమంలో**.";"คำถามเรียง **ตามลำดับ**";"དྲི་བ **གོ་རིམ་གཏན་འཁེལ** ནང་།";"Sorular **sabit sırada**.";"Завдання у \*\*сталому порядку\*\*.";"سوال **مقررہ ترتیب** میں۔";"سوئاللار **مۇقىم تەرتىپتە**.";"Savollar **doimiy tartibda**.";"Câu hỏi theo **thứ tự cố định**.";"Cwestiynau mewn **trefn benodol**.";"Imibuzo **ngokulandelana okufanayo**."
"levelIntro.mode.percentages.order";"";"A bullet on the level-intro card, wrapping over two lines. Aim for 62 characters or fewer. **Double asterisks** mark bold. Keep exactly one pair, around whichever words carry the emphasis in your language — not necessarily the same words as in English.";"Answers **without decimals**.";"Antwoorden **zonder komma**.";"Antwoorde \*\*sonder kommas\*\*.";"Përgjigje **pa presje dhjetore**.";"መልሶች **ያለ ዴሲማል**።";"إجابات **بلا أعداد عشرية**.";"Պատասխաններ՝ **առանց տասնորդականի**։";"উত্তৰ **দশমিক নোহোৱাকৈ**।";"Cavablar **ondalıqsız**.";"Erantzunak \*\*hamartarrik gabe\*\*.";"Адказы **без дзесятковых дробаў**.";"উত্তর **দশমিক ছাড়া**।";"Odgovori **bez decimala**.";"Отговори **без десетични числа**.";"**ဒဿမမပါ**တဲ့ အဖြေတွေ။";"Respostes **sense decimals**.";"答案\*\*没有小数\*\*。";"Odgovori **bez decimala**.";"Odpovědi **bez desetinných čísel**.";"Svar **uden decimaler**.";"Vastused **ilma komakohata**.";"Svar **uttan desimaltøl**.";"Vastaukset **ilman desimaaleja**.";"Réponses **sans décimales**.";"Respostas \*\*sen decimais\*\*.";"პასუხები \*\*ათწილადების გარეშე\*\*.";"Antworten **ohne Komma**.";"Απαντήσεις **χωρίς δεκαδικά**.";"જવાબો **દશાંશ વગર**.";"תשובות **בלי עשרוניים**.";"जवाब **दशमलव के बिना**।";"Válaszok **tizedesek nélkül**.";"Svör **án aukastafa**.";"Jawaban \*\*tanpa desimal\*\*.";"Freagraí **gan deachúlacha**.";"Risposte **senza decimali**.";"答えは\*\*小数なし\*\*。";"ಉತ್ತರಗಳು **ದಶಮಾಂಶವಿಲ್ಲದೆ**.";"Жауаптар **ондық бөлшексіз**.";"ចម្លើយ **គ្មានទសភាគ**។";"**소수 없이** 답하기.";"ຄຳຕອບ **ບໍ່ມີທົດສະນິຍົມ**.";"Atbildes **bez komatiem**.";"Atsakymai **be dešimtainių**.";"Одговори **без децимали**.";"Jawapan **tanpa perpuluhan**.";"**ദശാംശമില്ലാത്ത** ഉത്തരങ്ങൾ.";"उत्तरे \*\*दशांशाशिवाय\*\*.";"Хариу **аравтын бутархайгүй**.";"उत्तर **दशमलव बिना**।";"Svar **uten desimaler**.";"ଉତ୍ତର **ଦଶମିକ ବିନା**।";"جواب‌ها **بدون اعشار**.";"Odpowiedzi **bez części dziesiętnych**.";"Respostas **sem decimais**.";"ਜਵਾਬ **ਦਸ਼ਮਲਵ ਤੋਂ ਬਿਨਾਂ**।";"Răspunsuri **fără zecimale**.";"Ответы \*\*без десятичных дробей\*\*.";"Odgovori **bez decimala**.";"පිළිතුරු **දශම නැතුව**.";"Odpovede **bez desatinných čísel**.";"Odgovori **brez decimalk**.";"Respuestas **sin decimales**.";"Majibu **bila desimali**.";"Svar **utan decimaler**.";"பதில்கள் **தசமம் இல்லாமல்**.";"సమాధానాలు **దశాంశాలు లేకుండా**.";"คำตอบ **ไม่มีทศนิยม**";"ལན **གྲངས་ཆུང་མེད་པ**།";"Cevaplar **ondalıksız**.";"Відповіді \*\*без десяткових дробів\*\*.";"جواب **اعشاریہ کے بغیر**۔";"جاۋابلار **ئونلۇقسىز**.";"Javoblar **o‘nli kasrsiz**.";"Đáp án **không có số thập phân**.";"Atebion **heb ddegolion**.";"Izimpendulo **ezingenawo amadesimali**."
"levelIntro.mode.percentages.random";"";"A bullet on the level-intro card, wrapping over two lines. Aim for 62 characters or fewer. **Double asterisks** mark bold. Keep exactly one pair, around whichever words carry the emphasis in your language — not necessarily the same words as in English.";"Also answers **with decimals**.";"Ook antwoorden **met een komma**.";"Ook antwoorde \*\*met kommas\*\*.";"Edhe përgjigje **me presje dhjetore**.";"መልሶች **ከዴሲማል ጋር**ም።";"وأيضًا إجابات **بأعداد عشرية**.";"Նաև պատասխաններ՝ **տասնորդականներով**։";"উত্তৰ **দশমিকৰ সৈতেও**।";"Həm də **ondalıqlı** cavablar.";"Erantzunak ere \*\*hamartarrekin\*\*.";"Таксама адказы **з дзесятковымі дробамі**.";"উত্তর **দশমিকসহও**।";"I odgovori **s decimalama**.";"И отговори **с десетични числа**.";"**ဒဿမပါတဲ့** အဖြေတွေလည်း။";"També respostes **amb decimals**.";"答案也\*\*有小数\*\*。";"I odgovori **s decimalama**.";"Také odpovědi **s desetinnými čísly**.";"Også svar **med decimaler**.";"Ka vastused **komakohaga**.";"Eisini svar **við desimaltølum**.";"Myös vastauksia **desimaaleilla**.";"Aussi des réponses **avec décimales**.";"Tamén respostas \*\*con decimais\*\*.";"პასუხები \*\*ათწილადებითაც\*\*.";"Auch Antworten **mit Komma**.";"Και απαντήσεις **με δεκαδικά**.";"જવાબો **દશાંશ સાથે પણ**.";"גם תשובות **עם עשרוניים**.";"जवाब **दशमलव के साथ** भी।";"Válaszok **tizedesekkel is**.";"Einnig svör **með aukastöfum**.";"Juga jawaban \*\*dengan desimal\*\*.";"Freagraí **le deachúlacha** freisin.";"Anche risposte **con decimali**.";"\*\*小数の答え\*\*もあるよ。";"ಉತ್ತರಗಳು **ದಶಮಾಂಶದೊಂದಿಗೆ** ಕೂಡ.";"Жауаптар **ондық бөлшекпен** де.";"ចម្លើយក៏មាន **ទសភាគ**។";"**소수로도** 답하기.";"ມີຄຳຕອບ **ທົດສະນິຍົມ** ດ້ວຍ.";"Arī atbildes **ar komatiem**.";"Taip pat atsakymai **su dešimtainiais**.";"И одговори **со децимали**.";"Juga jawapan **dengan perpuluhan**.";"**ദശാംശമുള്ള** ഉത്തരങ്ങളും.";"उत्तरे \*\*दशांशांसहही\*\*.";"Мөн **аравтын бутархайтай** хариу.";"उत्तर **दशमलवसहित पनि**।";"Også svar **med desimaler**.";"ଉତ୍ତର **ଦଶମିକ ସହିତ ମଧ୍ୟ**।";"جواب‌ها **با اعشار** هم هستند.";"Także odpowiedzi **dziesiętne**.";"Também respostas **com decimais**.";"ਜਵਾਬ **ਦਸ਼ਮਲਵ ਨਾਲ ਵੀ**।";"Și răspunsuri **cu zecimale**.";"Ответы и \*\*с десятичными дробями\*\*.";"I odgovori **sa decimalama**.";"**දශම සහිත** පිළිතුරුත්.";"Aj odpovede **s desatinnými číslami**.";"Tudi odgovori **z decimalkami**.";"También respuestas **con decimales**.";"Pia majibu **yenye desimali**.";"Även svar **med decimaler**.";"பதில்கள் **தசமத்துடனும்**.";"సమాధానాలు **దశాంశాలతో కూడా**.";"มีคำตอบ **แบบทศนิยม** ด้วย";"ལན **གྲངས་ཆུང་ཡོད་པ**།";"**Ondalıklı** cevaplar da.";"Також відповіді \*\*з десятковими дробами\*\*.";"جواب **اعشاریہ کے ساتھ بھی**۔";"جاۋابلار **ئونلۇق بىلەنمۇ**.";"Javoblar **o‘nli kasr bilan** ham.";"Có cả đáp án **có số thập phân**.";"Atebion hefyd **gyda degolion**.";"Nezimpendulo **ezinamadesimali**."
"levelIntro.mode.random";"";"A bullet on the level-intro card, wrapping over two lines. Aim for 62 characters or fewer. **Double asterisks** mark bold. Keep exactly one pair, around whichever words carry the emphasis in your language — not necessarily the same words as in English.";"Questions in **random order**.";"Vragen **door elkaar**.";"Vrae in \*\*ewekansige volgorde\*\*.";"Pyetje në **rend të rastësishëm**.";"ጥያቄዎች **በዘፈቀደ ቅደም ተከተል**።";"الأسئلة **بترتيب عشوائي**.";"Հարցերը՝ **խառը հերթով**։";"প্ৰশ্ন **এলোমেলো ক্ৰমত**।";"Suallar **qarışıq sırada**.";"Galderak \*\*ausazko ordenan\*\*.";"Заданні **ўперамешку**.";"প্রশ্নগুলো **এলোমেলো ক্রমে**।";"Zadaci **nasumičnim redom**.";"Задачи в **случаен ред**.";"**ကျပန်းအစဉ်** မေးခွန်းတွေ။";"Preguntes en **ordre aleatori**.";"题目\*\*随机出现\*\*。";"Zadaci **nasumičnim redom**.";"Otázky v **náhodném pořadí**.";"Opgaver i **tilfældig rækkefølge**.";"Küsimused **segamini**.";"Uppgávur í **tilvildarligum raðfylgi**.";"Tehtävät **satunnaisessa järjestyksessä**.";"Questions **dans le désordre**.";"Preguntas en \*\*orde aleatoria\*\*.";"კითხვები \*\*შემთხვევითი რიგით\*\*.";"Aufgaben **durcheinander**.";"Ασκήσεις σε **τυχαία σειρά**.";"પ્રશ્નો **મિક્સ ક્રમમાં**.";"שאלות ב**סדר אקראי**.";"सवाल **बेतरतीब क्रम** में।";"Kérdések **véletlen sorrendben**.";"Spurningar í **handahófsröð**.";"Soal dalam \*\*urutan acak\*\*.";"Ceisteanna in **ord randamach**.";"Domande in **ordine casuale**.";"問題は\*\*ランダム\*\*。";"ಪ್ರಶ್ನೆಗಳು **ಯಾದೃಚ್ಛಿಕ ಕ್ರಮದಲ್ಲಿ**.";"Сұрақтар **аралас ретпен**.";"សំណួរតាម **លំដាប់ចៃដន្យ**។";"**무작위 순서**로 문제.";"ຄຳຖາມ **ປົນກັນ**.";"Uzdevumi **jauktā secībā**.";"Klausimai **atsitiktine tvarka**.";"Задачи по **случаен редослед**.";"Soalan dalam **susunan rawak**.";"ചോദ്യങ്ങൾ **ക്രമമില്ലാതെ**.";"प्रश्न \*\*मिसळलेल्या क्रमाने\*\*.";"Бодлогууд **санамсаргүй дарааллаар**.";"प्रश्न **जथाभावी क्रममा**।";"Oppgaver i **tilfeldig rekkefølge**.";"ପ୍ରଶ୍ନ **ଅନିୟମିତ କ୍ରମରେ**।";"سؤال‌ها **درهم** هستند.";"Pytania w **losowej kolejności**.";"Perguntas em **ordem aleatória**.";"ਸਵਾਲ **ਰਲਵੇਂ ਕ੍ਰਮ** ਵਿੱਚ।";"Întrebări în **ordine aleatoare**.";"Задания \*\*вразнобой\*\*.";"Zadaci **nasumičnim redom**.";"ප්‍රශ්න **අහඹු පිළිවෙළට**.";"Otázky v **náhodnom poradí**.";"Naloge v **naključnem vrstnem redu**.";"Preguntas en **orden aleatorio**.";"Maswali kwa **mpangilio wa nasibu**.";"Frågor i **slumpad ordning**.";"கேள்விகள் **கலந்த வரிசையில்**.";"ప్రశ్నలు **కలగలిపి**.";"คำถาม **สลับลำดับ**";"དྲི་བ **གོ་རིམ་མེད་པ**།";"Sorular **karışık sırada**.";"Завдання \*\*впереміш\*\*.";"سوال **بے ترتیب**۔";"سوئاللار **ئارىلاش تەرتىپتە**.";"Savollar **aralash tartibda**.";"Câu hỏi theo **thứ tự ngẫu nhiên**.";"Cwestiynau mewn **trefn ar hap**.";"Imibuzo **ngokuxubana**."
"levelIntro.percentages.intro";"";"A bullet on the level-intro card, wrapping over two lines. Aim for 62 characters or fewer. **Double asterisks** mark bold. Keep exactly one pair, around whichever words carry the emphasis in your language — not necessarily the same words as in English.";"Sums with **percentages**.";"Sommen met **procenten**.";"Somme met \*\*persentasies\*\*.";"Ushtrime me **përqindje**.";"**መቶኛ** ያላቸው ስሌቶች።";"مسائل فيها **نِسَب مئوية**.";"Օրինակներ՝ **տոկոսներով**։";"**শতাংশ**ৰ অংক।";"**Faizli** misallar.";"\*\*Ehunekoak\*\* dituzten eragiketak.";"Прыклады з **працэнтамі**.";"**শতাংশের** অঙ্ক।";"Zadaci s **procentima**.";"Задачи с **проценти**.";"**ရာခိုင်နှုန်း** ပါတဲ့ ပုစ္ဆာတွေ။";"Sumes amb **percentatges**.";"\*\*百分数\*\*题。";"Zadaci s **postocima**.";"Příklady s **procenty**.";"Regnestykker med **procenter**.";"Tehted **protsentidega**.";"Uppgávur við **prosentum**.";"Laskuja **prosenteilla**.";"Calculs avec des **pourcentages**.";"Contas con \*\*porcentaxes\*\*.";"მაგალითები \*\*პროცენტებით\*\*.";"Aufgaben mit **Prozenten**.";"Ασκήσεις με **ποσοστά**.";"**ટકા** વાળા દાખલા.";"תרגילים עם **אחוזים**.";"**प्रतिशत** वाले सवाल।";"Feladatok **százalékokkal**.";"Dæmi með **prósentum**.";"Soal dengan \*\*persentase\*\*.";"Suimeanna le **céatadáin**.";"Calcoli con **percentuali**.";"\*\*パーセント\*\*の問題。";"**ಶೇಕಡಾ** ಇರುವ ಲೆಕ್ಕಗಳು.";"**Пайыздары** бар есептер.";"លំហាត់មាន **ភាគរយ**។";"**백분율** 문제.";"ໂຈດທີ່ມີ **ເປີເຊັນ**.";"Uzdevumi ar **procentiem**.";"Uždaviniai su **procentais**.";"Задачи со **проценти**.";"Soalan dengan **peratus**.";"**ശതമാനങ്ങളുള്ള** കണക്കുകൾ.";"\*\*टक्केवारीची\*\* उदाहरणे.";"**Хувьтай** бодлогууд.";"**प्रतिशत** भएका हिसाब।";"Oppgaver med **prosent**.";"**ଶତକଡ଼ା** ସହିତ ସମ।";"تمرین‌های **درصدی**.";"Działania z **procentami**.";"Contas com **percentagens**.";"**ਪ੍ਰਤੀਸ਼ਤ** ਵਾਲੇ ਸਵਾਲ।";"Exerciții cu **procente**.";"Примеры с \*\*процентами\*\*.";"Zadaci sa **procentima**.";"**ප්‍රතිශත** ගණන්.";"Príklady s **percentami**.";"Računi z **odstotki**.";"Sumas con **porcentajes**.";"Maswali ya **asilimia**.";"Tal med **procent**.";"**சதவீத** கணக்குகள்.";"**శాతాలతో** లెక్కలు.";"โจทย์ **เปอร์เซ็นต์**";"**བརྒྱ་ཆ** ཡོད་པའི་རྩིས།";"**Yüzdeli** işlemler.";"Приклади з \*\*відсотками\*\*.";"**فیصد** والے سوال۔";"**پىرسەنتلىك** مىساللار.";"**Foizli** misollar.";"Bài toán về **phần trăm**.";"Symiau gyda **chanrannau**.";"Izibalo **zamaphesenti**."
"levelIntro.percentages.title %@";"";"The level-intro card. Titles are set in a large heavy face and shrink rather than wrap, so short is better. Aim for 21 characters or fewer. Keep 1× %@ (text substituted at runtime).";"%@ of a number";"%@ van een getal";"%@ van 'n getal";"%@ e një numri";"የቁጥር %@";"%@ من عدد";"Թվի %@-ը";"এটা সংখ্যাৰ %@";"Ədədin %@-i";"Zenbaki baten %@";"%@ ад ліку";"একটি সংখ্যার %@";"%@ od broja";"%@ от число";"ဂဏန်းတစ်ခုရဲ့ %@";"%@ d’un nombre";"一个数的 %@";"%@ od broja";"%@ z čísla";"%@ af et tal";"%@ arvust";"%@ av einum tali";"%@ luvusta";"%@ d’un nombre";"%@ dun número";"რიცხვის %@";"%@ einer Zahl";"%@ ενός αριθμού";"સંખ્યાનું %@";"%@ ממספר";"संख्या का %@";"Egy szám %@-a";"%@ af tölu";"%@ dari angka";"%@ d’uimhir";"%@ di un numero";"数の%@";"ಸಂಖ್ಯೆಯ %@";"Санның %@-ы";"%@ នៃចំនួនមួយ";"숫자의 %@";"%@ ຂອງຕົວເລກ";"%@ no skaitļa";"%@ nuo skaičiaus";"%@ од број";"%@ daripada nombor";"ഒരു സംഖ്യയുടെ %@";"संख्येचे %@";"Тооны %@";"संख्याको %@";"%@ av et tall";"ଏକ ସଂଖ୍ୟାର %@";"%@ از یک عدد";"%@ liczby";"%@ de um número";"ਕਿਸੇ ਸੰਖਿਆ ਦਾ %@";"%@ dintr-un număr";"%@ от числа";"%@ od broja";"අංකයක %@";"%@ z čísla";"%@ od števila";"%@ de un número";"%@ ya namba";"%@ av ett tal";"ஒரு எண்ணின் %@";"ఒక సంఖ్యలో %@";"%@ ของจำนวน";"གྲངས་ཤིག་གི %@";"Sayının %@ kadarı";"%@ від числа";"کسی عدد کا %@";"ساننىڭ %@";"Sonning %@";"%@ của một số";"%@ o rif";"%@ yenombolo"
"levelIntro.subtraction.intro";"";"A bullet on the level-intro card, wrapping over two lines. Aim for 62 characters or fewer. **Double asterisks** mark bold. Keep exactly one pair, around whichever words carry the emphasis in your language — not necessarily the same words as in English.";"Sums where you **take away** a number.";"Sommen waarbij je een getal **aftrekt**.";"Somme waar jy 'n getal \*\*aftrek\*\*.";"Ushtrime ku **zbret** një numër.";"ቁጥርን **የምትቀንስባቸው** ስሌቶች።";"مسائل **تطرح** فيها عددًا.";"Օրինակներ, որտեղ թիվ ես **հանում**։";"য’ত তুমি এটা সংখ্যা **বিয়োগ** কৰা অংক।";"Bir ədədi **çıxdığın** misallar.";"Zenbaki bat \*\*kentzen\*\* duten eragiketak.";"Прыклады, дзе трэба **адняць** лік.";"যেসব অঙ্কে একটি সংখ্যা **বিয়োগ** করো।";"Zadaci gdje broj **oduzimaš**.";"Задачи, в които **изваждаш** число.";"ဂဏန်းတစ်ခုကို **နုတ်**တဲ့ ပုစ္ဆာတွေ။";"Sumes on **restes** un nombre.";"从一个数中\*\*减去\*\*另一个数。";"Zadaci u kojima broj **oduzimaš**.";"Příklady, kde číslo **odečítáš**.";"Regnestykker, hvor du **trækker et tal fra**.";"Tehted, kus sa arvu **lahutad**.";"Uppgávur, har tú **tekur frá**.";"Laskuja, joissa **vähennät** luvun.";"Calculs où tu **retires** un nombre.";"Contas nas que \*\*restas\*\* un número.";"მაგალითები, სადაც რიცხვს \*\*აკლებ\*\*.";"Aufgaben, bei denen du eine Zahl **abziehst**.";"Ασκήσεις όπου **αφαιρείς** έναν αριθμό.";"જે દાખલામાં સંખ્યા **બાદ કરો**.";"תרגילים שבהם **מחסרים** מספר.";"ऐसे सवाल जिनमें संख्या **घटाते** हो।";"Feladatok, ahol egy számot **kivonsz**.";"Dæmi þar sem þú **dregur frá** tölu.";"Soal untuk \*\*mengurangi\*\* angka.";"Suimeanna ina **mbaineann tú** uimhir.";"Calcoli in cui **togli** un numero.";"数を\*\*ひく\*\*問題。";"ಸಂಖ್ಯೆಯನ್ನು **ಕಳೆಯುವ** ಲೆಕ್ಕಗಳು.";"Санды **азайтатын** есептер.";"លំហាត់ដែលអ្នក **ដក** ចំនួនមួយ។";"숫자를 **빼는** 문제.";"ໂຈດທີ່ເຈົ້າ **ລົບ** ຕົວເລກ.";"Uzdevumi, kuros skaitli **atņem**.";"Uždaviniai, kuriuose skaičių **atimi**.";"Задачи каде **одземаш** број.";"Soalan yang kamu **tolak** nombor.";"ഒരു സംഖ്യ **കുറയ്ക്കുന്ന** കണക്കുകൾ.";"ज्यात संख्या \*\*वजा करायची\*\* अशी उदाहरणे.";"Тоог **хасах** бодлогууд.";"एउटा संख्या **घटाउने** हिसाब।";"Oppgaver der du **trekker fra** et tall.";"ଯେଉଁ ସମରେ ଏକ ସଂଖ୍ୟା **ବିୟୋଗ** କର।";"تمرین‌هایی که در آن عددی را **کم** می‌کنی.";"Działania, w których **odejmujesz** liczbę.";"Contas em que **subtrais** um número.";"ਜਿੱਥੇ ਤੁਸੀਂ ਇੱਕ ਸੰਖਿਆ **ਘਟਾਉਂਦੇ** ਹੋ।";"Exerciții în care **scazi** un număr.";"Примеры, где нужно \*\*вычесть\*\* число.";"Zadaci u kojima **oduzimaš** broj.";"අංකයක් **අඩු කරන** ගණන්.";"Príklady, kde číslo **odčítaš**.";"Računi, kjer število **odšteješ**.";"Sumas en las que **restas** un número.";"Maswali ya **kutoa** namba.";"Tal där du **tar bort** ett tal.";"ஒரு எண்ணை **கழிக்கும்** கணக்குகள்.";"ఒక సంఖ్యను **తీసివేసే** లెక్కలు.";"โจทย์ที่ให้ **ลบ** ตัวเลข";"གྲངས་ཤིག **འཐེན་པའི** རྩིས།";"Bir sayıyı **çıkardığın** işlemler.";"Приклади, де треба \*\*відняти\*\* число.";"وہ سوال جن میں آپ عدد **گھٹاتے** ہیں۔";"بىر ساننى **ئېلىۋېتىدىغان** مىساللار.";"Sonni **ayiradigan** misollar.";"Bài toán **trừ** một số.";"Symiau lle rwyt ti’n **tynnu** rhif.";"Izibalo lapho **ususa** inombolo."
"levelIntro.subtraction.title %lld";"";"The level-intro card. Titles are set in a large heavy face and shrink rather than wrap, so short is better. Aim for 20 characters or fewer. Keep 1× %lld (a number).";"Subtract %lld";"Min %lld";"Trek %lld af";"Zbrit %lld";"%lld ቀንስ";"اطرح %lld";"Հանել %lld";"%lld বিয়োগ";"%lld çıx";"Kendu %lld";"Адняць %lld";"%lld বিয়োগ";"Oduzmi %lld";"Минус %lld";"%lld နုတ်";"Resta %lld";"减 %lld";"Oduzmi %lld";"Odečti %lld";"Minus %lld";"Lahuta %lld";"Minus %lld";"Vähennä %lld";"Moins %lld";"Restar %lld";"გამოაკელი %lld";"Minus %lld";"Αφαίρεσε %lld";"%lld બાદ કરો";"חיסור %lld";"%lld घटाओ";"− %lld";"Mínus %lld";"Kurang %lld";"Bain %lld";"Meno %lld";"%lldをひく";"%lld ಕಳೆ";"%lld азайту";"ដក %lld";"%lld 빼기";"ລົບ %lld";"Atņem %lld";"Atimti %lld";"Одземи %lld";"Tolak %lld";"%lld കുറയ്ക്കുക";"%lld वजा करा";"%lld-ыг хас";"%lld घटाउ";"Minus %lld";"%lld ବିୟୋଗ";"منهای %lld";"Odejmij %lld";"Subtrair %lld";"%lld ਘਟਾਓ";"Scade %lld";"Минус %lld";"Oduzmi %lld";"%lld අඩු කරන්න";"Odčítaj %lld";"Odštej %lld";"Restar %lld";"Toa %lld";"Minus %lld";"%lld கழி";"%lld తీసివేయి";"ลบ %lld";"%lld འཐེན";"%lld çıkar";"Відняти %lld";"%lld گھٹائیں";"%lld نى ئېلىۋەت";"%lld ayir";"Trừ %lld";"Tynnu %lld";"Susa %lld"
"levelIntro.tables.intro";"";"A bullet on the level-intro card, wrapping over two lines. Aim for 62 characters or fewer. **Double asterisks** mark bold. Keep exactly one pair, around whichever words carry the emphasis in your language — not necessarily the same words as in English.";"Sums where you **multiply**.";"Sommen waarbij je **vermenigvuldigt**.";"Somme waar jy \*\*vermenigvuldig\*\*.";"Ushtrime ku **shumëzon**.";"**የምታባዛባቸው** ስሌቶች።";"مسائل **تضرب** فيها.";"Օրինակներ, որտեղ **բազմապատկում ես**։";"য’ত তুমি **পূৰণ** কৰা অংক।";"**Vurma** misalları.";"\*\*Biderketak\*\* dituzten eragiketak.";"Прыклады, дзе трэба **множыць**.";"যেসব অঙ্কে **গুণ** করো।";"Zadaci gdje **množiš**.";"Задачи, в които **умножаваш**.";"**မြှောက်**တဲ့ ပုစ္ဆာတွေ။";"Sumes on **multipliques**.";"做\*\*乘法\*\*题。";"Zadaci u kojima **množiš**.";"Příklady, kde **násobíš**.";"Regnestykker, hvor du **ganger**.";"Tehted, kus sa **korrutad**.";"Uppgávur, har tú **falda við**.";"Laskuja, joissa **kerrot**.";"Calculs où tu **multiplies**.";"Contas nas que \*\*multiplicas\*\*.";"მაგალითები, სადაც \*\*ამრავლებ\*\*.";"Aufgaben, bei denen du **multiplizierst**.";"Ασκήσεις όπου **πολλαπλασιάζεις**.";"જે દાખલામાં **ગુણાકાર કરો**.";"תרגילים שבהם **כופלים**.";"ऐसे सवाल जिनमें **गुणा** करते हो।";"Feladatok, ahol **szorzol**.";"Dæmi þar sem þú **margfaldar**.";"Soal untuk \*\*mengalikan\*\*.";"Suimeanna ina **n-iolraíonn tú**.";"Calcoli in cui **moltiplichi**.";"\*\*かけ算\*\*の問題。";"**ಗುಣಿಸುವ** ಲೆಕ್ಕಗಳು.";"**Көбейтетін** есептер.";"លំហាត់ដែលអ្នក **គុណ**។";"**곱하는** 문제.";"ໂຈດທີ່ເຈົ້າ **ຄູນ**.";"Uzdevumi, kuros **reizini**.";"Uždaviniai, kuriuose **daugini**.";"Задачи каде **множиш**.";"Soalan yang kamu **darab**.";"**ഗുണിക്കുന്ന** കണക്കുകൾ.";"ज्यात \*\*गुणाकार\*\* करायचा अशी उदाहरणे.";"**Үржүүлэх** бодлогууд.";"**गुणा गर्ने** हिसाब।";"Oppgaver der du **ganger**.";"ଯେଉଁ ସମରେ **ଗୁଣ** କର।";"تمرین‌هایی که در آن **ضرب** می‌کنی.";"Działania, w których **mnożysz**.";"Contas em que **multiplicas**.";"ਜਿੱਥੇ ਤੁਸੀਂ **ਗੁਣਾ** ਕਰਦੇ ਹੋ।";"Exerciții în care **înmulțești**.";"Примеры на \*\*умножение\*\*.";"Zadaci u kojima **množiš**.";"**ගුණ කරන** ගණන්.";"Príklady, kde **násobíš**.";"Računi, kjer **množiš**.";"Sumas en las que **multiplicas**.";"Maswali ya **kuzidisha**.";"Tal där du **multiplicerar**.";"**பெருக்கும்** கணக்குகள்.";"**గుణించే** లెక్కలు.";"โจทย์ที่ให้ **คูณ**";"**སྒྱུར་བའི** རྩིས།";"**Çarpma** işlemleri.";"Приклади, де треба \*\*множити\*\*.";"وہ سوال جن میں آپ **ضرب** کرتے ہیں۔";"**كۆپەيتىدىغان** مىساللار.";"**Ko‘paytirish** misollari.";"Bài toán **nhân**.";"Symiau lle rwyt ti’n **lluosi**.";"Izibalo lapho **uphindaphinda**."
"levelIntro.tables.title %lld";"";"The level-intro card. Titles are set in a large heavy face and shrink rather than wrap, so short is better. Aim for 20 characters or fewer. Keep 1× %lld (a number).";"Table of %lld";"Tafel van %lld";"Tafel van %lld";"Tabela e %lld";"የ %lld ማባዣ";"جدول %lld";"%lld-ի աղյուսակ";"%lldৰ নামতা";"%lld vurma cədvəli";"%lldren taula";"Табліца на %lld";"%lld-এর নামতা";"Tablica za %lld";"Таблица по %lld";"%lld အမြှောက်ဇယား";"Taula del %lld";"%lld 的乘法表";"Tablica %lld";"Násobky %lld";"%lld-tabellen";"%lld korrutustabel";"%lld-tabellin";"%lld:n kertotaulu";"Table de %lld";"Táboa do %lld";"%lld-ის ტაბულა";"%llder-Reihe";"Προπαίδεια %lld";"%lld નો પાડો";"לוח הכפל של %lld";"%lld का पहाड़ा";"%lld-es szorzótábla";"%lld-taflan";"Tabel kali %lld";"Tábla %lld";"Tabellina del %lld";"%lldの段";"%lldರ ಪಾಠ";"%lld кестесі";"តារាងគុណ %lld";"%lld단";"ສູດຄູນ %lld";"%lld reizrēķins";"%lld daugybos lentelė";"Таблица %lld";"Sifir %lld";"%lld ഗുണനപ്പട്ടിക";"%lld चा पाढा";"%lld-ийн хүрд";"%lld को पहाडा";"%lld-gangen";"%lld ର ନାମତା";"جدول %lld";"Tabliczka %lld";"Tabuada do %lld";"%lld ਦਾ ਪਹਾੜਾ";"Tabla lui %lld";"Таблица %lld";"Tablica za %lld";"%lld ගුණන වගුව";"Násobilka %lld";"Poštevanka %lld";"Tabla del %lld";"Jedwali la %lld";"%lld:ans tabell";"%lld-ன் வாய்ப்பாடு";"%lld పట్టిక";"สูตรคูณ %lld";"%lld གི་སྒྱུར་རེའུ";"%lld çarpım tablosu";"Множення на %lld";"%lld کا پہاڑا";"%lld نىڭ جەدۋىلى";"%lld karra";"Bảng nhân %lld";"Tabl %lld";"Ithebula lika-%lld"
"menu.maximumCount";"";"A small button or pill in the menu. One line, no wrapping — the tightest spots in the app. Aim for 12 characters or fewer.";"MAX";"MAX";"MAKS";"MAX";"ከፍተኛ";"أقصى";"Առավ.";"সৰ্বাধিক";"MAKS";"GEH.";"МАКС.";"সর্বোচ্চ";"MAKS";"МАКС";"MAX";"MÀX.";"最多";"MAKS";"MAX";"MAKS.";"MAX";"MAKS";"MAX";"MAX";"MÁX.";"მაქს.";"MAX";"ΜΕΓ.";"MAX";"מקס׳";"MAX";"MAX";"HÁM.";"MAKS";"UAS";"MAX";"最大";"MAX";"MAX";"អតិបរមា";"최대";"ສູງສຸດ";"MAKS.";"MAX";"МАКС";"MAKS";"പരമം";"कमाल";"MAX";"MAX";"MAKS";"MAX";"حداکثر";"MAKS.";"MÁX.";"MAX";"MAX";"МАКС.";"MAX";"උපරිම";"MAX";"NAJVEČ";"MÁX.";"MAX";"MAX";"அதிகம்";"గరిష్ఠం";"สูงสุด";"MAX";"MAKS.";"МАКС";"زیادہ";"MAX";"MAX";"TỐI ĐA";"MWYAF";"MAX"
"menu.moreLevels";"";"A small button or pill in the menu. One line, no wrapping — the tightest spots in the app. Aim for 15 characters or fewer.";"More levels";"Meer levels";"Meer vlakke";"Më shumë nivele";"ተጨማሪ ደረጃዎች";"مستويات أكثر";"Ավելի շատ մակարդակներ";"আৰু লেভেল";"Daha çox səviyyə";"Maila gehiago";"Больш узроўняў";"আরও লেভেল";"Više nivoa";"Още нива";"နောက်ထပ်အဆင့်များ";"Més nivells";"更多关卡";"Više razina";"Další úrovně";"Flere baner";"Veel tasemeid";"Fleiri stig";"Lisää tasoja";"Plus de niveaux";"Máis niveis";"მეტი დონე";"Mehr Levels";"Περισσότερα επίπεδα";"વધુ લેવલ";"שלבים נוספים";"और स्तर";"További szintek";"Fleiri borð";"Level lainnya";"Tuilleadh leibhéal";"Altri livelli";"もっとレベル";"ಇನ್ನಷ್ಟು ಹಂತಗಳು";"Қосымша деңгейлер";"កម្រិតបន្ថែម";"더 많은 레벨";"ດ່ານເພີ່ມ";"Vairāk līmeņu";"Daugiau lygių";"Повеќе нивоа";"Lagi tahap";"കൂടുതൽ ലെവലുകൾ";"आणखी स्तर";"Бусад түвшин";"थप लेभल";"Flere nivåer";"ଅଧିକ ଲେଭେଲ୍";"مرحله‌های بیشتر";"Więcej poziomów";"Mais níveis";"ਹੋਰ ਲੈਵਲ";"Mai multe niveluri";"Ещё уровни";"Još nivoa";"තවත් මට්ටම්";"Viac úrovní";"Več stopenj";"Más niveles";"Viwango zaidi";"Fler nivåer";"மேலும் நிலைகள்";"మరిన్ని లెవల్‌లు";"ด่านเพิ่มเติม";"རིམ་པ་མང་བ";"Daha fazla seviye";"Більше рівнів";"مزید لیولز";"تېخىمۇ كۆپ دەرىجە";"Ko‘proq bosqich";"Thêm cấp độ";"Mwy o lefelau";"Amaleveli amaningi"
"menu.premiumLevels";"";"A small button or pill in the menu. One line, no wrapping — the tightest spots in the app. Aim for 19 characters or fewer.";"Premium levels";"Premium-levels";"Premium-vlakke";"Nivele premium";"ፕሪሚየም ደረጃዎች";"مستويات مميزة";"Պրեմիում մակարդակներ";"প্ৰিমিয়াম লেভেল";"Premium səviyyələr";"Premium mailak";"Прэміум-узроўні";"প্রিমিয়াম লেভেল";"Premium nivoi";"Премиум нива";"ပရီမီယံအဆင့်များ";"Nivells prèmium";"高级关卡";"Premium razine";"Prémiové úrovně";"Premium-niveauer";"Premium-tasemed";"Premium-stig";"Premium-tasot";"Niveaux premium";"Niveis Premium";"პრემიუმ დონეები";"Premium-Level";"Επίπεδα Premium";"પ્રીમિયમ લેવલ";"שלבי פרימיום";"प्रीमियम लेवल";"Prémium pályák";"Premium-borð";"Level premium";"Leibhéil Premium";"Livelli premium";"プレミアムレベル";"ಪ್ರೀಮಿಯಂ ಹಂತಗಳು";"Премиум деңгейлер";"លេវែល Premium";"프리미엄 레벨";"ດ່ານພຣີມຽມ";"Premium līmeņi";"Premium lygiai";"Премиум нивоа";"Tahap premium";"പ്രീമിയം ലെവലുകൾ";"प्रीमियम स्तर";"Премиум түвшин";"प्रिमियम लेभल";"Premium-nivåer";"ପ୍ରିମିୟମ୍ ଲେଭେଲ୍";"مرحله‌های پریمیوم";"Poziomy Premium";"Níveis premium";"ਪ੍ਰੀਮੀਅਮ ਲੈਵਲ";"Niveluri premium";"Премиум-уровни";"Premium nivoi";"ප්‍රීමියම් මට්ටම්";"Prémiové úrovne";"Premium stopnje";"Niveles premium";"Viwango vya Premium";"Premiumnivåer";"பிரீமியம் நிலைகள்";"ప్రీమియం లెవెల్స్";"ด่านพรีเมียม";"Premium རིམ་པ";"Premium seviyeler";"Преміум-рівні";"پریمیم لیولز";"Premium دەرىجىلەر";"Premium bosqichlar";"Màn cao cấp";"Lefelau Premiwm";"Amazinga e-Premium"
"menu.startHere";"";"A small button or pill in the menu. One line, no wrapping — the tightest spots in the app. Aim for 13 characters or fewer.";"Start here";"Begin hier";"Begin hier";"Fillo këtu";"ከዚህ ጀምር";"ابدأ هنا";"Սկսիր այստեղ";"ইয়াৰ পৰা আৰম্ভ";"Buradan başla";"Hasi hemen";"Пачні тут";"এখান থেকে শুরু";"Počni ovdje";"Започни тук";"ဒီမှာ စပါ";"Comença aquí";"从这里开始";"Počni ovdje";"Začni tady";"Start her";"Alusta siit";"Byrja her";"Aloita tästä";"Commence ici";"Comeza aquí";"დაიწყე აქ";"Hier starten";"Ξεκίνα εδώ";"અહીંથી શરૂ કરો";"מתחילים כאן";"यहाँ से शुरू करें";"Kezdd itt";"Byrja hér";"Mulai di sini";"Tosaigh anseo";"Inizia qui";"ここからスタート";"ಇಲ್ಲಿಂದ ಆರಂಭಿಸು";"Осы жерден баста";"ចាប់ផ្តើមទីនេះ";"여기서 시작";"ເລີ່ມທີ່ນີ້";"Sāc šeit";"Pradėk čia";"Почни тука";"Mula di sini";"ഇവിടെ തുടങ്ങൂ";"इथून सुरू कर";"Эндээс эхэл";"यहाँबाट सुरु";"Start her";"ଏଠାରୁ ଆରମ୍ଭ";"از اینجا شروع کن";"Zacznij tutaj";"Começa aqui";"ਇੱਥੋਂ ਸ਼ੁਰੂ ਕਰੋ";"Începe aici";"Начни здесь";"Počni ovde";"මෙතැනින් අරඹන්න";"Začni tu";"Začni tukaj";"Empieza aquí";"Anza hapa";"Börja här";"இங்கே தொடங்கு";"ఇక్కడ మొదలుపెట్టు";"เริ่มตรงนี้";"འདི་ནས་འགོ་འཛུགས";"Buradan başla";"Почни тут";"یہاں سے شروع کریں";"بۇ يەردىن باشلا";"Shu yerdan boshla";"Bắt đầu ở đây";"Dechrau yma";"Qala lapha"
"menu.unlockWithPremium";"";"A small button or pill in the menu. One line, no wrapping — the tightest spots in the app. Aim for 29 characters or fewer.";"Unlock with Premium";"Ontgrendel met Premium";"Ontsluit meer met Premium";"Zhblloko më shumë me Premium";"በፕሪሚየም ተጨማሪ ክፈት";"افتح المزيد مع المميز";"Բացիր ավելին Պրեմիումով";"প্ৰিমিয়ামেৰে আৰু খোলা";"Premium ilə daha çoxunu aç";"Desblokeatu gehiago Premium-ekin";"Адкрый больш з Прэміум";"প্রিমিয়ামে আরও আনলক করো";"Otključaj više uz Premium";"Отключи още с Премиум";"Premium နဲ့ ပိုဖွင့်ပါ";"Desbloqueja’n més amb Premium";"升级高级版，解锁更多";"Otključaj više uz Premium";"Odemkni více s Premium";"Lås op for mere med Premium";"Ava Premiumiga rohkem";"Lat meira upp við Premium";"Avaa lisää Premiumilla";"Débloque plus avec Premium";"Desbloquea máis con Premium";"Premium-ით მეტი გახსენი";"Mit Premium mehr freischalten";"Ξεκλείδωσε περισσότερα με Premium";"પ્રીમિયમથી વધુ ખોલો";"פתחו עוד עם פרימיום";"प्रीमियम से और अनलॉक करें";"Nyiss meg többet Prémiummal";"Opnaðu meira með Premium";"Buka lebih banyak dengan Premium";"Díghlasáil tuilleadh le Préimh";"Sblocca di più con Premium";"プレミアムでもっと遊ぼう";"ಪ್ರೀಮಿಯಂ ಮೂಲಕ ಇನ್ನಷ್ಟು ತೆರೆಯಿರಿ";"Premium арқылы көбірек аш";"ដោះសោបន្ថែមជាមួយព្រីមៀម";"프리미엄으로 더 열기";"ປົດລັອກເພີ່ມດ້ວຍພຣີມຽມ";"Atbloķē vairāk ar Premium";"Atrakink daugiau su Premium";"Отклучи повеќе со Премиум";"Buka lebih banyak dengan Premium";"പ്രീമിയം ഉപയോഗിച്ച് കൂടുതൽ തുറക്കൂ";"प्रीमियमने आणखी उघड";"Премиумаар илүүг нээ";"प्रिमियमले थप खोल";"Lås opp mer med Premium";"Premium ସହ ଆହୁରି ଖୋଲ";"با نسخهٔ ویژه بیشتر باز کن";"Odblokuj więcej z Premium";"Desbloqueia mais com Premium";"ਪ੍ਰੀਮੀਅਮ ਨਾਲ ਹੋਰ ਖੋਲ੍ਹੋ";"Deblochează mai mult cu Premium";"Открой больше с Премиум";"Otključaj više uz Premium";"ප්‍රීමියම් සමඟ තවත් විවෘත කරන්න";"Odomkni viac s Premium";"S Premiumom odkleni več";"Desbloquea más con Premium";"Fungua zaidi kwa Premium";"Lås upp mer med Premium";"பிரீமியத்தில் மேலும் திற";"ప్రీమియంతో మరిన్ని తెరువు";"ปลดล็อกเพิ่มด้วยพรีเมียม";"Premium གྱིས་མང་བ་ཁ་ཕྱེ།";"Premium ile daha fazlasını aç";"Відкрий більше з Преміум";"پریمیم سے مزید کھولیں";"Premium بىلەن تېخىمۇ كۆپنى ئاچ";"Premium bilan ko‘prog‘ini och";"Mở khóa thêm với Premium";"Datgloi mwy gyda Premiwm";"Vula okwengeziwe nge-Premium"
"mode.fractions.multiple";"";"A small button or pill in the menu. One line, no wrapping — the tightest spots in the app. Aim for 12 characters or fewer.";"Multiple";"Meerdere";"Verskeie";"Disa";"ብዙ";"متعدد";"Մի քանի";"একাধিক";"Bir neçə";"Hainbat";"Некалькі";"একাধিক";"Više";"Няколко";"အပိုင်းများ";"Diverses";"多份";"Više";"Více částí";"Flere";"Mitu";"Fleiri";"Monta";"Plusieurs";"Varias";"რამდენიმე";"Mehrere";"Πολλά";"ઘણા";"כמה חלקים";"कई";"Több";"Fleiri";"Beberapa";"Iolrach";"Più parti";"いくつか";"ಹಲವು";"Бірнеше";"ច្រើនផ្នែក";"여러 부분";"ຫຼາຍສ່ວນ";"Vairākas";"Kelios";"Повеќе";"Banyak";"പല ഭാഗങ്ങൾ";"अनेक";"Олон";"धेरै";"Flere";"ଅନେକ";"چندبخشی";"Kilka";"Várias";"ਕਈ";"Mai multe";"Несколько";"Više delova";"කිහිපයක්";"Viac";"Več delov";"Varias";"Nyingi";"Flera";"பல";"ఎక్కువ భాగాలు";"หลายส่วน";"མང་པོ";"Birden çok";"Кілька";"کئی";"كۆپ بۆلەك";"Bir nechta";"Nhiều phần";"Sawl un";"Eziningi"
"mode.fractions.single";"";"A small button or pill in the menu. One line, no wrapping — the tightest spots in the app. Aim for 12 characters or fewer.";"Single";"Eén deel";"Een deel";"Një";"አንድ";"واحد";"Մեկ";"এটা";"Bir hissə";"Bakarra";"Адна";"একটি";"Jedan";"Една";"တစ်ပိုင်း";"Una";"一份";"Jedan";"Jedna část";"Én";"Üks";"Ein";"Yksi";"Une part";"Unha";"ერთი";"Ein Teil";"Ένα";"એક";"חלק אחד";"एक";"Egy";"Einn";"Satu";"Aon chuid";"Una parte";"1つ";"ಒಂದು";"Бір";"មួយផ្នែក";"한 부분";"ໜຶ່ງສ່ວນ";"Viena";"Viena";"Еден";"Satu";"ഒരു ഭാഗം";"एक";"Нэг";"एक";"Én del";"ଗୋଟିଏ";"یک‌بخشی";"Jedna";"Uma";"ਇੱਕ";"Una";"Одна";"Jedan deo";"එකක්";"Jedna";"En del";"Una";"Moja";"En";"ஒன்று";"ఒక భాగం";"หนึ่งส่วน";"གཅིག";"Tek";"Одна";"ایک";"بىر بۆلەك";"Bitta";"Một phần";"Un rhan";"Eyodwa"
"mode.mixed";"";"A small button or pill in the menu. One line, no wrapping — the tightest spots in the app. Aim for 12 characters or fewer.";"Mixed";"Gemixt";"Gemeng";"Përzier";"የተደባለቀ";"مختلط";"Խառը";"মিশ্ৰ";"Qarışıq";"Nahasia";"Змешана";"মিশ্র";"Miješano";"Смесено";"ရောစပ်";"Mixt";"混合";"Miješano";"Smíšené";"Blandet";"Segatud";"Blandað";"Sekoitettu";"Mélangé";"Mesturado";"შერეული";"Gemischt";"Μικτά";"મિશ્ર";"מעורב";"मिला-जुला";"Vegyes";"Blandað";"Dicampur";"Measctha";"Misto";"まぜる";"ಮಿಶ್ರ";"Аралас";"ចម្រុះ";"섞기";"ປະສົມກັນ";"Jaukts";"Mišru";"Мешано";"Bercampur";"കലർന്നത്";"मिश्र";"Хольсон";"मिश्रित";"Blandet";"ମିଶ୍ରିତ";"مخلوط";"Mieszane";"Misturado";"ਮਿਲਿਆ-ਜੁਲਿਆ";"Amestecat";"Смешанный";"Mešano";"මිශ්‍රිත";"Zmiešané";"Mešano";"Mixto";"Mchanganyiko";"Blandat";"கலந்தது";"కలిపినవి";"คละ";"བསྲེས་པ";"Karışık";"Змішано";"ملا جلا";"ئارىلاش";"Aralash";"Hỗn hợp";"Cymysg";"Kuxubile"
"mode.order";"";"A small button or pill in the menu. One line, no wrapping — the tightest spots in the app. Aim for 12 characters or fewer.";"Order";"Reeks";"Reeks";"Rend";"ቅደም ተከተል";"ترتيب";"Հերթ";"ক্ৰম";"Ardıcıllıq";"Ordena";"Парадак";"ক্রম";"Redoslijed";"Ред";"အစဉ်";"Ordre";"顺序";"Redoslijed";"Pořadí";"Rækkefølge";"Järjekord";"Rað";"Järjestys";"Ordre";"Orde";"რიგი";"Reihe";"Σειρά";"ક્રમ";"סדר";"क्रम";"Sorrend";"Röð";"Urutan";"Ord";"Ordine";"順番";"ಕ್ರಮ";"Рет";"លំដាប់";"순서";"ລຳດັບ";"Secība";"Tvarka";"Редослед";"Urutan";"ക്രമം";"क्रम";"Дараалал";"क्रम";"Rekkefølge";"କ୍ରମ";"ترتیب";"Kolejność";"Ordem";"ਕ੍ਰਮ";"Ordine";"Порядок";"Redosled";"පිළිවෙළ";"Poradie";"Vrstni red";"Orden";"Mpangilio";"Ordning";"வரிசை";"క్రమం";"ลำดับ";"གོ་རིམ";"Sıra";"Порядок";"ترتیب";"تەرتىپ";"Tartib";"Thứ tự";"Trefn";"Ukuhleleka"
"mode.percentages.decimal";"";"A small button or pill in the menu. One line, no wrapping — the tightest spots in the app. Aim for 12 characters or fewer.";"Decimal";"Komma";"Desimaal";"Dhjetor";"አስርዮሽ";"عشري";"Տասնորդական";"দশমিক";"Onluq";"Hamartarra";"Дзесятковыя";"দশমিক";"Decimalni";"Десетично";"ဒသမ";"Decimal";"小数";"Decimalno";"Desetinné";"Decimal";"Kümnend";"Desimaltal";"Desimaali";"Décimal";"Decimal";"ათწილადი";"Dezimal";"Δεκαδικοί";"દશાંશ";"עשרוני";"दशमलव";"Tizedes";"Tugabrot";"Desimal";"Deachúlach";"Decimale";"小数";"ದಶಮಾಂಶ";"Ондық";"ទសភាគ";"소수";"ທົດສະນິຍົມ";"Decimāls";"Dešimtainiai";"Децимален";"Perpuluhan";"ദശാംശം";"दशांश";"Аравтын";"दशमलव";"Desimal";"ଦଶମିକ";"اعشاری";"Dziesiętne";"Decimal";"ਦਸ਼ਮਲਵ";"Zecimal";"Десятичные";"Decimalni";"දශම";"Desatinné";"Decimalno";"Decimal";"Desimali";"Decimal";"தசமம்";"దశాంశం";"ทศนิยม";"གྲངས་ཆུང";"Ondalık";"Десяткові";"اعشاری";"ئونلۇق";"O‘nli";"Thập phân";"Degol";"Idesimali"
"mode.percentages.whole";"";"A small button or pill in the menu. One line, no wrapping — the tightest spots in the app. Aim for 12 characters or fewer.";"Whole";"Heel";"Heel";"I plotë";"ሙሉ";"صحيح";"Ամբողջ";"পূৰ্ণ";"Tam";"Osoa";"Цэлыя";"পূর্ণ";"Cijeli";"Цяло";"ကိန်းပြည့်";"Enter";"整数";"Cijelo";"Celé";"Heltal";"Täisarv";"Heilt";"Kokonainen";"Entier";"Enteiro";"მთელი";"Ganz";"Ακέραιοι";"પૂર્ણ";"שלם";"पूर्ण";"Egész";"Heil tala";"Bulat";"Slánuimhir";"Intero";"整数";"ಪೂರ್ಣ";"Бүтін";"ចំនួនគត់";"정수";"ຈຳນວນເຕັມ";"Vesels";"Sveikieji";"Цел";"Bulat";"പൂർണ്ണം";"पूर्ण";"Бүхэл";"पूर्ण";"Heltall";"ପୂର୍ଣ୍ଣ";"صحیح";"Całkowite";"Inteiro";"ਪੂਰੀ ਗਿਣਤੀ";"Întreg";"Целые";"Ceo";"පූර්ණ";"Celé";"Celo";"Entero";"Nzima";"Heltal";"முழு";"పూర్ణం";"จำนวนเต็ม";"ཧྲིལ་གྲངས";"Tam";"Цілі";"صحیح";"پۈتۈن";"Butun";"Số nguyên";"Cyfan";"Ephelele"
"mode.random";"";"A small button or pill in the menu. One line, no wrapping — the tightest spots in the app. Aim for 12 characters or fewer.";"Random";"Hussel";"Lukraak";"Rastësor";"የዘፈቀደ";"عشوائي";"Պատահական";"যাদৃচ্ছিক";"Təsadüfi";"Ausaz";"Выпадкова";"এলোমেলো";"Nasumično";"Случайно";"ကျပန်း";"Aleatori";"随机";"Nasumično";"Náhodně";"Tilfældig";"Juhuslik";"Tilvild";"Satunnainen";"Aléatoire";"Aleatorio";"შემთხვევითი";"Zufällig";"Τυχαία";"અવ્યવસ્થિત";"אקראי";"कोई भी";"Véletlen";"Handahóf";"Acak";"Randamach";"Casuale";"ランダム";"ಯಾದೃಚ್ಛಿಕ";"Кездейсоқ";"ចៃដន្យ";"무작위";"ສຸ່ມ";"Nejauši";"Atsitiktinai";"Случајно";"Rawak";"ക്രമരഹിതം";"यादृच्छिक";"Санамсаргүй";"अनियमित";"Tilfeldig";"ଯାଦୃଚ୍ଛିକ";"تصادفی";"Losowo";"Aleatório";"ਬੇਤਰਤੀਬ";"Aleatoriu";"Случайно";"Nasumično";"අහඹු";"Náhodne";"Naključno";"Aleatorio";"Nasibu";"Slump";"சீரற்றது";"యాదృచ్ఛికం";"สุ่ม";"གང་བྱུང";"Rastgele";"Випадково";"بے ترتیب";"ئىختىيارىي";"Tasodifiy";"Ngẫu nhiên";"Ar hap";"Okungahleliwe"
"name.placeholder";"";"Onboarding, seen once at first launch. Aim for 45 characters or fewer.";"Your name";"Jouw naam";"Jou naam";"Emri yt";"ስምህ";"اسمك";"Քո անունը";"তোমাৰ নাম";"Adın";"Zure izena";"Тваё імя";"তোমার নাম";"Tvoje ime";"Твоето име";"မင်းနာမည်";"El teu nom";"你的名字";"Tvoje ime";"Tvé jméno";"Dit navn";"Sinu nimi";"Títt navn";"Nimesi";"Ton prénom";"O teu nome";"შენი სახელი";"Dein Name";"Το όνομά σου";"તમારું નામ";"השם שלך";"तुम्हारा नाम";"A neved";"Nafnið þitt";"Namamu";"D’ainm";"Il tuo nome";"なまえ";"ನಿನ್ನ ಹೆಸರು";"Атың";"ឈ្មោះរបស់អ្នក";"이름";"ຊື່ຂອງເຈົ້າ";"Tavs vārds";"Tavo vardas";"Твоето име";"Nama kamu";"നിന്റെ പേര്";"तुझं नाव";"Чиний нэр";"तिम्रो नाम";"Navnet ditt";"ତୁମ ନାମ";"نام تو";"Twoje imię";"O teu nome";"ਤੁਹਾਡਾ ਨਾਮ";"Numele tău";"Твоё имя";"Tvoje ime";"ඔබේ නම";"Tvoje meno";"Tvoje ime";"Tu nombre";"Jina lako";"Ditt namn";"உன் பெயர்";"నీ పేరు";"ชื่อของเธอ";"ཁྱེད་ཀྱི་མིང་།";"Adın";"Твоє ім’я";"آپ کا نام";"ئىسمىڭ";"Isming";"Tên của bạn";"Dy enw";"Igama lakho"
"name.whatsYourName";"";"Onboarding, seen once at first launch. Aim for 45 characters or fewer.";"What's your name?";"Hoe heet je?";"Wat is jou naam?";"Si quhesh?";"ስምህ ማን ነው?";"ما اسمك؟";"Ինչպե՞ս ես կոչվում։";"তোমাৰ নাম কি?";"Adın nədir?";"Nola duzu izena?";"Як цябе завуць?";"তোমার নাম কী?";"Kako se zoveš?";"Как се казваш?";"မင်းနာမည် ဘာလဲ။";"Com et dius?";"你叫什么名字？";"Kako se zoveš?";"Jak se jmenuješ?";"Hvad hedder du?";"Mis su nimi on?";"Hvat eitur tú?";"Mikä sinun nimesi on?";"Comment t’appelles-tu ?";"Como te chamas?";"რა გქვია?";"Wie heißt du?";"Πώς σε λένε;";"તમારું નામ શું છે?";"איך קוראים לך?";"तुम्हारा नाम क्या है?";"Hogy hívnak?";"Hvað heitir þú?";"Siapa namamu?";"Cad is ainm duit?";"Come ti chiami?";"きみのなまえは？";"ನಿನ್ನ ಹೆಸರೇನು?";"Атың кім?";"អ្នកឈ្មោះអ្វី?";"이름이 뭐예요?";"ເຈົ້າຊື່ຫຍັງ?";"Kā tevi sauc?";"Koks tavo vardas?";"Како се викаш?";"Siapa nama kamu?";"നിന്റെ പേരെന്താണ്?";"तुझं नाव काय?";"Чамайг хэн гэдэг вэ?";"तिम्रो नाम के हो?";"Hva heter du?";"ତୁମ ନାମ କ’ଣ?";"اسمت چیست؟";"Jak masz na imię?";"Como te chamas?";"ਤੁਹਾਡਾ ਨਾਮ ਕੀ ਹੈ?";"Cum te cheamă?";"Как тебя зовут?";"Kako se zoveš?";"ඔබේ නම මොකක්ද?";"Ako sa voláš?";"Kako ti je ime?";"¿Cómo te llamas?";"Unaitwa nani?";"Vad heter du?";"உன் பெயர் என்ன?";"నీ పేరేంటి?";"เธอชื่ออะไร?";"ཁྱེད་ཀྱི་མིང་ལ་ག་རེ་ཟེར།";"Adın ne?";"Як тебе звати?";"آپ کا نام کیا ہے؟";"ئىسمىڭ نېمە؟";"Isming nima?";"Bạn tên gì?";"Beth yw dy enw?";"Ungubani igama lakho?"
"notif.animal.body %@";"";"A push-notification body. Aim for 110 characters or fewer. Keep 1× %@ (text substituted at runtime).";"Earn a few more hoops to unlock %@! 🐼";"%@: Verdien nog een paar hoepels om dit dier vrij te spelen! 🐼";"Verdien nog ’n paar hoepels om %@ te ontsluit! 🐼";"Mblidh edhe disa rrathë për të zhbllokuar %@! 🐼";"%@ን ለመክፈት ጥቂት ተጨማሪ ቀለበቶችን አግኝ! 🐼";"اجمع بضع حلقات أخرى لفتح %@! 🐼";"Հավաքիր ևս մի քանի օղակ՝ %@-ը բացելու համար։ 🐼";"%@ আনলক কৰিবলৈ আৰু কেইটামান বলয় অৰ্জন কৰা! 🐼";"%@ kilidini açmaq üçün bir neçə halqa da qazan! 🐼";"Irabazi uztai batzuk gehiago %@ desblokeatzeko! 🐼";"Збяры яшчэ некалькі абручоў, каб адкрыць %@! 🐼";"%@ আনলক করতে আরও কয়েকটি বলয় অর্জন করো! 🐼";"Osvoji još nekoliko obruča da otključaš %@! 🐼";"Спечели още няколко обръча, за да отключиш %@! 🐼";"%@ ကိုဖွင့်ဖို့ နောက်ထပ်ကွင်းအနည်းငယ် ရယူပါ! 🐼";"Guanya uns quants cèrcols més per desbloquejar %@! 🐼";"再赚几个圆环就能解锁 %@！🐼";"Osvoji još nekoliko obruča da otključaš %@! 🐼";"Získej ještě pár obručí a odemkni %@! 🐼";"Tjen et par ringe mere for at låse %@ op! 🐼";"Teeni veel mõned rõngad, et %@ avada! 🐼";"Vinn nakrar ringar afturat fyri at lata %@ upp! 🐼";"Ansaitse vielä muutama vanne avataksesi hahmon %@! 🐼";"Gagne encore quelques cerceaux pour débloquer %@ ! 🐼";"Gaña uns cantos aros máis para desbloquear %@! 🐼";"კიდევ რამდენიმე რგოლი მოიპოვე, რომ %@ გახსნა! 🐼";"Sammle noch ein paar Reifen, um %@ freizuschalten! 🐼";"Κέρδισε λίγα ακόμα στεφάνια για να ξεκλειδώσεις %@! 🐼";"%@ અનલૉક કરવા થોડા વધુ વલયો મેળવો! 🐼";"אספו עוד כמה חישוקים כדי לפתוח את %@! 🐼";"%@ को अनलॉक करने के लिए कुछ और छल्ले कमाओ! 🐼";"Szerezz még néhány karikát %@ feloldásához! 🐼";"Safnaðu nokkrum hringjum í viðbót til að opna %@! 🐼";"Dapatkan beberapa simpai lagi untuk membuka %@! 🐼";"Faigh cúpla fonsa eile chun %@ a dhíghlasáil! 🐼";"Guadagna qualche cerchio in più per sbloccare %@! 🐼";"あと少しフープを集めると %@ をアンロック！🐼";"%@ ಅನ್ನು ಅನ್ಲಾಕ್ ಮಾಡಲು ಇನ್ನೂ ಕೆಲವು ವಲಯಗಳನ್ನು ಗಳಿಸು! 🐼";"%@ ашу үшін тағы бірнеше шеңбер жина! 🐼";"រករង្វង់បន្ថែមបន្តិច ដើម្បីដោះសោ %@! 🐼";"후프를 조금 더 모아 %@을(를) 잠금 해제하세요! 🐼";"ເກັບວົງອີກໜ້ອຍໜຶ່ງເພື່ອປົດລັອກ %@! 🐼";"Nopelni vēl dažus riņķus, lai atbloķētu %@! 🐼";"Surink dar kelis lankus ir atrakink %@! 🐼";"Освои уште неколку обрачи за да го отклучиш %@! 🐼";"Dapatkan beberapa gelung lagi untuk membuka %@! 🐼";"%@ അൺലോക്ക് ചെയ്യാൻ കുറച്ച് വളയങ്ങൾ കൂടി നേടൂ! 🐼";"%@ अनलॉक करण्यासाठी आणखी काही वलये मिळव! 🐼";"%@-г нээхийн тулд дахиад хэдэн цагираг аваарай! 🐼";"%@ अनलक गर्न केही घेरा अझ कमाऊ! 🐼";"Tjen noen flere ringer for å låse opp %@! 🐼";"%@ ଖୋଲିବା ପାଇଁ ଆଉ କିଛି ବଳୟ ଅର୍ଜନ କର! 🐼";"چند حلقهٔ دیگر بگیر تا %@ را باز کنی! 🐼";"Zdobądź jeszcze kilka obręczy, aby odblokować %@! 🐼";"Ganha mais alguns aros para desbloquear %@! 🐼";"%@ ਨੂੰ ਅਨਲੌਕ ਕਰਨ ਲਈ ਕੁਝ ਹੋਰ ਛੱਲੇ ਕਮਾਓ! 🐼";"Mai câștigă câteva cercuri pentru a debloca %@! 🐼";"Собери ещё несколько обручей, чтобы открыть %@! 🐼";"Освоји још неколико обруча да откључаш %@! 🐼";"%@ අගුළු හැරීමට තවත් වළලු කිහිපයක් උපයන්න! 🐼";"Získaj ešte pár obručí a odomkni %@! 🐼";"Prisluži si še nekaj obročev, da odkleneš %@! 🐼";"Consigue unos cuantos aros más para desbloquear %@! 🐼";"Pata vitanzi vichache zaidi ili kufungua %@! 🐼";"Tjäna några ringar till för att låsa upp %@! 🐼";"%@ ஐ திறக்க இன்னும் சில வளையங்களைப் பெறு! 🐼";"%@ ను అన్‌లాక్ చేయడానికి ఇంకొన్ని వలయాలు సంపాదించు! 🐼";"เก็บห่วงเพิ่มอีกนิดเพื่อปลดล็อก %@! 🐼";"%@ ཁ་ཕྱེ་བར་ཨ་ལོང་ཁ་ཤས་ད་དུང་བསྡུས། 🐼";"%@ kilidini açmak için birkaç çember daha kazan! 🐼";"Збери ще кілька обручів, щоб відкрити %@! 🐼";"%@ کو اَن لاک کرنے کے لیے چند حلقے اور کمائیں! 🐼";"%@ نى ئېچىش ئۈچۈن يەنە بىر قانچە چەمبەر توپلاڭ! 🐼";"%@ qulfini ochish uchun yana bir nechta chambar yig‘ing! 🐼";"Kiếm thêm vài vòng để mở khóa %@! 🐼";"Enilla ychydig mwy o gylchoedd i ddatgloi %@! 🐼";"Zuza amanye amaringi ambalwa ukuze uvule %@! 🐼"
"notif.animal.title %lld";"one";"A push-notification title. The lock screen truncates it, so put the point first. COUNTED TEXT — the wording for a count of one. Leave empty if your language words one no differently from the rest. Aim for 42 characters or fewer. Keep 1× %lld (a number).";"Only %lld hoop to go! ⭕";"Nog maar %lld hoepel te gaan! ⭕";"Nog net %lld hoepel! ⭕";"Edhe %lld rreth! ⭕";"%lld ብቻ ቀርቷል! ⭕";"بقي %lld فقط! ⭕";"Մնացել է ընդամենը %lld! ⭕";"আৰু মাত্ৰ %lld বাকী! ⭕";"Cəmi %lld qalıb! ⭕";"%lld besterik ez da falta! ⭕";"Засталося: %lld! ⭕";"আর মাত্র %lld বাকি! ⭕";"Još samo %lld obruč! ⭕";"Остава само %lld обръч! ⭕";"%lld ပဲ လိုတော့တယ်! ⭕";"Només falta %lld cèrcol! ⭕";"只差 %lld 个！⭕";"Još samo %lld obruč! ⭕";"Zbývá už jen %lld obruč! ⭕";"Kun %lld ring tilbage! ⭕";"Ainult %lld rõngas veel! ⭕";"Bara %lld ringur eftir! ⭕";"Vain %lld vanne jäljellä! ⭕";"Plus que %lld cerceau ! ⭕";"Só falta %lld aro! ⭕";"დარჩა მხოლოდ %lld! ⭕";"Nur noch %lld Reifen! ⭕";"Μόνο %lld στεφάνι ακόμα! ⭕";"હવે માત્ર %lld વલય બાકી! ⭕";"נשאר רק חישוק %lld! ⭕";"बस %lld छल्ला और! ⭕";"Már csak %lld karika! ⭕";"Aðeins %lld hringur eftir! ⭕";"Tinggal %lld lagi! ⭕";"Níl ach %lld fonsa fágtha! ⭕";"Manca solo %lld cerchio! ⭕";"あと %lld 個！⭕";"ಇನ್ನೂ %lld ವಲಯ ಮಾತ್ರ! ⭕";"Тек %lld қалды! ⭕";"នៅសល់តែ %lld ទៀត! ⭕";"이제 %lld개 남았어요! ⭕";"ເຫຼືອອີກ %lld ເທົ່ານັ້ນ! ⭕";"Atlicis tikai %lld riņķis! ⭕";"Liko tik %lld lankas! ⭕";"Уште само %lld обрач! ⭕";"Tinggal %lld lagi! ⭕";"ഇനി %lld വളയം മാത്രം! ⭕";"फक्त %lld वलय बाकी! ⭕";"Ердөө %lld үлдлээ! ⭕";"अब %lld मात्रै बाँकी! ⭕";"Bare %lld ring igjen! ⭕";"ଆଉ ମାତ୍ର %lld ବାକି! ⭕";"فقط %lld تا مانده! ⭕";"Została tylko %lld obręcz! ⭕";"Só falta %lld aro! ⭕";"ਹੁਣ ਸਿਰਫ਼ %lld ਛੱਲਾ ਬਾਕੀ! ⭕";"Mai e doar %lld cerc! ⭕";"Осталось: %lld! ⭕";"Још само %lld обруч! ⭕";"තව %lldක් විතරයි! ⭕";"Zostáva už len %lld obruč! ⭕";"Še samo %lld obroč! ⭕";"¡Solo falta %lld aro! ⭕";"Kimebaki kitanzi %lld tu! ⭕";"Bara %lld ring kvar! ⭕";"இன்னும் %lld வளையம் மட்டும்! ⭕";"ఇంకా %lld వలయం మాత్రమే! ⭕";"เหลืออีกแค่ %lld! ⭕";"ད་དུང %lld ཙམ་ལས་མེད། ⭕";"Sadece %lld kaldı! ⭕";"Залишилося: %lld! ⭕";"صرف %lld حلقہ باقی! ⭕";"پەقەت %lld قالدى! ⭕";"Atigi %lld qoldi! ⭕";"Chỉ còn %lld nữa! ⭕";"Dim ond %lld cylch ar ôl! ⭕";"Kusele iringi engu-%lld kuphela! ⭕"
"notif.animal.title %lld";"other";"A push-notification title. The lock screen truncates it, so put the point first. COUNTED TEXT — required. The wording for a plural count, and the one used whenever the 'one' row does not apply. Aim for 42 characters or fewer. Keep 1× %lld (a number).";"Only %lld hoops to go! ⭕";"Nog maar %lld hoepels te gaan! ⭕";"Nog net %lld hoepels! ⭕";"Edhe %lld rrathë! ⭕";"%lld ብቻ ቀርቷል! ⭕";"بقي %lld فقط! ⭕";"Մնացել է ընդամենը %lld! ⭕";"আৰু মাত্ৰ %lld বাকী! ⭕";"Cəmi %lld qalıb! ⭕";"%lld besterik ez da falta! ⭕";"Засталося: %lld! ⭕";"আর মাত্র %lld বাকি! ⭕";"Još samo %lld obruča! ⭕";"Остават само %lld обръча! ⭕";"%lld ပဲ လိုတော့တယ်! ⭕";"Només falten %lld cèrcols! ⭕";"只差 %lld 个！⭕";"Još samo %lld obruča! ⭕";"Zbývá už jen %lld! ⭕";"Kun %lld ringe tilbage! ⭕";"Veel ainult %lld rõngast! ⭕";"Bara %lld ringar eftir! ⭕";"Vain %lld vannetta jäljellä! ⭕";"Plus que %lld cerceaux ! ⭕";"Só faltan %lld aros! ⭕";"დარჩა მხოლოდ %lld! ⭕";"Nur noch %lld Reifen! ⭕";"Μόνο %lld στεφάνια ακόμα! ⭕";"હવે માત્ર %lld બાકી! ⭕";"נשארו רק %lld חישוקים! ⭕";"बस %lld छल्ले और! ⭕";"Már csak %lld karika! ⭕";"Aðeins %lld hringir eftir! ⭕";"Tinggal %lld lagi! ⭕";"Níl ach %lld fonsa fágtha! ⭕";"Mancano solo %lld cerchi! ⭕";"あと %lld 個！⭕";"ಇನ್ನೂ %lld ಮಾತ್ರ! ⭕";"Тек %lld қалды! ⭕";"នៅសល់តែ %lld ទៀត! ⭕";"이제 %lld개 남았어요! ⭕";"ເຫຼືອອີກ %lld ເທົ່ານັ້ນ! ⭕";"Atlikuši tikai %lld riņķi! ⭕";"Liko tik %lld lankai! ⭕";"Уште само %lld обрачи! ⭕";"Tinggal %lld lagi! ⭕";"ഇനി %lld മാത്രം! ⭕";"फक्त %lld बाकी! ⭕";"Ердөө %lld үлдлээ! ⭕";"अब %lld मात्रै बाँकी! ⭕";"Bare %lld ringer igjen! ⭕";"ଆଉ ମାତ୍ର %lld ବାକି! ⭕";"فقط %lld تا مانده! ⭕";"Zostało tylko %lld! ⭕";"Só faltam %lld aros! ⭕";"ਹੁਣ ਸਿਰਫ਼ %lld ਬਾਕੀ! ⭕";"Mai sunt doar %lld cercuri! ⭕";"Осталось: %lld! ⭕";"Још само %lld обруча! ⭕";"තව %lldක් විතරයි! ⭕";"Zostáva už len %lld! ⭕";"Še samo %lld obročev! ⭕";"¡Solo faltan %lld aros! ⭕";"Vimebaki vitanzi %lld tu! ⭕";"Bara %lld ringar kvar! ⭕";"இன்னும் %lld மட்டும்! ⭕";"ఇంకా %lld మాత్రమే! ⭕";"เหลืออีกแค่ %lld! ⭕";"ད་དུང %lld ཙམ་ལས་མེད། ⭕";"Sadece %lld kaldı! ⭕";"Залишилося: %lld! ⭕";"صرف %lld حلقے باقی! ⭕";"پەقەت %lld قالدى! ⭕";"Atigi %lld qoldi! ⭕";"Chỉ còn %lld nữa! ⭕";"Dim ond %lld cylch ar ôl! ⭕";"Kusele amaringi angu-%lld kuphela! ⭕"
"notif.cards.body %lld";"one";"A push-notification body. COUNTED TEXT — the wording for a count of one. Leave empty if your language words one no differently from the rest. Aim for 110 characters or fewer. Keep 1× %lld (a number).";"Play %lld minute today and add a few more.";"Speel vandaag %lld minuut en verzamel er nog een paar.";"Speel vandag %lld minuut en versamel nog 'n paar.";"Luaj %lld minutë sot dhe mblidh edhe pak.";"%lld ደቂቃ ዛሬ ተጫወትና ጥቂት ተጨማሪ ሰብስብ።";"العب %lld دقيقة اليوم واجمع المزيد.";"Խաղա այսօր %lld րոպե ու մի քիչ էլ ավելացրու։";"আজিৰ দিনটোত %lld মিনিট খেলি আৰু কেইটামান গোটোৱা।";"Bu gün %lld dəqiqə oyna və bir neçəsini də topla.";"Jokatu gaur %lld minutu eta bildu beste batzuk.";"Гуляй сёння %lld хвіліну і збяры яшчэ крыху.";"আজ %lld মিনিট খেলো, আরও কয়েকটি সংগ্রহ করো।";"Igraj danas %lld min i skupi još nekoliko.";"Играй %lld минута днес и добави още малко.";"ဒီနေ့ %lld မိနစ် ကစားပြီး နည်းနည်းထပ်စုပါ။";"Juga %lld minut avui i recull-ne uns quants més.";"今天玩 %lld 分钟，再多收集几个。";"Igraj danas %lld minutu i skupi još nekoliko.";"Hraj dnes %lld minutu a přidej ještě pár.";"Spil %lld minut i dag, og saml lidt mere.";"Mängi täna %lld minut ja kogu veel mõned.";"Spæl %lld minutt í dag og savna nøkur afturat.";"Pelaa tänään %lld minuutti ja kerää vielä muutama.";"Joue %lld minute aujourd’hui et ajoute-en quelques-unes.";"Xoga %lld minuto hoxe e suma uns poucos máis.";"დღეს %lld წუთი ითამაშე და კიდევ რამდენიმე შეაგროვე.";"Spiele heute %lld Minute und sammle noch ein paar.";"Παίξε %lld λεπτό σήμερα και μάζεψε λίγα ακόμα.";"%lld મિનિટ રમો અને થોડાં વધુ ભેગાં કરો.";"שחקו היום %lld דקה ואספו עוד כמה.";"आज %lld मिनट खेलो, फिर कुछ और जोड़ो।";"Játssz ma %lld percet, és gyűjts még néhányat.";"Spilaðu í %lld mínútu í dag og safnaðu nokkrum í viðbót.";"Main %lld menit hari ini dan kumpulkan beberapa lagi.";"Imir ar feadh %lld nóiméad inniu agus bailigh cúpla ceann eile.";"Gioca %lld minuto oggi e aggiungine ancora.";"今日は%lld分あそんで、もう少し集めよう。";"ಇಂದು %lld ನಿಮಿಷ ಆಡು, ಇನ್ನೂ ಕೆಲವು ಸಂಗ್ರಹಿಸು.";"Бүгін %lld минут ойнап, тағы біраз жина.";"លេងថ្ងៃនេះ %lld នាទី ហើយប្រមូលបន្ថែមបន្តិចទៀត។";"오늘 %lld분 플레이하고 몇 개 더 모아 보세요.";"ຫຼິ້ນ %lld ນາທີມື້ນີ້ ແລ້ວເກັບເພີ່ມອີກ.";"Šodien spēlē %lld minūti un savāc vēl dažus.";"Žaisk šiandien %lld minutę ir surink dar kelis.";"Играј %lld минута денес и собери уште неколку.";"Main %lld minit hari ini dan kumpul lagi.";"ഇന്ന് %lld മിനിറ്റ് കളിച്ച് കുറച്ച് കൂടി ശേഖരിക്കൂ.";"आज %lld मिनिट खेळ आणि अजून थोडा वेळ वाढव.";"Өнөөдөр %lld минут тоглоод, дахиад хэдийг цуглуулаарай.";"आज %lld मिनेट खेल र अझै केही जम्मा गर।";"Spill %lld minutt i dag og samle noen til.";"ଆଜି %lld ମିନିଟ୍ ଖେଳି ଆଉ କିଛି ସଂଗ୍ରହ କର।";"امروز %lld دقیقه بازی کن و چندتای دیگر جمع کن.";"Zagraj dziś przez %lld min i zbierz jeszcze kilka.";"Joga %lld minuto hoje e junta mais alguns.";"ਅੱਜ %lld ਮਿੰਟ ਖੇਡੋ ਅਤੇ ਕੁਝ ਹੋਰ ਇਕੱਠੇ ਕਰੋ।";"Joacă azi %lld minut și mai strânge câteva.";"Сыграй сегодня %lld минуту и собери ещё немного.";"Igraj danas %lld minut i dodaj još malo.";"අද විනාඩි %lldක් සෙල්ලම් කරලා තව ටිකක් එකතු කරන්න.";"Dnes hraj %lld min a nazbieraj ešte pár.";"Danes igraj %lld min in zberi še nekaj.";"Juega %lld minuto hoy y consigue unos cuantos más.";"Cheza dakika %lld leo na uongeze chache zaidi.";"Spela %lld minut i dag och samla några till.";"இன்று %lld நிமிடம் விளையாடி இன்னும் சில சேகரிக்கவும்.";"ఈ రోజు %lld నిమిషం ఆడి ఇంకొన్ని సేకరించు.";"วันนี้เล่น %lld นาที แล้วเก็บเพิ่มอีกนิด";"དེ་རིང་སྐར་མ %lld རྩེ་ནས་ད་དུང་ཁ་ཤས་བསྡུས།";"Bugün %lld dakika oyna, birkaç tane daha topla.";"Пограй сьогодні %lld хвилину й збери ще кілька.";"آج %lld منٹ کھیلیں اور کچھ مزید جمع کریں۔";"بۈگۈن %lld مىنۇت ئويناپ، يەنە بىرنەچچە توپلا.";"Bugun %lld daqiqa o‘yna va yana bir nechtasini yig‘.";"Hôm nay chơi %lld phút và nhặt thêm vài cái nữa.";"Chwaraea am %lld munud heddiw a chasglu rhagor.";"Dlala umzuzu ongu-%lld namuhla, uqoqe okunye futhi."
"notif.cards.body %lld";"other";"A push-notification body. COUNTED TEXT — required. The wording for a plural count, and the one used whenever the 'one' row does not apply. Aim for 110 characters or fewer. Keep 1× %lld (a number).";"Play %lld minutes today and add a few more.";"Speel vandaag %lld minuten en verzamel er nog een paar.";"Speel vandag %lld minuut en versamel nog 'n paar.";"Luaj %lld minutë sot dhe mblidh edhe pak.";"%lld ደቂቃ ዛሬ ተጫወትና ጥቂት ተጨማሪ ሰብስብ።";"العب %lld دقيقة اليوم واجمع المزيد.";"Խաղա այսօր %lld րոպե ու մի քիչ էլ ավելացրու։";"আজিৰ দিনটোত %lld মিনিট খেলি আৰু কেইটামান গোটোৱা।";"Bu gün %lld dəqiqə oyna və bir neçəsini də topla.";"Jokatu gaur %lld minutu eta bildu beste batzuk.";"Гуляй сёння %lld хвіліну і збяры яшчэ крыху.";"আজ %lld মিনিট খেলো, আরও কয়েকটি সংগ্রহ করো।";"Igraj danas %lld min i skupi još nekoliko.";"Играй %lld минута днес и добави още малко.";"ဒီနေ့ %lld မိနစ် ကစားပြီး နည်းနည်းထပ်စုပါ။";"Juga %lld minut avui i recull-ne uns quants més.";"今天玩 %lld 分钟，再多收集几个。";"Igraj danas %lld minutu i skupi još nekoliko.";"Hraj dnes %lld minutu a přidej ještě pár.";"Spil %lld minut i dag, og saml lidt mere.";"Mängi täna %lld minut ja kogu veel mõned.";"Spæl %lld minutt í dag og savna nøkur afturat.";"Pelaa tänään %lld minuutti ja kerää vielä muutama.";"Joue %lld minute aujourd’hui et ajoute-en quelques-unes.";"Xoga %lld minuto hoxe e suma uns poucos máis.";"დღეს %lld წუთი ითამაშე და კიდევ რამდენიმე შეაგროვე.";"Spiele heute %lld Minute und sammle noch ein paar.";"Παίξε %lld λεπτό σήμερα και μάζεψε λίγα ακόμα.";"%lld મિનિટ રમો અને થોડાં વધુ ભેગાં કરો.";"שחקו היום %lld דקה ואספו עוד כמה.";"आज %lld मिनट खेलो, फिर कुछ और जोड़ो।";"Játssz ma %lld percet, és gyűjts még néhányat.";"Spilaðu í %lld mínútu í dag og safnaðu nokkrum í viðbót.";"Main %lld menit hari ini dan kumpulkan beberapa lagi.";"Imir ar feadh %lld nóiméad inniu agus bailigh cúpla ceann eile.";"Gioca %lld minuto oggi e aggiungine ancora.";"今日は%lld分あそんで、もう少し集めよう。";"ಇಂದು %lld ನಿಮಿಷ ಆಡು, ಇನ್ನೂ ಕೆಲವು ಸಂಗ್ರಹಿಸು.";"Бүгін %lld минут ойнап, тағы біраз жина.";"លេងថ្ងៃនេះ %lld នាទី ហើយប្រមូលបន្ថែមបន្តិចទៀត។";"오늘 %lld분 플레이하고 몇 개 더 모아 보세요.";"ຫຼິ້ນ %lld ນາທີມື້ນີ້ ແລ້ວເກັບເພີ່ມອີກ.";"Šodien spēlē %lld minūti un savāc vēl dažus.";"Žaisk šiandien %lld minutę ir surink dar kelis.";"Играј %lld минута денес и собери уште неколку.";"Main %lld minit hari ini dan kumpul lagi.";"ഇന്ന് %lld മിനിറ്റ് കളിച്ച് കുറച്ച് കൂടി ശേഖരിക്കൂ.";"आज %lld मिनिट खेळ आणि अजून थोडा वेळ वाढव.";"Өнөөдөр %lld минут тоглоод, дахиад хэдийг цуглуулаарай.";"आज %lld मिनेट खेल र अझै केही जम्मा गर।";"Spill %lld minutt i dag og samle noen til.";"ଆଜି %lld ମିନିଟ୍ ଖେଳି ଆଉ କିଛି ସଂଗ୍ରହ କର।";"امروز %lld دقیقه بازی کن و چندتای دیگر جمع کن.";"Zagraj dziś przez %lld min i zbierz jeszcze kilka.";"Joga %lld minuto hoje e junta mais alguns.";"ਅੱਜ %lld ਮਿੰਟ ਖੇਡੋ ਅਤੇ ਕੁਝ ਹੋਰ ਇਕੱਠੇ ਕਰੋ।";"Joacă azi %lld minut și mai strânge câteva.";"Сыграй сегодня %lld минуту и собери ещё немного.";"Igraj danas %lld minut i dodaj još malo.";"අද විනාඩි %lldක් සෙල්ලම් කරලා තව ටිකක් එකතු කරන්න.";"Dnes hraj %lld min a nazbieraj ešte pár.";"Danes igraj %lld min in zberi še nekaj.";"Juega %lld minuto hoy y consigue unos cuantos más.";"Cheza dakika %lld leo na uongeze chache zaidi.";"Spela %lld minut i dag och samla några till.";"இன்று %lld நிமிடம் விளையாடி இன்னும் சில சேகரிக்கவும்.";"ఈ రోజు %lld నిమిషం ఆడి ఇంకొన్ని సేకరించు.";"วันนี้เล่น %lld นาที แล้วเก็บเพิ่มอีกนิด";"དེ་རིང་སྐར་མ %lld རྩེ་ནས་ད་དུང་ཁ་ཤས་བསྡུས།";"Bugün %lld dakika oyna, birkaç tane daha topla.";"Пограй сьогодні %lld хвилину й збери ще кілька.";"آج %lld منٹ کھیلیں اور کچھ مزید جمع کریں۔";"بۈگۈن %lld مىنۇت ئويناپ، يەنە بىرنەچچە توپلا.";"Bugun %lld daqiqa o‘yna va yana bir nechtasini yig‘.";"Hôm nay chơi %lld phút và nhặt thêm vài cái nữa.";"Chwaraea am %lld munud heddiw a chasglu rhagor.";"Dlala umzuzu ongu-%lld namuhla, uqoqe okunye futhi."
"notif.cards.title %lld";"one";"A push-notification title. The lock screen truncates it, so put the point first. COUNTED TEXT — the wording for a count of one. Leave empty if your language words one no differently from the rest. Aim for 40 characters or fewer. Keep 1× %lld (a number).";"%lld hoop collected! ⭕";"%lld hoepel verzameld! ⭕";"%lld hoepel versamel! ⭕";"U mblodh %lld rreth! ⭕";"%lld ተሰብስቧል! ⭕";"جمعت %lld! ⭕";"Հավաքված է %lld! ⭕";"%lld সংগ্ৰহ হ’ল! ⭕";"%lld toplandı! ⭕";"%lld bildu dituzu! ⭕";"Сабрана: %lld! ⭕";"%lld সংগ্রহ হয়েছে! ⭕";"Sakupljen %lld obruč! ⭕";"Събран е %lld обръч! ⭕";"%lld စုဆောင်းပြီး! ⭕";"%lld cèrcol recollit! ⭕";"已收集 %lld 个！⭕";"Prikupljen %lld obruč! ⭕";"Sebrán %lld obruč! ⭕";"%lld ring samlet! ⭕";"%lld rõngas kogutud! ⭕";"%lld ringur savnaður! ⭕";"%lld vanne kerätty! ⭕";"%lld cerceau ramassé ! ⭕";"%lld aro recollido! ⭕";"შეგროვებულია %lld! ⭕";"%lld Reifen gesammelt! ⭕";"Μαζεύτηκε %lld στεφάνι! ⭕";"%lld વલય એકત્ર થયું! ⭕";"נאסף חישוק %lld! ⭕";"%lld छल्ला इकट्ठा हुआ! ⭕";"%lld karika összegyűjtve! ⭕";"%lld hringur safnaður! ⭕";"%lld terkumpul! ⭕";"Bailíodh %lld fonsa! ⭕";"%lld cerchio raccolto! ⭕";"%lld 個集めた！⭕";"%lld ವಲಯ ಸಂಗ್ರಹಿಸಲಾಗಿದೆ! ⭕";"%lld жиналды! ⭕";"បានប្រមូល %lld! ⭕";"%lld개 모았어요! ⭕";"ເກັບໄດ້ %lld! ⭕";"Savākts %lld riņķis! ⭕";"Surinktas %lld lankas! ⭕";"Собран е %lld обрач! ⭕";"%lld dikumpul! ⭕";"%lld വളയം ശേഖരിച്ചു! ⭕";"%lld वलय गोळा झाले! ⭕";"%lld цуглууллаа! ⭕";"%lld सङ्कलन भयो! ⭕";"%lld ring samlet! ⭕";"%lld ସଂଗ୍ରହ ହେଲା! ⭕";"%lld تا جمع شد! ⭕";"Zebrano %lld obręcz! ⭕";"%lld aro apanhado! ⭕";"%lld ਛੱਲਾ ਇਕੱਠਾ ਹੋਇਆ! ⭕";"%lld cerc adunat! ⭕";"Собрано: %lld! ⭕";"Сакупљен %lld обруч! ⭕";"%lldක් එකතු කළා! ⭕";"Zozbieraný %lld obruč! ⭕";"Zbran %lld obroč! ⭕";"¡%lld aro recogido! ⭕";"Kitanzi %lld kimekusanywa! ⭕";"%lld ring samlad! ⭕";"%lld வளையம் சேகரிக்கப்பட்டது! ⭕";"%lld వలయం సేకరించబడింది! ⭕";"เก็บได้ %lld แล้ว! ⭕";"%lld བསྡུས་ཟིན། ⭕";"%lld toplandı! ⭕";"Зібрано: %lld! ⭕";"%lld حلقہ جمع ہوا! ⭕";"%lld يىغىلدى! ⭕";"%lld to‘plandi! ⭕";"Đã thu thập %lld! ⭕";"%lld cylch wedi’i gasglu! ⭕";"Kuqoqwe iringi engu-%lld! ⭕"
"notif.cards.title %lld";"other";"A push-notification title. The lock screen truncates it, so put the point first. COUNTED TEXT — required. The wording for a plural count, and the one used whenever the 'one' row does not apply. Aim for 40 characters or fewer. Keep 1× %lld (a number).";"%lld hoops collected! ⭕";"%lld hoepels verzameld! ⭕";"%lld hoepels versamel! ⭕";"U mblodhën %lld rrathë! ⭕";"%lld ተሰብስቧል! ⭕";"جمعت %lld! ⭕";"Հավաքված է %lld! ⭕";"%lld সংগ্ৰহ হ’ল! ⭕";"%lld toplandı! ⭕";"%lld bildu dituzu! ⭕";"Сабрана: %lld! ⭕";"%lld সংগ্রহ হয়েছে! ⭕";"Sakupljeno %lld obruča! ⭕";"Събрани са %lld обръча! ⭕";"%lld စုဆောင်းပြီး! ⭕";"%lld cèrcols recollits! ⭕";"已收集 %lld 个！⭕";"Prikupljeno %lld obruča! ⭕";"Sebráno %lld! ⭕";"%lld ringe samlet! ⭕";"%lld rõngast kogutud! ⭕";"%lld ringar savnaðir! ⭕";"%lld vannetta kerätty! ⭕";"%lld cerceaux ramassés ! ⭕";"%lld aros recollidos! ⭕";"შეგროვებულია %lld! ⭕";"%lld Reifen gesammelt! ⭕";"Μαζεύτηκαν %lld στεφάνια! ⭕";"%lld એકત્ર થયા! ⭕";"נאספו %lld חישוקים! ⭕";"%lld छल्ले इकट्ठे हुए! ⭕";"%lld karika összegyűjtve! ⭕";"%lld hringir safnaðir! ⭕";"%lld terkumpul! ⭕";"Bailíodh %lld fonsa! ⭕";"%lld cerchi raccolti! ⭕";"%lld 個集めた！⭕";"%lld ಸಂಗ್ರಹಿಸಲಾಗಿದೆ! ⭕";"%lld жиналды! ⭕";"បានប្រមូល %lld! ⭕";"%lld개 모았어요! ⭕";"ເກັບໄດ້ %lld! ⭕";"Savākti %lld riņķi! ⭕";"Surinkti %lld lankai! ⭕";"Собрани се %lld обрачи! ⭕";"%lld dikumpul! ⭕";"%lld ശേഖരിച്ചു! ⭕";"%lld गोळा झाली! ⭕";"%lld цуглууллаа! ⭕";"%lld सङ्कलन भयो! ⭕";"%lld ringer samlet! ⭕";"%lld ସଂଗ୍ରହ ହେଲା! ⭕";"%lld تا جمع شد! ⭕";"Zebrano %lld! ⭕";"%lld aros apanhados! ⭕";"%lld ਇਕੱਠੇ ਹੋਏ! ⭕";"%lld cercuri adunate! ⭕";"Собрано: %lld! ⭕";"Сакупљено %lld обруча! ⭕";"%lldක් එකතු කළා! ⭕";"Zozbierané %lld! ⭕";"Zbranih %lld obročev! ⭕";"¡%lld aros recogidos! ⭕";"Vitanzi %lld vimekusanywa! ⭕";"%lld ringar samlade! ⭕";"%lld சேகரிக்கப்பட்டது! ⭕";"%lld సేకరించబడ్డాయి! ⭕";"เก็บได้ %lld แล้ว! ⭕";"%lld བསྡུས་ཟིན། ⭕";"%lld toplandı! ⭕";"Зібрано: %lld! ⭕";"%lld حلقے جمع ہوئے! ⭕";"%lld يىغىلدى! ⭕";"%lld to‘plandi! ⭕";"Đã thu thập %lld! ⭕";"%lld cylch wedi’u casglu! ⭕";"Kuqoqwe amaringi angu-%lld! ⭕"
"notif.comeback.body";"";"A push-notification body. Aim for 110 characters or fewer.";"Your animals are waiting. Jump back in and keep collecting hoops!";"Je dieren wachten op je. Spring weer verder en verzamel meer hoepels!";"Jou diere wag. Spring terug in en versamel nog hoepels!";"Kafshët e tua po presin. Kthehu dhe mblidh edhe rrathë!";"እንስሳትህ እየጠበቁህ ነው። ተመለስና ተጨማሪ ቀለበቶችን ሰብስብ!";"حيواناتك تنتظرك. عُد إلى اللعب وواصل جمع الحلقات!";"Քո կենդանիները սպասում են։ Վերադարձիր ու շարունակիր օղակներ հավաքել։";"তোমাৰ জন্তুবোৰ অপেক্ষা কৰি আছে। পুনৰ খেলি আৰু বলয় সংগ্ৰহ কৰা!";"Heyvanların səni gözləyir. Oyuna qayıt və halqa toplamağa davam et!";"Zure animaliak zain daude. Itzuli jokora eta jarraitu uztaiak biltzen!";"Твае жывёлы чакаюць. Вяртайся ў гульню і працягвай збіраць абручы!";"তোমার প্রাণীরা অপেক্ষা করছে। আবার খেলায় ফিরে আরও বলয় সংগ্রহ করো!";"Tvoje životinje čekaju. Vrati se u igru i nastavi skupljati obruče!";"Животните ти чакат. Върни се в играта и продължи да събираш обръчи!";"မင်းရဲ့တိရစ္ဆာန်တွေ စောင့်နေတယ်။ ပြန်ကစားပြီး ကွင်းတွေ ဆက်စုပါ!";"Els teus animals t’esperen. Torna a jugar i continua recollint cèrcols!";"你的动物们在等你。回来继续收集圆环吧！";"Tvoje životinje čekaju. Vrati se u igru i nastavi skupljati obruče!";"Tvoje zvířata čekají. Vrať se do hry a sbírej další obruče!";"Dine dyr venter. Hop ind igen, og bliv ved med at samle ringe!";"Sinu loomad ootavad. Tule mängu tagasi ja kogu veel rõngaid!";"Djórini hjá tær bíða. Kom aftur og halt fram at savna ringar!";"Eläimesi odottavat. Palaa peliin ja jatka vanteiden keräämistä!";"Tes animaux t’attendent. Reviens jouer et continue à ramasser des cerceaux !";"Os teus animais están agardando. Volve ao xogo e segue recollendo aros!";"შენი ცხოველები გელოდებიან. დაბრუნდი თამაშში და გააგრძელე რგოლების შეგროვება!";"Deine Tiere warten. Spring wieder rein und sammle weiter Reifen!";"Τα ζωάκια σου περιμένουν. Γύρνα στο παιχνίδι και συνέχισε να μαζεύεις στεφάνια!";"તમારા પ્રાણીઓ રાહ જોઈ રહ્યા છે. પાછા આવો અને વધુ વલયો એકત્ર કરો!";"החיות שלך מחכות. חזרו למשחק והמשיכו לאסוף חישוקים!";"तुम्हारे जानवर इंतज़ार कर रहे हैं। वापस आओ और छल्ले इकट्ठे करते रहो!";"Az állataid várnak. Ugorj vissza, és gyűjts tovább karikákat!";"Dýrin þín bíða. Hoppaðu aftur inn og haltu áfram að safna hringjum!";"Hewanmu menunggu. Ayo kembali bermain dan terus kumpulkan simpai!";"Tá d’ainmhithe ag fanacht. Tar ar ais agus lean ort ag bailiú fonsaí!";"I tuoi animali ti aspettano. Torna a giocare e continua a raccogliere cerchi!";"動物たちが待っているよ。戻って、もっとフープを集めよう！";"ನಿನ್ನ ಪ್ರಾಣಿಗಳು ಕಾಯುತ್ತಿವೆ. ಮತ್ತೆ ಆಟಕ್ಕೆ ಬಂದು ಇನ್ನಷ್ಟು ವಲಯಗಳನ್ನು ಸಂಗ್ರಹಿಸು!";"Жануарларың күтіп отыр. Ойынға қайта кіріп, шеңбер жинауды жалғастыр!";"សត្វរបស់អ្នកកំពុងរង់ចាំ។ ត្រឡប់មកលេង ហើយបន្តប្រមូលរង្វង់!";"동물들이 기다리고 있어요. 다시 돌아와 후프를 계속 모아 보세요!";"ສັດຂອງເຈົ້າກຳລັງລໍຖ້າ. ກັບມາຫຼິ້ນ ແລະເກັບວົງຕໍ່!";"Tavi dzīvnieki gaida. Atgriezies spēlē un turpini vākt riņķus!";"Tavo gyvūnai laukia. Grįžk į žaidimą ir toliau rink lankus!";"Твоите животни чекаат. Врати се во игра и продолжи да собираш обрачи!";"Haiwan kamu sedang menunggu. Kembali bermain dan terus kumpul gelung!";"നിന്റെ മൃഗങ്ങൾ കാത്തിരിക്കുന്നു. തിരികെ വന്ന് വളയങ്ങൾ ശേഖരിക്കുന്നത് തുടരൂ!";"तुझे प्राणी वाट पाहत आहेत. पुन्हा खेळात ये आणि वलये गोळा करत राहा!";"Амьтад чинь хүлээж байна. Тоглоомдоо эргэн орж, цагираг цуглуулаарай!";"तिम्रा जनावरहरू पर्खिरहेका छन्। फेरि खेलमा आऊ र घेरा सङ्कलन गरिरह!";"Dyrene dine venter. Hopp inn igjen og fortsett å samle ringer!";"ତୁମର ପଶୁମାନେ ଅପେକ୍ଷା କରୁଛନ୍ତି। ପୁଣି ଖେଳ ଏବଂ ବଳୟ ସଂଗ୍ରହ କର!";"حیوان‌هایت منتظرند. برگرد و به جمع کردن حلقه‌ها ادامه بده!";"Twoje zwierzęta czekają. Wracaj do gry i zbieraj kolejne obręcze!";"Os teus animais estão à espera. Volta ao jogo e continua a apanhar aros!";"ਤੁਹਾਡੇ ਜਾਨਵਰ ਉਡੀਕ ਰਹੇ ਹਨ। ਵਾਪਸ ਖੇਡੋ ਅਤੇ ਹੋਰ ਛੱਲੇ ਇਕੱਠੇ ਕਰੋ!";"Animalele tale așteaptă. Revino în joc și continuă să aduni cercuri!";"Твои животные ждут. Возвращайся в игру и продолжай собирать обручи!";"Твоје животиње чекају. Врати се у игру и настави да сакупљаш обруче!";"ඔයාගේ සතුන් බලාගෙන ඉන්නවා. ආපහු ඇවිත් වළලු එකතු කරගෙන යන්න!";"Tvoje zvieratá čakajú. Vráť sa do hry a zbieraj ďalšie obruče!";"Tvoje živali čakajo. Vrni se v igro in nadaljuj z zbiranjem obročev!";"Tus animales te esperan. Vuelve al juego y sigue recogiendo aros.";"Wanyama wako wanakusubiri. Rudi kucheza na uendelee kukusanya vitanzi!";"Dina djur väntar. Hoppa in igen och fortsätt samla ringar!";"உன் விலங்குகள் காத்திருக்கின்றன. மீண்டும் வந்து மேலும் வளையங்களை சேகரி!";"నీ జంతువులు ఎదురు చూస్తున్నాయి. తిరిగి వచ్చి వలయాలు సేకరించడం కొనసాగించు!";"สัตว์ของคุณกำลังรออยู่ กลับมาเล่นและเก็บห่วงต่อกันเถอะ!";"ཁྱེད་ཀྱི་སྲོག་ཆགས་ཚོས་སྒུག་བཞིན་འདུག ཕྱིར་ལོག་ནས་ཨ་ལོང་མུ་མཐུད་བསྡུས།";"Hayvanların seni bekliyor. Oyuna dön ve çember toplamaya devam et!";"Твої тварини чекають. Повертайся до гри й продовжуй збирати обручі!";"آپ کے جانور انتظار کر رہے ہیں۔ واپس آئیں اور مزید حلقے جمع کریں!";"ھايۋانلىرىڭىز كۈتۈۋاتىدۇ. ئويۇنغا قايتىپ، چەمبەر يىغىشنى داۋاملاشتۇرۇڭ!";"Hayvonlaringiz kutmoqda. O‘yinga qayting va chambar yig‘ishda davom eting!";"Các con vật đang chờ bạn. Quay lại chơi và tiếp tục thu thập vòng nhé!";"Mae dy anifeiliaid yn aros. Tyrd yn ôl a dal ati i gasglu cylchoedd!";"Izilwane zakho zilindile. Buyela emdlalweni uqhubeke nokuqoqa amaringi!"
"notif.comeback.title";"";"A push-notification title. The lock screen truncates it, so put the point first. Aim for 40 characters or fewer.";"We miss you! 👋";"We missen je! 👋";"Ons mis jou! 👋";"Na mungoni! 👋";"ትናፍቀናለህ! 👋";"إننا نفتقدك! 👋";"Մենք կարոտում ենք քեզ: 👋";"আমি তোমাক মিছ কৰিছো! 👋";"Sizin üçün darıxırıq! 👋";"Faltan botatzen zaitugu! 👋";"Мы сумуем па табе! 👋";"আমরা আপনাকে মিস করি! 👋";"Nedostaješ nam! 👋";"Липсваш ни! 👋";"တို့တွေမင်းကိုသတိရနေတယ်! 👋";"Et trobem a faltar! 👋";"我们想你！ 👋";"nedostaješ nam! 👋";"Chybíš nám! 👋";"Vi savner dig! 👋";"Me igatseme sind! 👋";"Vit sakna teg! 👋";"Kaipaamme sinua! 👋";"Tu nous manques ! 👋";"Botámoste de menos! 👋";"გვენატრებით! 👋";"Wir vermissen dich! 👋";"Μας λείπεις! 👋";"અમે તમને યાદ કરીએ છીએ! 👋";"אנחנו מתגעגעים אליך! 👋";"हमें आपकी याद आती है! 👋";"Hiányzol nekünk! 👋";"Við söknum þín! 👋";"Kami merindukanmu! 👋";"Is fada uainn thú! 👋";"Ci manchi! 👋";"私たちはあなたがいなくて寂しいです！ 👋";"ನಾವು ನಿನ್ನನ್ನು ಕಳೆದುಕೊಳ್ಳುತ್ತೇವೆ! 👋";"Біз сені сағындық! 👋";"យើងនឹកអ្នក! 👋";"우리는 당신이 그리워요! 👋";"ພວກເຮົາຄິດຮອດເຈົ້າ! 👋";"Mums tevis pietrūkst! 👋";"Mes tavęs pasiilgome! 👋";"Ни недостигаш! 👋";"Kami rindu awak! 👋";"എനിക്ക് നിന്നെ മിസ്സാകും! 👋";"आम्हाला तुमची आठवण येते! 👋";"Бид чамайг санаж байна! 👋";"हामी तपाईंलाई सम्झन्छौं! 👋";"Vi savner deg! 👋";"ଆମେ ତୁମକୁ ମନେ ପକାଉଛୁ! 👋";"دلمون برات تنگ شده! 👋";"Tęsknimy za tobą! 👋";"Que saudades de você! 👋";"ਅਸੀਂ ਤੁਹਾਨੂੰ ਯਾਦ ਕਰਦੇ ਹਾਂ! 👋";"Ne e dor de tine! 👋";"Мы скучаем по тебе! 👋";"Nedostaješ nam! 👋";"අපිට ඔයාව දැනෙනවා! 👋";"Chýbaš nám! 👋";"Pogrešamo te! 👋";"¡Te echamos de menos! 👋";"Tunakukumbuka! 👋";"Vi saknar dig! 👋";"நாங்கள் உங்களை இழக்கிறோம்! 👋";"నువ్వు గుర్తొస్తున్నావు! 👋";"เราคิดถึงคุณ! 👋";"ང་ཚོས་ཁྱེད་རང་དྲན་གི་འདུག . 👋";"Seni özledik! 👋";"ми сумуємо за тобою! 👋";"ہم آپ کو یاد کرتے ہیں! 👋";"سېنى سېغىندۇق! 👋";"Biz sizni sog'indik! 👋";"Chúng tôi nhớ bạn! 👋";"Rydym yn colli chi! 👋";"Siyakukhumbula! 👋"
"notif.day3.body %lld";"one";"A push-notification body. COUNTED TEXT — the wording for a count of one. Leave empty if your language words one no differently from the rest. Aim for 110 characters or fewer. Keep 1× %lld (a number).";"Start a %lld-minute session and grow your streak.";"Speel %lld minuut en bouw verder aan je reeks.";"Begin 'n %lld minute speelsessie en verleng jou daaglikse speelreeks.";"Filloni një seancë %lld-minutëshe të lojës dhe zgjeroni brezin tuaj të përditshëm të lojërave.";"የ%lld ደቂቃ የጨዋታ ክፍለ ጊዜ ይጀምሩ እና የእለት ተእለት ጨዋታዎትን ያራዝሙ።";"ابدأ جلسة لعب مدتها %lld دقائق وقم بتمديد خط لعبك اليومي.";"Սկսեք %lld րոպեանոց խաղային նստաշրջան և երկարացրեք ձեր ամենօրյա խաղային շարանը:";"%lld মিনিটৰ খেলা অধিবেশন আৰম্ভ কৰক আৰু আপোনাৰ দৈনিক খেলাৰ ধাৰা বৃদ্ধি কৰক।";"%lld dəqiqəlik oyun seansına başlayın və gündəlik oyun seriyanızı artırın.";"Hasi %lld minutuko jolas-saio bat eta luzatu zure eguneroko jolas bolada.";"Пачніце %lld-хвілінную гульнявую сесію і падоўжыце штодзённую гульнявую серыю.";"একটি %lld-মিনিটের খেলার সেশন শুরু করুন এবং আপনার প্রতিদিনের খেলার স্ট্রীক প্রসারিত করুন।";"Započnite %lld-minutnu sesiju igre i produžite svoj dnevni niz igranja.";"Започнете %lld-минутна игрална сесия и удължете ежедневната си игрална серия.";"%lld မိနစ်ကြာ ကစားချိန်ကို စတင်ပြီး သင်၏နေ့စဥ်ကစားခြင်းကို သက်တမ်းတိုးပါ။";"Comença una sessió de joc de %lld minuts i allarga la teva ratxa diària de joc.";"开始 %lld 分钟的游戏并延长您每天的连续游戏时间。";"Započnite %lld-minutnu sesiju igranja i produžite svoj dnevni niz igranja.";"Začněte %lldminutovou herní relaci a prodlužte si svou každodenní herní sérii.";"Start en %lld-minutters spillesession og forlænge din daglige spillerække.";"Alustage %lld-minutilist mänguseanssi ja pikendage oma igapäevast mänguseeriat.";"Byrja eina %lld minuttir langa spælitíð og leingja tína dagligu spælirøð.";"Aloita %lld minuutin pelisessio ja pidennä päivittäistä pelisarjaasi.";"Démarrez une session de jeu de %lld minutes et prolongez votre séquence de jeu quotidienne.";"Comeza unha sesión de xogo de %lld minutos e amplía a túa racha de xogo diaria.";"დაიწყეთ %lld წუთიანი სათამაშო სესია და გააგრძელეთ თქვენი ყოველდღიური სათამაშო სერია.";"Starten Sie eine %lld-minütige Spielsitzung und verlängern Sie Ihre tägliche Spielsträhne.";"Ξεκινήστε ένα παιχνίδι %lld λεπτών και επεκτείνετε το καθημερινό σερί παιχνιδιού σας.";"%lld-મિનિટનું રમતનું સત્ર શરૂ કરો અને તમારી દૈનિક રમવાની સ્ટ્રીકને લંબાવો.";"התחל סשן משחק של %lld דקות והארך את רצף המשחקים היומי שלך.";"%lld मिनट का खेल सत्र शुरू करें और अपने दैनिक खेल क्रम का विस्तार करें।";"Kezdj el egy %lld perces játékmenetet, és hosszabbítsd meg napi játéksorozatodat.";"Byrjaðu %lld mínútna leiklotu og lengdu daglega spilahrinu þína.";"Mulailah sesi bermain %lld menit dan perpanjang rekor permainan harian Anda.";"Tosaigh seisiún súgartha %lld-nóiméad agus síneadh do stríoc imeartha laethúil.";"Inizia una sessione di gioco di %lld minuti ed estendi la tua serie di giochi giornaliera.";"%lld 分間のプレイ セッションを開始して、毎日の連続プレイを延長しましょう。";"%lld ನಿಮಿಷಗಳ ಆಟದ ಅವಧಿಯನ್ನು ಪ್ರಾರಂಭಿಸಿ ಮತ್ತು ನಿಮ್ಮ ದೈನಂದಿನ ಆಟದ ಸರಣಿಯನ್ನು ವಿಸ್ತರಿಸಿ.";"%lld минуттық ойын сеансын бастаңыз және күнделікті ойын сериясын ұзартыңыз.";"ចាប់ផ្តើមវគ្គលេងរយៈពេល %lld នាទី និងពង្រីកការលេងប្រចាំថ្ងៃរបស់អ្នក។";"%lld분 플레이 세션을 시작하고 일일 연속 플레이를 연장하세요.";"ເລີ່ມການຫຼິ້ນ %lld ນາທີ ແລະຂະຫຍາຍການຫຼິ້ນປະຈໍາວັນຂອງທ່ານ.";"Sāciet %lld minūšu spēles sesiju un pagariniet savu ikdienas spēļu sēriju.";"Pradėkite %lld minučių žaidimo sesiją ir pratęskite savo kasdienę žaidimų seriją.";"Започнете %lld-минутна сесија за играње и продолжете ја вашата дневна серија на играње.";"Mulakan sesi bermain selama %lld minit dan lanjutkan rentak permainan harian anda.";"ഒരു %lld മിനിറ്റ് പ്ലേ സെഷൻ ആരംഭിച്ച് നിങ്ങളുടെ ദൈനംദിന പ്ലേ സ്ട്രീക്ക് നീട്ടുക.";"%lld-मिनिटांचे खेळण्याचे सत्र सुरू करा आणि तुमचा दैनंदिन खेळण्याचा सिलसिला वाढवा.";"%lld минутын тоглолтыг эхлүүлж, өдөр бүр тоглох цувралаа уртасга.";"%lld-मिनेट खेल सत्र सुरु गर्नुहोस् र आफ्नो दैनिक खेल स्ट्रीक विस्तार गर्नुहोस्।";"Start en %lld-minutters spilleøkt og forleng din daglige spillrekke.";"ଏକ %lld ମିନିଟର ଖେଳ ଅଧିବେଶନ ଆରମ୍ଭ କରନ୍ତୁ ଏବଂ ଆପଣଙ୍କର ଦ daily ନିକ ଖେଳ ଧାରାକୁ ବିସ୍ତାର କରନ୍ତୁ |";"یک جلسه بازی %lld دقیقه ای را شروع کنید و بازی روزانه خود را افزایش دهید.";"Rozpocznij %lld-minutową sesję gry i przedłuż swoją codzienną passę.";"Inicie uma sessão de jogo de %lld minutos e prolongue sua sequência diária de jogos.";"%lld-ਮਿੰਟ ਦਾ ਪਲੇ ਸੈਸ਼ਨ ਸ਼ੁਰੂ ਕਰੋ ਅਤੇ ਆਪਣੀ ਰੋਜ਼ਾਨਾ ਖੇਡਣ ਦੀ ਲੜੀ ਨੂੰ ਵਧਾਓ।";"Începeți o sesiune de joc de %lld minute și extindeți-vă seria zilnică de joc.";"Начните %lld-минутную игровую сессию и продлите свою ежедневную игровую серию.";"Započnite %lld-minutnu sesiju igre i produžite svoj dnevni niz igranja.";"මිනිත්තු %lldක ක්‍රීඩා සැසියක් ආරම්භ කර ඔබේ දෛනික ක්‍රීඩා මාලාව දිගු කරන්න.";"Začnite %lld-minútovú hernú reláciu a predĺžte si dennú sériu hrania.";"Začnite %lld-minutno sejo igranja in podaljšajte svoj dnevni niz igranja.";"Comienza una sesión de juego de %lld minutos y extiende tu racha de juego diaria.";"Anza kipindi cha kucheza cha dakika %lld na uongeze mfululizo wako wa kucheza wa kila siku.";"Starta en %lld-minuters spelsession och förläng din dagliga spelserie.";"%lld நிமிடம் விளையாடி உங்கள் தொடரை வளர்த்துக் கொள்ளுங்கள்.";"%lld నిమిషాల సెషన్ మొదలుపెట్టి నీ వరుసను పెంచు.";"เริ่มเซสชั่นการเล่น %lld นาทีและขยายแนวการเล่นประจำวันของคุณ";"སྐར་མ་ %lld ཡི་རྩེད་མོའི་དུས་ཚོད་འགོ་འཛུགས་ནས་ཉིན་ལྟར་རྩེད་མོའི་རྒྱུན་རིང་དུ་གཏོང་དགོས།";"%lld dakikalık bir oyun seansı başlatın ve günlük oyun serinizi uzatın.";"Почніть %lld-хвилинну ігрову сесію та подовжте щоденну ігрову серію.";"%lld منٹ کا پلے سیشن شروع کریں اور اپنے روزانہ کھیلنے کے سلسلے کو بڑھا دیں۔";"%lld مىنۇتلۇق ئويۇننى باشلاڭ ۋە كۈندىلىك ئويناش ۋاقتىڭىزنى ئۇزارتىڭ.";"%lld daqiqalik o'yin seansini boshlang va kunlik o'yin seriyangizni uzaytiring.";"Bắt đầu phiên chơi %lld phút và kéo dài thời gian chơi hàng ngày của bạn.";"Dechreuwch sesiwn chwarae %lld munud ac ymestyn eich rhediad chwarae dyddiol.";"Qala iseshini yokudlala eyimizuzu engu-%lld futhi wandise ukulandelana kwakho kokudlala kwansuku zonke."
"notif.day3.body %lld";"other";"A push-notification body. COUNTED TEXT — required. The wording for a plural count, and the one used whenever the 'one' row does not apply. Aim for 110 characters or fewer. Keep 1× %lld (a number).";"Start a %lld-minute session and grow your streak.";"Speel %lld minuten en bouw verder aan je reeks.";"Begin 'n %lld minute speelsessie en verleng jou daaglikse speelreeks.";"Filloni një seancë %lld-minutëshe të lojës dhe zgjeroni brezin tuaj të përditshëm të lojërave.";"የ%lld ደቂቃ የጨዋታ ክፍለ ጊዜ ይጀምሩ እና የእለት ተእለት ጨዋታዎትን ያራዝሙ።";"ابدأ جلسة لعب مدتها %lld دقائق وقم بتمديد خط لعبك اليومي.";"Սկսեք %lld րոպեանոց խաղային նստաշրջան և երկարացրեք ձեր ամենօրյա խաղային շարանը:";"%lld মিনিটৰ খেলা অধিবেশন আৰম্ভ কৰক আৰু আপোনাৰ দৈনিক খেলাৰ ধাৰা বৃদ্ধি কৰক।";"%lld dəqiqəlik oyun seansına başlayın və gündəlik oyun seriyanızı artırın.";"Hasi %lld minutuko jolas-saio bat eta luzatu zure eguneroko jolas bolada.";"Пачніце %lld-хвілінную гульнявую сесію і падоўжыце штодзённую гульнявую серыю.";"একটি %lld-মিনিটের খেলার সেশন শুরু করুন এবং আপনার প্রতিদিনের খেলার স্ট্রীক প্রসারিত করুন।";"Započnite %lld-minutnu sesiju igre i produžite svoj dnevni niz igranja.";"Започнете %lld-минутна игрална сесия и удължете ежедневната си игрална серия.";"%lld မိနစ်ကြာ ကစားချိန်ကို စတင်ပြီး သင်၏နေ့စဥ်ကစားခြင်းကို သက်တမ်းတိုးပါ။";"Comença una sessió de joc de %lld minuts i allarga la teva ratxa diària de joc.";"开始 %lld 分钟的游戏并延长您每天的连续游戏时间。";"Započnite %lld-minutnu sesiju igranja i produžite svoj dnevni niz igranja.";"Začněte %lldminutovou herní relaci a prodlužte si svou každodenní herní sérii.";"Start en %lld-minutters spillesession og forlænge din daglige spillerække.";"Alustage %lld-minutilist mänguseanssi ja pikendage oma igapäevast mänguseeriat.";"Byrja eina %lld minuttir langa spælitíð og leingja tína dagligu spælirøð.";"Aloita %lld minuutin pelisessio ja pidennä päivittäistä pelisarjaasi.";"Démarrez une session de jeu de %lld minutes et prolongez votre séquence de jeu quotidienne.";"Comeza unha sesión de xogo de %lld minutos e amplía a túa racha de xogo diaria.";"დაიწყეთ %lld წუთიანი სათამაშო სესია და გააგრძელეთ თქვენი ყოველდღიური სათამაშო სერია.";"Starten Sie eine %lld-minütige Spielsitzung und verlängern Sie Ihre tägliche Spielsträhne.";"Ξεκινήστε ένα παιχνίδι %lld λεπτών και επεκτείνετε το καθημερινό σερί παιχνιδιού σας.";"%lld-મિનિટનું રમતનું સત્ર શરૂ કરો અને તમારી દૈનિક રમવાની સ્ટ્રીકને લંબાવો.";"התחל סשן משחק של %lld דקות והארך את רצף המשחקים היומי שלך.";"%lld मिनट का खेल सत्र शुरू करें और अपने दैनिक खेल क्रम का विस्तार करें।";"Kezdj el egy %lld perces játékmenetet, és hosszabbítsd meg napi játéksorozatodat.";"Byrjaðu %lld mínútna leiklotu og lengdu daglega spilahrinu þína.";"Mulailah sesi bermain %lld menit dan perpanjang rekor permainan harian Anda.";"Tosaigh seisiún súgartha %lld-nóiméad agus síneadh do stríoc imeartha laethúil.";"Inizia una sessione di gioco di %lld minuti ed estendi la tua serie di giochi giornaliera.";"%lld 分間のプレイ セッションを開始して、毎日の連続プレイを延長しましょう。";"%lld ನಿಮಿಷಗಳ ಆಟದ ಅವಧಿಯನ್ನು ಪ್ರಾರಂಭಿಸಿ ಮತ್ತು ನಿಮ್ಮ ದೈನಂದಿನ ಆಟದ ಸರಣಿಯನ್ನು ವಿಸ್ತರಿಸಿ.";"%lld минуттық ойын сеансын бастаңыз және күнделікті ойын сериясын ұзартыңыз.";"ចាប់ផ្តើមវគ្គលេងរយៈពេល %lld នាទី និងពង្រីកការលេងប្រចាំថ្ងៃរបស់អ្នក។";"%lld분 플레이 세션을 시작하고 일일 연속 플레이를 연장하세요.";"ເລີ່ມການຫຼິ້ນ %lld ນາທີ ແລະຂະຫຍາຍການຫຼິ້ນປະຈໍາວັນຂອງທ່ານ.";"Sāciet %lld minūšu spēles sesiju un pagariniet savu ikdienas spēļu sēriju.";"Pradėkite %lld minučių žaidimo sesiją ir pratęskite savo kasdienę žaidimų seriją.";"Започнете %lld-минутна сесија за играње и продолжете ја вашата дневна серија на играње.";"Mulakan sesi bermain selama %lld minit dan lanjutkan rentak permainan harian anda.";"ഒരു %lld മിനിറ്റ് പ്ലേ സെഷൻ ആരംഭിച്ച് നിങ്ങളുടെ ദൈനംദിന പ്ലേ സ്ട്രീക്ക് നീട്ടുക.";"%lld-मिनिटांचे खेळण्याचे सत्र सुरू करा आणि तुमचा दैनंदिन खेळण्याचा सिलसिला वाढवा.";"%lld минутын тоглолтыг эхлүүлж, өдөр бүр тоглох цувралаа уртасга.";"%lld-मिनेट खेल सत्र सुरु गर्नुहोस् र आफ्नो दैनिक खेल स्ट्रीक विस्तार गर्नुहोस्।";"Start en %lld-minutters spilleøkt og forleng din daglige spillrekke.";"ଏକ %lld ମିନିଟର ଖେଳ ଅଧିବେଶନ ଆରମ୍ଭ କରନ୍ତୁ ଏବଂ ଆପଣଙ୍କର ଦ daily ନିକ ଖେଳ ଧାରାକୁ ବିସ୍ତାର କରନ୍ତୁ |";"یک جلسه بازی %lld دقیقه ای را شروع کنید و بازی روزانه خود را افزایش دهید.";"Rozpocznij %lld-minutową sesję gry i przedłuż swoją codzienną passę.";"Inicie uma sessão de jogo de %lld minutos e prolongue sua sequência diária de jogos.";"%lld-ਮਿੰਟ ਦਾ ਪਲੇ ਸੈਸ਼ਨ ਸ਼ੁਰੂ ਕਰੋ ਅਤੇ ਆਪਣੀ ਰੋਜ਼ਾਨਾ ਖੇਡਣ ਦੀ ਲੜੀ ਨੂੰ ਵਧਾਓ।";"Începeți o sesiune de joc de %lld minute și extindeți-vă seria zilnică de joc.";"Начните %lld-минутную игровую сессию и продлите свою ежедневную игровую серию.";"Započnite %lld-minutnu sesiju igre i produžite svoj dnevni niz igranja.";"මිනිත්තු %lldක ක්‍රීඩා සැසියක් ආරම්භ කර ඔබේ දෛනික ක්‍රීඩා මාලාව දිගු කරන්න.";"Začnite %lld-minútovú hernú reláciu a predĺžte si dennú sériu hrania.";"Začnite %lld-minutno sejo igranja in podaljšajte svoj dnevni niz igranja.";"Comienza una sesión de juego de %lld minutos y extiende tu racha de juego diaria.";"Anza kipindi cha kucheza cha dakika %lld na uongeze mfululizo wako wa kucheza wa kila siku.";"Starta en %lld-minuters spelsession och förläng din dagliga spelserie.";"%lld நிமிடங்கள் விளையாடி உங்கள் தொடரை வளர்த்துக் கொள்ளுங்கள்.";"%lld నిమిషాల సెషన్ మొదలుపెట్టి నీ వరుసను పెంచు.";"เริ่มเซสชั่นการเล่น %lld นาทีและขยายแนวการเล่นประจำวันของคุณ";"སྐར་མ་ %lld ཡི་རྩེད་མོའི་དུས་ཚོད་འགོ་འཛུགས་ནས་ཉིན་ལྟར་རྩེད་མོའི་རྒྱུན་རིང་དུ་གཏོང་དགོས།";"%lld dakikalık bir oyun seansı başlatın ve günlük oyun serinizi uzatın.";"Почніть %lld-хвилинну ігрову сесію та подовжте щоденну ігрову серію.";"%lld منٹ کا پلے سیشن شروع کریں اور اپنے روزانہ کھیلنے کے سلسلے کو بڑھا دیں۔";"%lld مىنۇتلۇق ئويۇننى باشلاڭ ۋە كۈندىلىك ئويناش ۋاقتىڭىزنى ئۇزارتىڭ.";"%lld daqiqalik o'yin seansini boshlang va kunlik o'yin seriyangizni uzaytiring.";"Bắt đầu phiên chơi %lld phút và kéo dài thời gian chơi hàng ngày của bạn.";"Dechreuwch sesiwn chwarae %lld munud ac ymestyn eich rhediad chwarae dyddiol.";"Qala iseshini yokudlala eyimizuzu engu-%lld futhi wandise ukulandelana kwakho kokudlala kwansuku zonke."
"notif.day3.title";"";"A push-notification title. The lock screen truncates it, so put the point first. Aim for 40 characters or fewer.";"Let’s make day 3 happen! ⭐";"Maak dag 3 compleet! ⭐";"Kom ons laat dag 3 gebeur! ⭐";"Le të realizojmë ditën e tretë! ⭐";"3ኛው ቀን እንዲሆን እናድርግ! ⭐";"دعونا نجعل اليوم الثالث يحدث! ⭐";"Եկեք կատարենք 3-րդ օրը: ⭐";"3য় দিনটো ঘটাওঁ আহক! ⭐";"Gəlin 3-cü günü gerçəkləşdirək! ⭐";"Egin dezagun 3. eguna! ⭐";"Давайце зробім дзень 3! ⭐";"দিন 3 ঘটতে দিন! ⭐";"Hajde da ostvarimo 3. dan! ⭐";"Нека ден 3 се случи! ⭐";"Day 3 ဖြစ်မြောက်အောင် လုပ်ကြရအောင်။ ⭐";"Fem que el dia 3 passi! ⭐";"让我们实现第三天吧！ ⭐";"Ostvarimo treći dan! ⭐";"Pojďme uskutečnit den 3! ⭐";"Lad os få dag 3 til at ske! ⭐";"Teeme 3. päeva teoks! ⭐";"Latið okkum fáa dag 3 at henda! ⭐";"Tehdään päivästä 3 toteutuva! ⭐";"Faisons en sorte que le troisième jour ait lieu ! ⭐";"¡Facemos que o día 3 suceda! ⭐";"მოდით, მე-3 დღე მოხდეს! ⭐";"Lasst uns Tag 3 möglich machen! ⭐";"Ας κάνουμε την 3η μέρα να συμβεί! ⭐";"ચાલો દિવસ 3 ની ઘટના બનાવીએ! ⭐";"בואו נגרום ליום השלישי להתרחש! ⭐";"आइए तीसरे दिन को सफल बनाएं! ⭐";"Legyen a 3. nap! ⭐";"Látum dag 3 gerast! ⭐";"Mari wujudkan hari ke-3! ⭐";"Déanaimis an tríú lá! ⭐";"Realizziamo il terzo giorno! ⭐";"3日目も実現させましょう！ ⭐";"3 ನೇ ದಿನವನ್ನು ಮಾಡೋಣ! ⭐";"3-ші күнді орындайық! ⭐";"សូមឱ្យថ្ងៃទី 3 កើតឡើង! ⭐";"3일차를 만들어보자! ⭐";"ຂໍໃຫ້ວັນທີ 3 ເກີດຂຶ້ນ! ⭐";"Panāksim 3. dienu! ⭐";"Kad įvyktų 3 diena! ⭐";"Да го направиме 3-тиот ден да се случи! ⭐";"Mari jadikan hari ke-3 berlaku! ⭐";"നമുക്ക് ദിവസം 3 ആക്കാം! ⭐";"चला तिसरा दिवस घडवूया! ⭐";"3 дахь өдрөө амжилттай болгоцгооё! ⭐";"दिन 3 बनाउनुहोस्! ⭐";"La oss få dag 3 til å skje! ⭐";"ଚାଲ ଦିନ 3 କରିବା! ⭐";"اجازه دهید روز 3 اتفاق بیفتد! ⭐";"Sprawmy, aby dzień 3 się odbył! ⭐";"Vamos fazer o dia 3 acontecer! ⭐";"ਆਉ ਦਿਨ 3 ਨੂੰ ਪੂਰਾ ਕਰੀਏ! ⭐";"Să facem ziua 3 să se întâmple! ⭐";"Давайте сделаем так, чтобы третий день состоялся! ⭐";"Hajde da ostvarimo treći dan! ⭐";"3 වන දිනය සිදු කරමු! ⭐";"Uskutočnime deň 3! ⭐";"Naj se zgodi 3. dan! ⭐";"¡Hagamos realidad el día 3! ⭐";"Wacha tuifanye siku ya 3 ifanyike! ⭐";"Låt oss få dag 3 att hända! ⭐";"3வது நாளை நடக்க வைப்போம்! ⭐";"మూడో రోజును పూర్తి చేద్దాం! ⭐";"มาทำให้วันที่ 3 เกิดขึ้นกันเถอะ! ⭐";"ཉིན་གསུམ་པ་དེ་འགྲུབ་པར་བྱོས། ⭐";"Haydi 3. günü gerçekleştirelim! ⭐";"Давайте зробимо день 3! ⭐";"آئیے دن 3 کو انجام دیں! ⭐";"3-كۈنىنى قىلايلى! ⭐";"Keling, 3-kunni amalga oshiraylik! ⭐";"Hãy biến ngày thứ 3 thành hiện thực! ⭐";"Gadewch i ni wneud i ddiwrnod 3 ddigwydd! ⭐";"Masenze usuku lwesi-3 lwenzeke! ⭐"
"notif.premium.body %lld";"";"A push-notification body. Aim for 110 characters or fewer. Keep 1× %lld (a number). The translations render a longer sentence than the English, carried over from earlier copy. Accurate enough to ship; worth tightening one day.";"Premium opens %lld levels in every topic and all ten animals.";"Met Premium open je %lld levels per onderwerp en alle tien de dieren.";"Hungry Frog Premium bevat %lld vlakke vir elke onderwerp en al 10 diere. Die avontuur gaan voort!";"Hungry Frog Premium përfshin %lld nivele për çdo temë dhe të 10 kafshët. Aventura vazhdon!";"ዝላይ ፎክስ ፕሪሚየም ለእያንዳንዱ ርዕስ %lld ደረጃዎችን እና ሁሉንም 10 እንስሳትን ያካትታል።ጀብዱ ይቀጥላል!";"يتضمن Hungry Frog Premium %lld مستوى لكل موضوع وجميع الحيوانات العشرة. المغامرة مستمرة!";"Hungry Frog Premium-ը ներառում է %lld մակարդակ յուրաքանչյուր թեմայի և բոլոր 10 կենդանիների համար:Արկածը շարունակվում է:";"জাম্পিং ফক্স প্ৰিমিয়ামত প্ৰতিটো বিষয় আৰু সকলো 10টা প্ৰাণীৰ বাবে %lldটা স্তৰ অন্তৰ্ভুক্ত কৰা হৈছে। দুঃসাহসিক অভিযান চলি থাকে!";"Hungry Frog Premium hər mövzu və bütün 10 heyvan üçün %lld səviyyəni ehtiva edir. Macəra davam edir!";"Hungry Frog Premium-ek %lld maila biltzen ditu gai bakoitzeko eta 10 animalia guztientzat. Abenturak aurrera jarraitzen du!";"Hungry Frog Premium уключае %lld узроўняў для кожнай тэмы і ўсіх 10 жывёл. Прыгоды працягваюцца!";"জাম্পিং ফক্স প্রিমিয়ামে প্রতিটি বিষয়ের জন্য %lldটি স্তর এবং সমস্ত 10টি প্রাণী রয়েছে। অ্যাডভেঞ্চার চলতে থাকে!";"Hungry Frog Premium uključuje %lld nivoa za svaku temu i svih 10 životinja. Avantura se nastavlja!";"Hungry Frog Premium включва %lld нива за всяка тема и всички 10 животни. Приключението продължава!";"Hungry Frog Premium တွင် အကြောင်းအရာတိုင်းအတွက် အဆင့် %lld နှင့် တိရစ္ဆာန် 10 ကောင်တို့ပါဝင်သည်။စွန့်စားခန်းသည် ဆက်သွားနေသည်။";"Hungry Frog Premium inclou %lld nivells per a cada tema i els 10 animals. L'aventura segueix endavant!";"Hungry Frog Premium 包含每个主题的 %lld 个关卡和全部 10 种动物。冒险仍在继续！";"Hungry Frog Premium uključuje %lld razina za svaku temu i svih 10 životinja. Avantura nastavlja!";"Hungry Frog Premium obsahuje %lld úrovní pro každé téma a všech 10 zvířat. Dobrodružství pokračuje!";"Hungry Frog Premium inkluderer %lld niveauer for hvert emne og alle 10 dyr. Eventyret fortsætter!";"Hungry Frog Premium sisaldab %lld taset iga teema ja kõigi 10 looma jaoks. Seiklus jätkub!";"Hungry Frog Premium inniheldur %lld stig til hvørt evni og øll 10 djórini. Ævintýrið heldur fram!";"Hungry Frog Premium sisältää %lld tasoa jokaiselle aiheelle ja kaikille 10 eläimelle. Seikkailu jatkuu!";"Hungry Frog Premium comprend %lld niveaux pour chaque sujet et les 10 animaux. L'aventure continue !";"Hungry Frog Premium inclúe %lld niveis para cada tema e os 10 animais. A aventura continúa!";"Hungry Frog Premium მოიცავს %lld დონეს ყველა თემისთვის და 10-ვე ცხოველისთვის. თავგადასავალი გრძელდება!";"Hungry Frog Premium umfasst %lld Level für jedes Thema und alle 10 Tiere. Das Abenteuer geht weiter!";"Το Hungry Frog Premium περιλαμβάνει %lld επίπεδα για κάθε θέμα και τα 10 ζώα. Η περιπέτεια συνεχίζεται!";"જમ્પિંગ ફોક્સ પ્રીમિયમમાં દરેક વિષય માટે %lld સ્તરો અને તમામ 10 પ્રાણીઓનો સમાવેશ થાય છે. સાહસ ચાલુ રહે છે!";"Hungry Frog Premium כולל %lld רמות לכל נושא וכל 10 החיות. ההרפתקה ממשיכה!";"जंपिंग फॉक्स प्रीमियम में प्रत्येक विषय और सभी 10 जानवरों के लिए %lld स्तर शामिल हैं। साहसिक कार्य चलता रहता है!";"A Hungry Frog Premium %lld szintet tartalmaz minden témához és mind a 10 állathoz. A kaland folytatódik!";"Hungry Frog Premium inniheldur %lld stig fyrir hvert efni og öll 10 dýrin. Ævintýrið heldur áfram!";"Hungry Frog Premium mencakup %lld level untuk setiap topik dan 10 hewan. Petualangan terus berlanjut!";"Cuimsíonn Hungry Frog Premium %lld leibhéal do gach ábhar agus do gach 10 n-ainmhí. Leanann an eachtra ar aghaidh!";"Hungry Frog Premium include %lld livelli per ogni argomento e tutti i 10 animali. L'avventura continua!";"Hungry Frog プレミアムには、すべてのトピックと 10 匹すべての動物の %lld レベルが含まれています。冒険はまだまだ続きます！";"ಜಂಪಿಂಗ್ ಫಾಕ್ಸ್ ಪ್ರೀಮಿಯಂ ಪ್ರತಿ ವಿಷಯ ಮತ್ತು ಎಲ್ಲಾ 10 ಪ್ರಾಣಿಗಳಿಗೆ %lld ಹಂತಗಳನ್ನು ಒಳಗೊಂಡಿದೆ. ಸಾಹಸವು ಮುಂದುವರಿಯುತ್ತದೆ!";"Hungry Frog Premium әр тақырыпқа және барлық 10 жануарға арналған %lld деңгейді қамтиды. Шытырман оқиға жалғасуда!";"Hungry Frog Premium រួមបញ្ចូលកម្រិត %lld សម្រាប់គ្រប់ប្រធានបទ និងសត្វទាំង 10 ។ដំណើរផ្សងព្រេងនៅតែបន្ត!";"Hungry Frog 프리미엄에는 모든 주제와 10가지 동물에 대한 %lld개의 레벨이 포함되어 있습니다. 모험은 계속됩니다!";"Hungry Frog Premium ປະກອບມີ %lld ລະດັບສຳລັບທຸກໆຫົວຂໍ້ ແລະສັດທັງໝົດ 10 ໂຕ. ການຜະຈົນໄພສືບຕໍ່!";"Hungry Frog Premium ietver %lld līmeņus katrai tēmai un visiem 10 dzīvniekiem. Piedzīvojums turpinās!";"Hungry Frog Premium apima %lld lygius kiekvienai temai ir visiems 10 gyvūnų. Nuotykis tęsiasi!";"Hungry Frog Premium вклучува %lld нивоа за секоја тема и сите 10 животни. Авантурата продолжува!";"Hungry Frog Premium termasuk %lld tahap untuk setiap topik dan kesemua 10 haiwan. Pengembaraan diteruskan!";"ജമ്പിംഗ് ഫോക്സ് പ്രീമിയത്തിൽ ഓരോ വിഷയത്തിനും എല്ലാ 10 മൃഗങ്ങൾക്കും %lld ലെവലുകൾ ഉൾപ്പെടുന്നു. സാഹസികത തുടരുന്നു!";"जंपिंग फॉक्स प्रीमियममध्ये प्रत्येक विषयासाठी %lld स्तर आणि सर्व 10 प्राण्यांचा समावेश आहे. साहस चालूच राहते!";"Hungry Frog Premium нь сэдэв бүрийн %lld түвшин болон бүх 10 амьтныг агуулдаг. Адал явдал үргэлжилсээр байна!";"जम्पिङ फक्स प्रिमियमले हरेक विषय र सबै 10 जनावरहरूको लागि %lld स्तरहरू समावेश गर्दछ। साहसिक कार्य जारी छ!";"Hungry Frog Premium inkluderer %lld nivåer for hvert emne og alle 10 dyrene. Eventyret fortsetter!";"ଜମ୍ପ୍ ଫକ୍ସ ପ୍ରିମିୟମ୍ ପ୍ରତ୍ୟେକ ବିଷୟ ଏବଂ ସମସ୍ତ 10 ପ୍ରାଣୀ ପାଇଁ %lld ସ୍ତର ଅନ୍ତର୍ଭୁକ୍ତ କରେ |ଦୁ venture ସାହସିକ କାର୍ଯ୍ୟ ଜାରି ରଖେ!";"Hungry Frog Premium شامل %lld سطح برای هر موضوع و هر 10 حیوان است. ماجرا همچنان ادامه دارد!";"Hungry Frog Premium zawiera %lld poziomów dla każdego tematu i wszystkich 10 zwierząt. Przygoda trwa!";"Hungry Frog Premium inclui %lld níveis para cada tópico e todos os 10 animais. A aventura continua!";"ਜੰਪਿੰਗ ਫੌਕਸ ਪ੍ਰੀਮੀਅਮ ਵਿੱਚ ਹਰ ਵਿਸ਼ੇ ਲਈ %lld ਪੱਧਰ ਅਤੇ ਸਾਰੇ 10 ਜਾਨਵਰ ਸ਼ਾਮਲ ਹਨ। ਸਾਹਸ ਜਾਰੀ ਰਹਿੰਦਾ ਹੈ!";"Hungry Frog Premium include %lld de niveluri pentru fiecare subiect și toate cele 10 animale. Aventura continuă!";"Hungry Frog Premium включает в себя %lld уровней на каждую тему и всех 10 животных. Приключение продолжается!";"Jumping Fok Premium uključuje %lld nivoa za svaku temu i svih 10 životinja. Avantura se nastavlja!";"Hungry Frog Premium හි සෑම මාතෘකාවක් සඳහාම මට්ටම් %lldක් සහ සියලුම සතුන් 10ක් ඇතුළත් වේ. වික්‍රමය දිගටම පවතී!";"Hungry Frog Premium obsahuje %lld úrovní pre každú tému a všetkých 10 zvierat. Dobrodružstvo pokračuje!";"Hungry Frog Premium vključuje %lld stopenj za vsako temo in vseh 10 živali. Pustolovščina se nadaljuje!";"Hungry Frog Premium incluye %lld niveles para cada tema y los 10 animales. ¡La aventura continúa!";"Kuruka Fox Premium inajumuisha viwango %lld kwa kila mada na wanyama wote 10. Matukio yanaendelea!";"Hungry Frog Premium innehåller %lld nivåer för varje ämne och alla 10 djur. Äventyret fortsätter!";"ஜம்பிங் ஃபாக்ஸ் பிரீமியம் ஒவ்வொரு தலைப்புக்கும் அனைத்து 10 விலங்குகளுக்கும் %lld நிலைகளை உள்ளடக்கியது. சாகசம் தொடர்கிறது!";"ప్రతి అంశానికి %lld లెవల్‌లు, మొత్తం 10 జంతువుల కోసం ప్రీమియం తీసుకో — సాహసం కొనసాగుతుంది.";"Hungry Frog Premium มี %lld ด่านสำหรับทุกหัวข้อและสัตว์ทั้งหมด 10 ตัวการผจญภัยดำเนินต่อไป!";"མཆོང་རྒྱུག་ཕོགས་ཀྱི་སྔོན་ཐོན་ནང་བརྗོད་གཞི་རེ་རེ་དང་སེམས་ཅན་10ཚང་མའི་ཆེད་དུ་རིམ་པ་%lldཚུད་ཡོད།མྱོང་ཚོར་དེ་མུ་མཐུད་དུ་འགྲོ་བཞིན་ཡོད།";"Hungry Frog Premium, her konu ve 10 hayvanın tümü için %lld seviye içerir. Macera devam ediyor!";"Hungry Frog Premium містить %lld рівнів для кожної теми та всіх 10 тварин. Пригоди тривають!";"جمپنگ فاکس پریمیم میں ہر موضوع کے لیے %lld لیولز اور تمام 10 جانور شامل ہیں۔ایڈونچر جاری ہے!";"سەكرەش تۈلكە مۇكاپاتى ھەر بىر تېما ۋە 10 ھايۋاننىڭ %lld دەرىجىسىنى ئۆز ئىچىگە ئالىدۇ. تەۋەككۈلچىلىك داۋاملىشىدۇ!";"Hungry Frog Premium har bir mavzu va barcha 10 hayvonlar uchun %lld darajani o'z ichiga oladi. Sarguzasht davom etmoqda!";"Hungry Frog Premium bao gồm %lld cấp độ cho mọi chủ đề và tất cả 10 con vật. Cuộc phiêu lưu vẫn tiếp tục!";"Mae Premiwm Hungry Frog yn cynnwys %lld lefel ar gyfer pob pwnc a phob un o'r 10 anifail. Mae'r antur yn dal i fynd!";"I-Hungry Frog Premium ifaka amazinga angama-%lld esihlokweni ngasinye nazo zonke izilwane eziyi-10. I-adventure iyaqhubeka!"
"notif.premium.title";"";"A push-notification title. The lock screen truncates it, so put the point first. Aim for 47 characters or fewer.";"Unlock more levels and animals! 🌈";"Speel meer niveaus en dieren vrij! 🌈";"Ontsluit meer vlakke en diere! 🌈";"Zhbllokoni më shumë nivele dhe kafshë! 🌈";"ተጨማሪ ደረጃዎችን እና እንስሳትን ይክፈቱ! 🌈";"فتح المزيد من المستويات والحيوانات! 🌈";"Բացեք ավելի շատ մակարդակներ և կենդանիներ: 🌈";"অধিক স্তৰ আৰু প্ৰাণী আনলক! 🌈";"Daha çox səviyyələrin və heyvanların kilidini açın! 🌈";"Desblokeatu maila eta animalia gehiago! 🌈";"Разблакуйце больш узроўняў і жывёл! 🌈";"আরও স্তর এবং প্রাণী আনলক করুন! 🌈";"Otključajte više nivoa i životinja! 🌈";"Отключете повече нива и животни! 🌈";"အဆင့်များနှင့် တိရစ္ဆာန်များကို လော့ခ်ဖွင့်ပါ။ 🌈";"Desbloqueja més nivells i animals! 🌈";"解锁更多关卡和动物！ 🌈";"Otključajte više razina i životinja! 🌈";"Odemkněte další úrovně a zvířata! 🌈";"Lås op for flere niveauer og dyr! 🌈";"Avage rohkem tasemeid ja loomi! 🌈";"Læs fleiri stig og djór upp! 🌈";"Avaa lisää tasoja ja eläimiä! 🌈";"Débloquez plus de niveaux et d'animaux ! 🌈";"Desbloquea máis niveis e animais! 🌈";"გახსენით მეტი დონე და ცხოველები! 🌈";"Schalte mehr Level und Tiere frei! 🌈";"Ξεκλειδώστε περισσότερα επίπεδα και ζώα! 🌈";"વધુ સ્તરો અને પ્રાણીઓને અનલૉક કરો! 🌈";"פתח עוד רמות וחיות! 🌈";"अधिक स्तरों और जानवरों को अनलॉक करें! 🌈";"Nyisson meg több szintet és állatot! 🌈";"Opnaðu fleiri stig og dýr! 🌈";"Buka lebih banyak level dan hewan! 🌈";"Díghlasáil níos mó leibhéil agus ainmhithe! 🌈";"Sblocca più livelli e animali! 🌈";"さらに多くのレベルと動物をアンロックしましょう！ 🌈";"ಹೆಚ್ಚಿನ ಮಟ್ಟಗಳು ಮತ್ತು ಪ್ರಾಣಿಗಳನ್ನು ಅನ್ಲಾಕ್ ಮಾಡಿ! 🌈";"Көбірек деңгейлер мен жануарлардың құлпын ашыңыз! 🌈";"ដោះសោកម្រិតនិងសត្វកាន់តែច្រើន! 🌈";"더 많은 레벨과 동물을 잠금 해제하세요! 🌈";"ປົດລັອກຫຼາຍລະດັບ ແລະສັດ! 🌈";"Atbloķējiet vairāk līmeņu un dzīvnieku! 🌈";"Atrakinkite daugiau lygių ir gyvūnų! 🌈";"Отклучете повеќе нивоа и животни! 🌈";"Buka kunci lebih banyak tahap dan haiwan! 🌈";"കൂടുതൽ ലെവലുകളും മൃഗങ്ങളും അൺലോക്ക് ചെയ്യുക! 🌈";"अधिक स्तर आणि प्राणी अनलॉक करा! 🌈";"Илүү олон түвшин, амьтдын түгжээг нээ! 🌈";"थप स्तर र जनावरहरू अनलक गर्नुहोस्! 🌈";"Lås opp flere nivåer og dyr! 🌈";"ଅଧିକ ସ୍ତର ଏବଂ ପଶୁମାନଙ୍କୁ ଅନଲକ୍ କରନ୍ତୁ! 🌈";"سطوح و حیوانات بیشتر را باز کنید! 🌈";"Odblokuj więcej poziomów i zwierząt! 🌈";"Desbloqueie mais níveis e animais! 🌈";"ਹੋਰ ਪੱਧਰਾਂ ਅਤੇ ਜਾਨਵਰਾਂ ਨੂੰ ਅਨਲੌਕ ਕਰੋ! 🌈";"Deblochează mai multe niveluri și animale! 🌈";"Разблокируйте больше уровней и животных! 🌈";"Otključajte više nivoa i životinja! 🌈";"තවත් මට්ටම් සහ සතුන් අගුළු හරින්න! 🌈";"Odomknite ďalšie úrovne a zvieratá! 🌈";"Odkleni več stopenj in živali! 🌈";"¡Desbloquea más niveles y animales! 🌈";"Fungua viwango zaidi na wanyama! 🌈";"Lås upp fler nivåer och djur! 🌈";"மேலும் நிலைகளையும் விலங்குகளையும் திறக்கவும்! 🌈";"మరిన్ని లెవల్‌లు, జంతువులను తెరువు! 🌈";"ปลดล็อคระดับและสัตว์เพิ่มเติม! 🌈";"གནས་རིམ་དང་སེམས་ཅན་མང་བ་ཕྱེ་རོགས། . 🌈";"Daha fazla seviyenin ve hayvanın kilidini açın! 🌈";"Розблокуйте більше рівнів і тварин! 🌈";"مزید سطحوں اور جانوروں کو غیر مقفل کریں! 🌈";"تېخىمۇ كۆپ قاتلام ۋە ھايۋانلارنى ئېچىڭ! 🌈";"Ko'proq darajalar va hayvonlarni oching! 🌈";"Mở khóa nhiều cấp độ và động vật hơn! 🌈";"Datgloi mwy o lefelau ac anifeiliaid! 🌈";"Vula amazinga engeziwe nezilwane! 🌈"
"notif.reactivate.body %lld";"";"A push-notification body. Aim for 110 characters or fewer. Keep 1× %lld (a number).";"It’s been %lld days. Let’s solve some sums and earn more hoops!";"Het is %lld dagen geleden. Tijd voor wat sommen en nieuwe hoepels!";"Dit is %lld dae. Los ’n paar somme op en verdien nog hoepels!";"Kanë kaluar %lld ditë. Zgjidh disa veprime dhe fito më shumë rrathë!";"%lld ቀናት አልፈዋል። ጥቂት ሂሳቦችን እንፍታና ተጨማሪ ቀለበቶችን እናግኝ!";"مرّ %lld يومًا. لنحل بعض المسائل ونكسب مزيدًا من الحلقات!";"Անցել է %lld օր։ Լուծենք մի քանի օրինակ ու ավելի շատ օղակներ վաստակենք։";"%lld দিন হ’ল। কেইটামান অংক সমাধান কৰি আৰু বলয় অৰ্জন কৰোঁ!";"%lld gün keçib. Gəlin bir neçə misal həll edib daha çox halqa qazanaq!";"%lld egun igaro dira. Ebatzi ditzagun kalkulu batzuk eta irabazi uztai gehiago!";"Прайшло %lld дзён. Давай рашаць прыклады і зарабляць больш абручоў!";"%lld দিন হয়ে গেছে। কিছু অঙ্ক করি আর আরও বলয় অর্জন করি!";"Prošlo je %lld dana. Riješimo nekoliko zadataka i osvojimo još obruča!";"Минаха %lld дни. Да решим няколко задачи и да спечелим още обръчи!";"%lld ရက်ကြာပြီ။ သင်္ချာပုစ္ဆာနည်းနည်း ဖြေပြီး ကွင်းတွေ ထပ်ရယူရအောင်!";"Han passat %lld dies. Resolem unes quantes sumes i guanyem més cèrcols!";"已经 %lld 天了。来做几道算术题，再赚些圆环吧！";"Prošlo je %lld dana. Riješimo nekoliko zadataka i osvojimo još obruča!";"Už je to %lld dní. Vyřešme pár příkladů a získejme další obruče!";"Der er gået %lld dage. Lad os regne lidt og tjene flere ringe!";"Möödas on %lld päeva. Lahendame mõned tehted ja teenime veel rõngaid!";"Tað eru %lld dagar síðani. Loysa vit nøkur roknistykki og vinna fleiri ringar!";"%lld päivää on kulunut. Ratkaistaan laskuja ja ansaitaan lisää vanteita!";"Ça fait %lld jours. Résolvons quelques calculs et gagnons plus de cerceaux !";"Pasaron %lld días. Resolvamos unhas contas e gañemos máis aros!";"გავიდა %lld დღე. მოდი, რამდენიმე მაგალითი ამოვხსნათ და მეტი რგოლი მოვიპოვოთ!";"%lld Tage sind vergangen. Löse ein paar Aufgaben und verdiene mehr Reifen!";"Πέρασαν %lld ημέρες. Ας λύσουμε μερικές πράξεις και ας κερδίσουμε κι άλλα στεφάνια!";"%lld દિવસ થયા. થોડા દાખલા ઉકેલીએ અને વધુ વલયો મેળવીએ!";"עברו %lld ימים. בואו נפתור כמה תרגילים ונרוויח עוד חישוקים!";"%lld दिन हो गए। कुछ सवाल हल करें और और छल्ले कमाएँ!";"%lld nap telt el. Oldjunk meg pár feladatot, és szerezzünk még karikákat!";"Það eru %lld dagar síðan. Leysum nokkur dæmi og vinnum fleiri hringi!";"Sudah %lld hari. Yuk selesaikan beberapa soal dan dapatkan lebih banyak simpai!";"Tá %lld lá caite. Réitímis cúpla suim agus faighimis tuilleadh fonsaí!";"Sono passati %lld giorni. Risolviamo qualche calcolo e guadagniamo altri cerchi!";"%lld日ぶりだね。計算問題を解いて、もっとフープをゲットしよう！";"%lld ದಿನಗಳಾಗಿವೆ. ಕೆಲವು ಲೆಕ್ಕಗಳನ್ನು ಬಿಡಿಸಿ ಇನ್ನಷ್ಟು ವಲಯಗಳನ್ನು ಗಳಿಸೋಣ!";"%lld күн өтті. Бірнеше есеп шығарып, тағы шеңбер жинайық!";"%lld ថ្ងៃហើយ។ តោះដោះស្រាយលំហាត់គណិត និងរករង្វង់បន្ថែម!";"%lld일이 지났어요. 계산 문제를 풀고 후프를 더 모아 봐요!";"%lld ມື້ແລ້ວ. ມາແກ້ໂຈດເລກ ແລະເກັບວົງເພີ່ມກັນ!";"Pagājušas %lld dienas. Atrisināsim dažus piemērus un nopelnīsim vēl riņķus!";"Praėjo %lld dienos. Išspręskime kelis uždavinius ir uždirbkime daugiau lankų!";"Поминаа %lld дена. Да решиме неколку задачи и да освоиме уште обрачи!";"Sudah %lld hari. Mari selesaikan beberapa soalan dan dapatkan lebih banyak gelung!";"%lld ദിവസമായി. കുറച്ച് കണക്കുകൾ ചെയ്യാം, കൂടുതൽ വളയങ്ങൾ നേടാം!";"%lld दिवस झाले. काही गणिते सोडवूया आणि आणखी वलये मिळवूया!";"%lld өдөр өнгөрлөө. Хэдэн бодлого бодоод илүү олон цагираг авъя!";"%lld दिन भयो। केही हिसाब गरौँ र अझ घेरा कमाऔँ!";"Det har gått %lld dager. La oss løse noen regnestykker og tjene flere ringer!";"%lld ଦିନ ହେଲା। କିଛି ଗଣିତ କରି ଆଉ ବଳୟ ଅର୍ଜନ କରିବା!";"%lld روز گذشته. چند مسئله حل کنیم و حلقه‌های بیشتری بگیریم!";"Minęło %lld dni. Rozwiążmy kilka działań i zdobądźmy więcej obręczy!";"Já passaram %lld dias. Vamos resolver umas contas e ganhar mais aros!";"%lld ਦਿਨ ਹੋ ਗਏ। ਕੁਝ ਹਿਸਾਬ ਕਰੀਏ ਅਤੇ ਹੋਰ ਛੱਲੇ ਕਮਾਈਏ!";"Au trecut %lld zile. Hai să rezolvăm câteva exerciții și să câștigăm mai multe cercuri!";"Прошло %lld дней. Давай решим несколько примеров и заработаем ещё обручи!";"Прошло је %lld дана. Решимо неколико задатака и освојимо још обруча!";"%lld දිනක් ගතවුණා. ගණන් ටිකක් විසඳලා තවත් වළලු උපයමු!";"Prešlo %lld dní. Vyriešme pár príkladov a získajme ďalšie obruče!";"Minilo je %lld dni. Rešimo nekaj računov in si prislužimo še več obročev!";"Han pasado %lld días. Resolvamos unas cuentas y consigamos más aros.";"Imepita siku %lld. Tutatue hesabu chache na kupata vitanzi zaidi!";"Det har gått %lld dagar. Lös några tal och tjäna fler ringar!";"%lld நாட்கள் ஆகிவிட்டன. சில கணக்குகளை செய்து மேலும் வளையங்கள் பெறலாம்!";"%lld రోజులు అయ్యాయి. కొన్ని లెక్కలు చేసి మరిన్ని వలయాలు సంపాదిద్దాం!";"ผ่านไป %lld วันแล้ว มาทำโจทย์คณิตแล้วเก็บห่วงเพิ่มกัน!";"%lld ཉིན་འགོར་སོང་། རྩིས་འགའ་ཞིག་བརྒྱབ་ནས་ཨ་ལོང་མང་ཙམ་བསྡུ་ཡ།";"%lld gün geçti. Birkaç işlem çözelim ve daha fazla çember kazanalım!";"Минуло %lld днів. Розв’яжімо кілька прикладів і заробімо ще обручів!";"%lld دن ہو گئے۔ کچھ سوال حل کریں اور مزید حلقے کمائیں!";"%lld كۈن بولدى. بىر قانچە ھېسابنى يېشىپ، تېخىمۇ كۆپ چەمبەر تاپايلى!";"%lld kun o‘tdi. Bir nechta misol yechib, ko‘proq chambar yig‘amiz!";"Đã %lld ngày rồi. Cùng giải vài phép tính và kiếm thêm vòng nhé!";"Mae %lld diwrnod wedi mynd heibio. Beth am ddatrys symiau ac ennill mwy o gylchoedd?";"Sekudlule izinsuku ezingu-%lld. Masixazulule izibalo bese sithola amaringi engeziwe!"
"notif.reactivate.title";"";"A push-notification title. The lock screen truncates it, so put the point first. Aim for 40 characters or fewer.";"Ready to play again? 🎮";"Klaar om weer te spelen? 🎮";"Gereed om weer te speel? 🎮";"Gati për të luajtur përsëri? 🎮";"እንደገና ለመጫወት ዝግጁ ነዎት? 🎮";"على استعداد للعب مرة أخرى؟ 🎮";"Պատրա՞ստ եք նորից խաղալ: 🎮";"আকৌ খেলিবলৈ সাজুনে? 🎮";"Yenidən oynamağa hazırsınız? 🎮";"Berriro jolasteko prest? 🎮";"Гатовы зноў гуляць? 🎮";"আবার খেলার জন্য প্রস্তুত? 🎮";"Spremni za ponovno igranje? 🎮";"Готови ли сте да играете отново? 🎮";"ပြန်ကစားဖို့ အဆင်သင့်ဖြစ်ပြီလား။ 🎮";"Preparat per tornar a jugar? 🎮";"准备好再玩了吗？ 🎮";"Jeste li spremni za ponovnu igru? 🎮";"Jste připraveni znovu hrát? 🎮";"Klar til at spille igen? 🎮";"Kas olete uuesti mängimiseks valmis? 🎮";"Klárur at spæla aftur? 🎮";"Oletko valmis pelaamaan uudelleen? 🎮";"Prêt à rejouer ? 🎮";"Listo para xogar de novo? 🎮";"მზად ხართ კვლავ ითამაშოთ? 🎮";"Bereit, wieder zu spielen? 🎮";"Είστε έτοιμοι να παίξετε ξανά; 🎮";"ફરીથી રમવા માટે તૈયાર છો? 🎮";"מוכן לשחק שוב? 🎮";"फिर से खेलने के लिए तैयार हैं? 🎮";"Újra játékra készen állsz? 🎮";"Tilbúinn til að spila aftur? 🎮";"Siap bermain lagi? 🎮";"Réidh le himirt arís? 🎮";"Pronti a giocare di nuovo? 🎮";"もう一度プレイする準備はできましたか? 🎮";"ಮತ್ತೆ ಆಡಲು ಸಿದ್ಧರಿದ್ದೀರಾ? 🎮";"Қайта ойнауға дайынсыз ба? 🎮";"ត្រៀម​លេង​ម្ដង​ទៀត​ហើយ​ឬ​នៅ? 🎮";"다시 플레이할 준비가 되셨나요? 🎮";"ພ້ອມ​ທີ່​ຈະ​ຫຼິ້ນ​ອີກ​ເທື່ອ​ຫນຶ່ງ​? 🎮";"Vai esat gatavs spēlēt vēlreiz? 🎮";"Pasiruošę vėl žaisti? 🎮";"Подготвени да играте повторно? 🎮";"Bersedia untuk bermain lagi? 🎮";"വീണ്ടും കളിക്കാൻ തയ്യാറാണോ? 🎮";"पुन्हा खेळण्यासाठी तयार आहात? 🎮";"Дахин тоглоход бэлэн үү? 🎮";"फेरि खेल्न तयार हुनुहुन्छ? 🎮";"Klar til å spille igjen? 🎮";"ପୁନର୍ବାର ଖେଳିବାକୁ ପ୍ରସ୍ତୁତ? 🎮";"برای بازی دوباره آماده اید؟ 🎮";"Gotowy do ponownej gry? 🎮";"Pronto para jogar de novo? 🎮";"ਦੁਬਾਰਾ ਖੇਡਣ ਲਈ ਤਿਆਰ ਹੋ? 🎮";"Sunteți gata să jucați din nou? 🎮";"Готовы сыграть снова? 🎮";"Spremni da ponovo igrate? 🎮";"නැවත ක්‍රීඩා කිරීමට සූදානම්ද? 🎮";"Ste pripravení hrať znova? 🎮";"Ste pripravljeni znova igrati? 🎮";"¿Listo para jugar de nuevo? 🎮";"Je, uko tayari kucheza tena? 🎮";"Redo att spela igen? 🎮";"மீண்டும் விளையாடத் தயாரா? 🎮";"మళ్లీ ఆడటానికి సిద్ధమా? 🎮";"พร้อมที่จะเล่นอีกครั้งหรือยัง? 🎮";"བསྐྱར་དུ་རྩེད་མོ་རྩེད་རྒྱུར་གྲ་སྒྲིག་ཡིན་ནམ། . 🎮";"Tekrar oynamaya hazır mısın? 🎮";"Готові грати знову? 🎮";"دوبارہ کھیلنے کے لیے تیار ہیں؟ 🎮";"قايتا ئويناشقا تەييارمۇ؟ 🎮";"Yana o'ynashga tayyormisiz? 🎮";"Sẵn sàng chơi lại chưa? 🎮";"Barod i chwarae eto? 🎮";"Usulungele ukudlala futhi? 🎮"
"notif.streak.body %lld";"one";"A push-notification body. COUNTED TEXT — the wording for a count of one. Leave empty if your language words one no differently from the rest. Aim for 110 characters or fewer. Keep 1× %lld (a number).";"Play for %lld minute and keep it going!";"Speel %lld minuut en houd je reeks vast!";"Speel vir %lld minute en hou jou daaglikse speelreeks aan die gang!";"Luaj për %lld minuta dhe vazhdo serinë e përditshme të lojës!";"ለ %lld ደቂቃዎች ይጫወቱ እና የእለት ተእለት ጨዋታዎን ይቀጥሉ!";"العب لمدة %lld دقائق وحافظ على استمرار خط لعبك اليومي!";"Խաղացեք %lld րոպե և շարունակեք ձեր ամենօրյա խաղային շարանը:";"%lld মিনিট খেলক আৰু আপোনাৰ দৈনন্দিন খেলাৰ ধাৰাটো চলি থাকিব!";"%lld dəqiqə oynayın və gündəlik oyun seriyanızı davam etdirin!";"Jokatu %lld minutuz eta mantendu zure eguneroko jolas-boluari!";"Гуляйце %lld хвілін і працягвайце штодзённую гульнявую серыю!";"%lld মিনিটের জন্য খেলুন এবং আপনার প্রতিদিনের খেলার ধারা অব্যাহত রাখুন!";"Igrajte %lld minuta i nastavite svoj dnevni niz igranja!";"Играйте %lld минути и продължете ежедневната си серия от игри!";"%lld မိနစ်လောက်ကစားပြီး သင့်နေ့စဥ်ကစားခြင်းကို ဆက်လက်လုပ်ဆောင်ပါ။";"Juga durant %lld minuts i manté la teva ratxa diària de joc!";"玩 %lld 分钟，让您的日常连续玩下去！";"Igrajte %lld minuta i nastavite svoj dnevni niz igranja!";"Hrajte %lld minut a udržujte svou každodenní herní sérii v chodu!";"Spil i %lld minutter, og hold din daglige spillerække i gang!";"Mängige %lld minutit ja jätkake oma igapäevast mänguseeriat!";"Spæl í %lld minuttir og halt tína dagligu spælirøð í gongd!";"Pelaa %lld minuuttia ja jatka päivittäistä pelisarjaasi!";"Jouez pendant %lld minutes et continuez votre séquence de jeu quotidienne !";"Xoga durante %lld minutos e mantén a túa racha diaria de xogo!";"ითამაშეთ %lld წუთის განმავლობაში და გააგრძელეთ თქვენი ყოველდღიური სათამაშო სერია!";"Spielen Sie %lld Minuten lang und halten Sie Ihre tägliche Spielsträhne aufrecht!";"Παίξτε για %lld λεπτά και συνεχίστε το καθημερινό σας σερί παιχνιδιού!";"%lld મિનિટ રમો અને તમારી દૈનિક રમતની સિલસિલો ચાલુ રાખો!";"שחק במשך %lld דקות ושמור על רצף המשחקים היומי שלך!";"%lld मिनट तक खेलें और अपने दैनिक खेल क्रम को जारी रखें!";"Játssz %lld percet, és folytasd napi játéksorozatodat!";"Spilaðu í %lld mínútur og haltu daglegu leiklotunni gangandi!";"Mainkan selama %lld menit dan pertahankan rekor permainan harian Anda!";"Seinn ar feadh %lld nóiméad agus coinnigh do stríoc imeartha laethúil ag dul!";"Gioca per %lld minuti e continua la tua serie di giochi giornalieri!";"%lld 分間プレイして、毎日の連続プレイを続けましょう!";"%lld ನಿಮಿಷಗಳ ಕಾಲ ಆಟವಾಡಿ ಮತ್ತು ನಿಮ್ಮ ದೈನಂದಿನ ಆಟದ ಸರಣಿಯನ್ನು ಮುಂದುವರಿಸಿ!";"%lld минут ойнаңыз және күнделікті ойын серияңызды жалғастырыңыз!";"លេងរយៈពេល %lld នាទីហើយបន្តការលេងប្រចាំថ្ងៃរបស់អ្នក!";"%lld분 동안 플레이하고 매일 연속 플레이를 계속하세요!";"ຫຼິ້ນເປັນເວລາ %lld ນາທີ ແລະສືບຕໍ່ການຫຼິ້ນປະຈຳວັນຂອງເຈົ້າຕໍ່ໄປ!";"Spēlējiet %lld minūtes un turpiniet savu ikdienas spēļu sēriju!";"Žaiskite %lld minučių ir tęskite savo kasdienę žaidimų seriją!";"Играјте %lld минути и одржувајте ја вашата дневна играчка серија!";"Main selama %lld minit dan teruskan rentak permainan harian anda!";"%lld മിനിറ്റ് കളിക്കുക, നിങ്ങളുടെ ദൈനംദിന കളി തുടരുക!";"%lld मिनिटे खेळा आणि तुमचा रोजचा खेळ सुरू ठेवा!";"%lld минут тоглож, өдөр тутмынхаа цувралыг үргэлжлүүлээрэй!";"%lld मिनेटको लागि खेल्नुहोस् र तपाईंको दैनिक प्ले स्ट्रीक जारी राख्नुहोस्!";"Spill i %lld minutter og hold din daglige spillrekke i gang!";"%lld ମିନିଟ୍ ପାଇଁ ଖେଳନ୍ତୁ ଏବଂ ଆପଣଙ୍କର ଦ daily ନନ୍ଦିନ ଖେଳିବା ଧାରା ଜାରି ରଖନ୍ତୁ!";"%lld دقیقه بازی کنید و بازی های روزانه خود را ادامه دهید!";"Graj przez %lld minut i podtrzymaj swoją codzienną passę!";"Jogue por %lld minutos e continue sua sequência diária de jogos!";"%lld ਮਿੰਟ ਲਈ ਖੇਡੋ ਅਤੇ ਆਪਣੀ ਰੋਜ਼ਾਨਾ ਖੇਡਣ ਦੀ ਲੜੀ ਨੂੰ ਜਾਰੀ ਰੱਖੋ!";"Joacă timp de %lld minute și menține-ți succesul zilnic de joc!";"Играйте %lld минут и продолжайте свою ежедневную серию игр!";"Igrajte %lld minuta i nastavite svoj dnevni niz igranja!";"මිනිත්තු %lld ක් ක්‍රීඩා කර ඔබේ දෛනික ක්‍රීඩා මාලාව දිගටම කරගෙන යන්න!";"Hrajte %lld minút a udržujte svoju každodennú hernú sériu v chode!";"Igrajte %lld minut in nadaljujte s svojim dnevnim nizom igranja!";"¡Juega durante %lld minutos y mantén tu racha de juego diaria!";"Cheza kwa dakika %lld na uendeleze mfululizo wako wa kucheza wa kila siku!";"Spela i %lld minuter och håll igång din dagliga spelserie!";"%lld நிமிடம் விளையாடி உங்கள் தொடரைத் தொடருங்கள்!";"%lld నిమిషాలు ఆడి వరుసను కొనసాగించు!";"เล่นเป็นเวลา %lld นาทีและเล่นต่อเนื่องทุกวัน!";"སྐར་མ་ %lld རྩེད་ནས་ཉིན་ལྟར་རྩེད་མོ་རྩེ་རྒྱུ་རྒྱུན་འཁྱོངས་བྱོས།";"%lld dakika oynayın ve günlük oyun serinizi sürdürün!";"Грайте %lld хвилин і продовжуйте щоденну ігрову серію!";"%lld منٹ تک کھیلیں اور اپنی روزانہ کی کھیل کو جاری رکھیں!";"%lld مىنۇت ئويناڭ ھەمدە كۈندىلىك ئويۇنلىرىڭىزنى داۋاملاشتۇرۇڭ!";"%lld daqiqa o'ynang va kunlik o'yin seriyangizni davom ettiring!";"Chơi trong %lld phút và duy trì chuỗi chơi hàng ngày của bạn!";"Chwarae am %lld munud a chadwch eich rhediad chwarae dyddiol i fynd!";"Dlala imizuzu eyi-%lld futhi ugcine uchungechunge lwakho lokudlala lwansuku zonke luqhubeka!"
"notif.streak.body %lld";"other";"A push-notification body. COUNTED TEXT — required. The wording for a plural count, and the one used whenever the 'one' row does not apply. Aim for 110 characters or fewer. Keep 1× %lld (a number).";"Play for %lld minutes and keep it going!";"Speel %lld minuten en houd je reeks vast!";"Speel vir %lld minute en hou jou daaglikse speelreeks aan die gang!";"Luaj për %lld minuta dhe vazhdo serinë e përditshme të lojës!";"ለ %lld ደቂቃዎች ይጫወቱ እና የእለት ተእለት ጨዋታዎን ይቀጥሉ!";"العب لمدة %lld دقائق وحافظ على استمرار خط لعبك اليومي!";"Խաղացեք %lld րոպե և շարունակեք ձեր ամենօրյա խաղային շարանը:";"%lld মিনিট খেলক আৰু আপোনাৰ দৈনন্দিন খেলাৰ ধাৰাটো চলি থাকিব!";"%lld dəqiqə oynayın və gündəlik oyun seriyanızı davam etdirin!";"Jokatu %lld minutuz eta mantendu zure eguneroko jolas-boluari!";"Гуляйце %lld хвілін і працягвайце штодзённую гульнявую серыю!";"%lld মিনিটের জন্য খেলুন এবং আপনার প্রতিদিনের খেলার ধারা অব্যাহত রাখুন!";"Igrajte %lld minuta i nastavite svoj dnevni niz igranja!";"Играйте %lld минути и продължете ежедневната си серия от игри!";"%lld မိနစ်လောက်ကစားပြီး သင့်နေ့စဥ်ကစားခြင်းကို ဆက်လက်လုပ်ဆောင်ပါ။";"Juga durant %lld minuts i manté la teva ratxa diària de joc!";"玩 %lld 分钟，让您的日常连续玩下去！";"Igrajte %lld minuta i nastavite svoj dnevni niz igranja!";"Hrajte %lld minut a udržujte svou každodenní herní sérii v chodu!";"Spil i %lld minutter, og hold din daglige spillerække i gang!";"Mängige %lld minutit ja jätkake oma igapäevast mänguseeriat!";"Spæl í %lld minuttir og halt tína dagligu spælirøð í gongd!";"Pelaa %lld minuuttia ja jatka päivittäistä pelisarjaasi!";"Jouez pendant %lld minutes et continuez votre séquence de jeu quotidienne !";"Xoga durante %lld minutos e mantén a túa racha diaria de xogo!";"ითამაშეთ %lld წუთის განმავლობაში და გააგრძელეთ თქვენი ყოველდღიური სათამაშო სერია!";"Spielen Sie %lld Minuten lang und halten Sie Ihre tägliche Spielsträhne aufrecht!";"Παίξτε για %lld λεπτά και συνεχίστε το καθημερινό σας σερί παιχνιδιού!";"%lld મિનિટ રમો અને તમારી દૈનિક રમતની સિલસિલો ચાલુ રાખો!";"שחק במשך %lld דקות ושמור על רצף המשחקים היומי שלך!";"%lld मिनट तक खेलें और अपने दैनिक खेल क्रम को जारी रखें!";"Játssz %lld percet, és folytasd napi játéksorozatodat!";"Spilaðu í %lld mínútur og haltu daglegu leiklotunni gangandi!";"Mainkan selama %lld menit dan pertahankan rekor permainan harian Anda!";"Seinn ar feadh %lld nóiméad agus coinnigh do stríoc imeartha laethúil ag dul!";"Gioca per %lld minuti e continua la tua serie di giochi giornalieri!";"%lld 分間プレイして、毎日の連続プレイを続けましょう!";"%lld ನಿಮಿಷಗಳ ಕಾಲ ಆಟವಾಡಿ ಮತ್ತು ನಿಮ್ಮ ದೈನಂದಿನ ಆಟದ ಸರಣಿಯನ್ನು ಮುಂದುವರಿಸಿ!";"%lld минут ойнаңыз және күнделікті ойын серияңызды жалғастырыңыз!";"លេងរយៈពេល %lld នាទីហើយបន្តការលេងប្រចាំថ្ងៃរបស់អ្នក!";"%lld분 동안 플레이하고 매일 연속 플레이를 계속하세요!";"ຫຼິ້ນເປັນເວລາ %lld ນາທີ ແລະສືບຕໍ່ການຫຼິ້ນປະຈຳວັນຂອງເຈົ້າຕໍ່ໄປ!";"Spēlējiet %lld minūtes un turpiniet savu ikdienas spēļu sēriju!";"Žaiskite %lld minučių ir tęskite savo kasdienę žaidimų seriją!";"Играјте %lld минути и одржувајте ја вашата дневна играчка серија!";"Main selama %lld minit dan teruskan rentak permainan harian anda!";"%lld മിനിറ്റ് കളിക്കുക, നിങ്ങളുടെ ദൈനംദിന കളി തുടരുക!";"%lld मिनिटे खेळा आणि तुमचा रोजचा खेळ सुरू ठेवा!";"%lld минут тоглож, өдөр тутмынхаа цувралыг үргэлжлүүлээрэй!";"%lld मिनेटको लागि खेल्नुहोस् र तपाईंको दैनिक प्ले स्ट्रीक जारी राख्नुहोस्!";"Spill i %lld minutter og hold din daglige spillrekke i gang!";"%lld ମିନିଟ୍ ପାଇଁ ଖେଳନ୍ତୁ ଏବଂ ଆପଣଙ୍କର ଦ daily ନନ୍ଦିନ ଖେଳିବା ଧାରା ଜାରି ରଖନ୍ତୁ!";"%lld دقیقه بازی کنید و بازی های روزانه خود را ادامه دهید!";"Graj przez %lld minut i podtrzymaj swoją codzienną passę!";"Jogue por %lld minutos e continue sua sequência diária de jogos!";"%lld ਮਿੰਟ ਲਈ ਖੇਡੋ ਅਤੇ ਆਪਣੀ ਰੋਜ਼ਾਨਾ ਖੇਡਣ ਦੀ ਲੜੀ ਨੂੰ ਜਾਰੀ ਰੱਖੋ!";"Joacă timp de %lld minute și menține-ți succesul zilnic de joc!";"Играйте %lld минут и продолжайте свою ежедневную серию игр!";"Igrajte %lld minuta i nastavite svoj dnevni niz igranja!";"මිනිත්තු %lld ක් ක්‍රීඩා කර ඔබේ දෛනික ක්‍රීඩා මාලාව දිගටම කරගෙන යන්න!";"Hrajte %lld minút a udržujte svoju každodennú hernú sériu v chode!";"Igrajte %lld minut in nadaljujte s svojim dnevnim nizom igranja!";"¡Juega durante %lld minutos y mantén tu racha de juego diaria!";"Cheza kwa dakika %lld na uendeleze mfululizo wako wa kucheza wa kila siku!";"Spela i %lld minuter och håll igång din dagliga spelserie!";"%lld நிமிடங்கள் விளையாடி உங்கள் தொடரைத் தொடருங்கள்!";"%lld నిమిషాలు ఆడి వరుసను కొనసాగించు!";"เล่นเป็นเวลา %lld นาทีและเล่นต่อเนื่องทุกวัน!";"སྐར་མ་ %lld རྩེད་ནས་ཉིན་ལྟར་རྩེད་མོ་རྩེ་རྒྱུ་རྒྱུན་འཁྱོངས་བྱོས།";"%lld dakika oynayın ve günlük oyun serinizi sürdürün!";"Грайте %lld хвилин і продовжуйте щоденну ігрову серію!";"%lld منٹ تک کھیلیں اور اپنی روزانہ کی کھیل کو جاری رکھیں!";"%lld مىنۇت ئويناڭ ھەمدە كۈندىلىك ئويۇنلىرىڭىزنى داۋاملاشتۇرۇڭ!";"%lld daqiqa o'ynang va kunlik o'yin seriyangizni davom ettiring!";"Chơi trong %lld phút và duy trì chuỗi chơi hàng ngày của bạn!";"Chwarae am %lld munud a chadwch eich rhediad chwarae dyddiol i fynd!";"Dlala imizuzu eyi-%lld futhi ugcine uchungechunge lwakho lokudlala lwansuku zonke luqhubeka!"
"notif.streak.title %lld";"one";"A push-notification title. The lock screen truncates it, so put the point first. COUNTED TEXT — the wording for a count of one. Leave empty if your language words one no differently from the rest. Aim for 63 characters or fewer. Keep 1× %lld (a number).";"Your %lld-day streak is on fire! 🔥";"Je reeks van %lld dag staat in vuur en vlam! 🔥";"Jou daaglikse speelreeks het %lld dae bereik! 🔥";"Seria juaj e përditshme e lojërave ka arritur në %lld ditë! 🔥";"የእለት ተእለት ጨዋታዎ %lld ቀናት ደርሷል! 🔥";"لقد وصلت خط اللعب اليومي الخاص بك إلى %lld أيام! 🔥";"Ձեր ամենօրյա խաղային շարանը հասել է %lld օրվա: 🔥";"আপোনাৰ দৈনিক খেলাৰ ধাৰা %lld দিন হ’ল! 🔥";"Gündəlik oyun seriyanız %lld günə çatdı! 🔥";"Zure eguneroko jokatzeko bolada %lld egunetara iritsi da! 🔥";"Ваша штодзённая гульнявая серыя дасягнула %lld дзён! 🔥";"আপনার দৈনিক খেলার ধারা %lld দিনে পৌঁছেছে! 🔥";"Vaš dnevni niz igranja je dostigao %lld dana! 🔥";"Вашата ежедневна серия от игри достигна %lld дни! 🔥";"သင်၏နေ့စဥ်ကစားနည်းသည် %lld ရက်သို့ရောက်ရှိသွားပါပြီ။ 🔥";"La teva ratxa diària de joc ha arribat als %lld dies! 🔥";"您的每日连续玩次数已达到 %lld 天！ 🔥";"Vaš dnevni niz igranja je dosegao %lld dana! 🔥";"Vaše denní hrací série dosáhla %lld dnů! 🔥";"Din daglige spillerække har nået %lld dage! 🔥";"Teie igapäevane mänguseeria on jõudnud %lld päevani! 🔥";"Tín dagliga spælirøð er komin upp á %lld dagar! 🔥";"Päivittäinen peliputkesi on saavuttanut %lld päivää! 🔥";"Votre séquence de jeu quotidienne a atteint %lld jours ! 🔥";"A túa racha diaria de xogo alcanzou os %lld días! 🔥";"თქვენი ყოველდღიური სათამაშო სერია %lld დღეს მიაღწია! 🔥";"Ihre tägliche Spielsträhne hat %lld Tage erreicht! 🔥";"Το καθημερινό σερί παιχνιδιού σας έφτασε τις %lld ημέρες! 🔥";"તમારી દૈનિક રમવાની શ્રેણી %lld દિવસ સુધી પહોંચી ગઈ છે! 🔥";"רצף המשחקים היומי שלך הגיע ל-%lld ימים! 🔥";"आपके दैनिक खेल का क्रम %lld दिनों तक पहुंच गया है! 🔥";"A napi játéksorozatod elérte az %lld napot! 🔥";"Daglega spilahraðan þín er komin í %lld daga! 🔥";"Rekor permainan harian Anda telah mencapai %lld hari! 🔥";"Tá do stríoc imeartha laethúil %lld lá bainte amach! 🔥";"La tua serie di giochi giornalieri ha raggiunto i %lld giorni! 🔥";"毎日の連続プレイ日数が %lld 日に達しました! 🔥";"ನಿಮ್ಮ ದೈನಂದಿನ ಆಟದ ಸರಣಿಯು %lld ದಿನಗಳನ್ನು ತಲುಪಿದೆ! 🔥";"Сіздің күнделікті ойнау серияңыз %lld күнге жетті! 🔥";"ការលេងប្រចាំថ្ងៃរបស់អ្នកបានឈានដល់ %lld ថ្ងៃហើយ! 🔥";"일일 연속 플레이 횟수가 %lld일에 도달했습니다! 🔥";"ສະຖິຕິການຫຼິ້ນປະຈໍາວັນຂອງເຈົ້າຮອດ %lld ມື້ແລ້ວ! 🔥";"Jūsu ikdienas spēļu sērija ir sasniegusi %lld dienas! 🔥";"Jūsų kasdienė žaidimų serija pasiekė %lld dienas! 🔥";"Вашата дневна серија на игра достигна %lld дена! 🔥";"Rentak permainan harian anda telah mencapai %lld hari! 🔥";"നിങ്ങളുടെ പ്രതിദിന പ്ലേ സ്ട്രീക്ക് %lld ദിവസത്തിലെത്തി! 🔥";"तुमचा दैनंदिन खेळण्याचा सिलसिला %lld दिवसांपर्यंत पोहोचला आहे! 🔥";"Таны өдөр тутмын тоглолтын цуврал %lld хоног боллоо! 🔥";"तपाइँको दैनिक प्ले स्ट्रीक %lld दिन पुगेको छ! 🔥";"Din daglige spillrekke har nådd %lld dager! 🔥";"ତୁମର ଦ daily ନିକ ଖେଳିବା ଧାରା %lld ଦିନରେ ପହଞ୍ଚିଛି! 🔥";"بازی روزانه شما به %lld روز رسیده است! 🔥";"Twoja codzienna passa gry osiągnęła %lld dni! 🔥";"Sua sequência diária de jogos atingiu %lld dias! 🔥";"ਤੁਹਾਡੀ ਰੋਜ਼ਾਨਾ ਖੇਡਣ ਦੀ ਸਟ੍ਰੀਕ %lld ਦਿਨਾਂ ਤੱਕ ਪਹੁੰਚ ਗਈ ਹੈ! 🔥";"Seria ta zilnică de joc a ajuns la %lld zile! 🔥";"Ваша ежедневная игровая серия достигла %lld дней! 🔥";"Vaš dnevni niz igranja je dostigao %lld dana! 🔥";"ඔබේ දෛනික ක්‍රීඩා මාලාව දින %lldකට ළඟා වී ඇත! 🔥";"Vaša denná séria hrania dosiahla %lld dní! 🔥";"Vaš dnevni niz igranja je dosegel %lld dni! 🔥";"¡Tu racha diaria de juego ha llegado a %lld días! 🔥";"Mfululizo wako wa kucheza wa kila siku umefikia siku %lld! 🔥";"Din dagliga spelsvit har nått %lld dagar! 🔥";"உங்கள் தினசரி விளையாட்டுத் தொடர் %lld நாட்களை எட்டியுள்ளது! 🔥";"నీ %lld రోజుల వరుస దూసుకుపోతోంది! 🔥";"แนวการเล่นประจำวันของคุณถึง %lld วันแล้ว! 🔥";"ཁྱེད་རང་གི་ཉིན་རེའི་རྩེད་མོའི་རིམ་པ་དེ་ཉིན་%lldལ་སླེབས་ཡོད། 🔥";"Günlük oyun seriniz %lld güne ulaştı! 🔥";"Ваша щоденна ігрова серія досягла %lld днів! 🔥";"آپ کا روزانہ کھیلنے کا سلسلہ %lld دن تک پہنچ گیا ہے! 🔥";"كۈندىلىك ئويناش ۋاقتىڭىز %lld كۈنگە يەتتى! 🔥";"Sizning kunlik o'yin seriyangiz %lld kunga yetdi! 🔥";"Chuỗi chơi hàng ngày của bạn đã đạt tới %lld ngày! 🔥";"Mae eich rhediad chwarae dyddiol wedi cyrraedd %lld diwrnod! 🔥";"Ukudlala kwakho kwansuku zonke sekufinyelele ezinsukwini ezi-%lld! 🔥"
"notif.streak.title %lld";"other";"A push-notification title. The lock screen truncates it, so put the point first. COUNTED TEXT — required. The wording for a plural count, and the one used whenever the 'one' row does not apply. Aim for 63 characters or fewer. Keep 1× %lld (a number).";"Your %lld-day streak is on fire! 🔥";"Je reeks van %lld dagen staat in vuur en vlam! 🔥";"Jou daaglikse speelreeks het %lld dae bereik! 🔥";"Seria juaj e përditshme e lojërave ka arritur në %lld ditë! 🔥";"የእለት ተእለት ጨዋታዎ %lld ቀናት ደርሷል! 🔥";"لقد وصلت خط اللعب اليومي الخاص بك إلى %lld أيام! 🔥";"Ձեր ամենօրյա խաղային շարանը հասել է %lld օրվա: 🔥";"আপোনাৰ দৈনিক খেলাৰ ধাৰা %lld দিন হ’ল! 🔥";"Gündəlik oyun seriyanız %lld günə çatdı! 🔥";"Zure eguneroko jokatzeko bolada %lld egunetara iritsi da! 🔥";"Ваша штодзённая гульнявая серыя дасягнула %lld дзён! 🔥";"আপনার দৈনিক খেলার ধারা %lld দিনে পৌঁছেছে! 🔥";"Vaš dnevni niz igranja je dostigao %lld dana! 🔥";"Вашата ежедневна серия от игри достигна %lld дни! 🔥";"သင်၏နေ့စဥ်ကစားနည်းသည် %lld ရက်သို့ရောက်ရှိသွားပါပြီ။ 🔥";"La teva ratxa diària de joc ha arribat als %lld dies! 🔥";"您的每日连续玩次数已达到 %lld 天！ 🔥";"Vaš dnevni niz igranja je dosegao %lld dana! 🔥";"Vaše denní hrací série dosáhla %lld dnů! 🔥";"Din daglige spillerække har nået %lld dage! 🔥";"Teie igapäevane mänguseeria on jõudnud %lld päevani! 🔥";"Tín dagliga spælirøð er komin upp á %lld dagar! 🔥";"Päivittäinen peliputkesi on saavuttanut %lld päivää! 🔥";"Votre séquence de jeu quotidienne a atteint %lld jours ! 🔥";"A túa racha diaria de xogo alcanzou os %lld días! 🔥";"თქვენი ყოველდღიური სათამაშო სერია %lld დღეს მიაღწია! 🔥";"Ihre tägliche Spielsträhne hat %lld Tage erreicht! 🔥";"Το καθημερινό σερί παιχνιδιού σας έφτασε τις %lld ημέρες! 🔥";"તમારી દૈનિક રમવાની શ્રેણી %lld દિવસ સુધી પહોંચી ગઈ છે! 🔥";"רצף המשחקים היומי שלך הגיע ל-%lld ימים! 🔥";"आपके दैनिक खेल का क्रम %lld दिनों तक पहुंच गया है! 🔥";"A napi játéksorozatod elérte az %lld napot! 🔥";"Daglega spilahraðan þín er komin í %lld daga! 🔥";"Rekor permainan harian Anda telah mencapai %lld hari! 🔥";"Tá do stríoc imeartha laethúil %lld lá bainte amach! 🔥";"La tua serie di giochi giornalieri ha raggiunto i %lld giorni! 🔥";"毎日の連続プレイ日数が %lld 日に達しました! 🔥";"ನಿಮ್ಮ ದೈನಂದಿನ ಆಟದ ಸರಣಿಯು %lld ದಿನಗಳನ್ನು ತಲುಪಿದೆ! 🔥";"Сіздің күнделікті ойнау серияңыз %lld күнге жетті! 🔥";"ការលេងប្រចាំថ្ងៃរបស់អ្នកបានឈានដល់ %lld ថ្ងៃហើយ! 🔥";"일일 연속 플레이 횟수가 %lld일에 도달했습니다! 🔥";"ສະຖິຕິການຫຼິ້ນປະຈໍາວັນຂອງເຈົ້າຮອດ %lld ມື້ແລ້ວ! 🔥";"Jūsu ikdienas spēļu sērija ir sasniegusi %lld dienas! 🔥";"Jūsų kasdienė žaidimų serija pasiekė %lld dienas! 🔥";"Вашата дневна серија на игра достигна %lld дена! 🔥";"Rentak permainan harian anda telah mencapai %lld hari! 🔥";"നിങ്ങളുടെ പ്രതിദിന പ്ലേ സ്ട്രീക്ക് %lld ദിവസത്തിലെത്തി! 🔥";"तुमचा दैनंदिन खेळण्याचा सिलसिला %lld दिवसांपर्यंत पोहोचला आहे! 🔥";"Таны өдөр тутмын тоглолтын цуврал %lld хоног боллоо! 🔥";"तपाइँको दैनिक प्ले स्ट्रीक %lld दिन पुगेको छ! 🔥";"Din daglige spillrekke har nådd %lld dager! 🔥";"ତୁମର ଦ daily ନିକ ଖେଳିବା ଧାରା %lld ଦିନରେ ପହଞ୍ଚିଛି! 🔥";"بازی روزانه شما به %lld روز رسیده است! 🔥";"Twoja codzienna passa gry osiągnęła %lld dni! 🔥";"Sua sequência diária de jogos atingiu %lld dias! 🔥";"ਤੁਹਾਡੀ ਰੋਜ਼ਾਨਾ ਖੇਡਣ ਦੀ ਸਟ੍ਰੀਕ %lld ਦਿਨਾਂ ਤੱਕ ਪਹੁੰਚ ਗਈ ਹੈ! 🔥";"Seria ta zilnică de joc a ajuns la %lld zile! 🔥";"Ваша ежедневная игровая серия достигла %lld дней! 🔥";"Vaš dnevni niz igranja je dostigao %lld dana! 🔥";"ඔබේ දෛනික ක්‍රීඩා මාලාව දින %lldකට ළඟා වී ඇත! 🔥";"Vaša denná séria hrania dosiahla %lld dní! 🔥";"Vaš dnevni niz igranja je dosegel %lld dni! 🔥";"¡Tu racha diaria de juego ha llegado a %lld días! 🔥";"Mfululizo wako wa kucheza wa kila siku umefikia siku %lld! 🔥";"Din dagliga spelsvit har nått %lld dagar! 🔥";"உங்கள் தினசரி விளையாட்டுத் தொடர் %lld நாட்களை எட்டியுள்ளது! 🔥";"నీ %lld రోజుల వరుస దూసుకుపోతోంది! 🔥";"แนวการเล่นประจำวันของคุณถึง %lld วันแล้ว! 🔥";"ཁྱེད་རང་གི་ཉིན་རེའི་རྩེད་མོའི་རིམ་པ་དེ་ཉིན་%lldལ་སླེབས་ཡོད། 🔥";"Günlük oyun seriniz %lld güne ulaştı! 🔥";"Ваша щоденна ігрова серія досягла %lld днів! 🔥";"آپ کا روزانہ کھیلنے کا سلسلہ %lld دن تک پہنچ گیا ہے! 🔥";"كۈندىلىك ئويناش ۋاقتىڭىز %lld كۈنگە يەتتى! 🔥";"Sizning kunlik o'yin seriyangiz %lld kunga yetdi! 🔥";"Chuỗi chơi hàng ngày của bạn đã đạt tới %lld ngày! 🔥";"Mae eich rhediad chwarae dyddiol wedi cyrraedd %lld diwrnod! 🔥";"Ukudlala kwakho kwansuku zonke sekufinyelele ezinsukwini ezi-%lld! 🔥"
"notif.weekly.body %lld";"one";"A push-notification body. COUNTED TEXT — the wording for a count of one. Leave empty if your language words one no differently from the rest. Aim for 110 characters or fewer. Keep 1× %lld (a number).";"You have %lld hoop in total. Ready for a few more?";"Je hebt in totaal %lld hoepel. Klaar voor nog een paar?";"Jy het altesaam %lld hoepel. Reg vir nog ’n paar?";"Ke gjithsej %lld rreth. Gati për disa të tjerë?";"በድምሩ %lld አለህ። ለተጨማሪ ዝግጁ ነህ?";"لديك %lld إجمالًا. مستعد للمزيد؟";"Ընդամենը ունես %lld։ Պատրա՞ստ ես ևս մի քանիսին։";"মুঠ %lld আছে। আৰু কেইটামানৰ বাবে সাজু?";"Cəmi %lld var. Bir neçəsinə də hazırsan?";"Guztira %lld dituzu. Beste batzuk nahi?";"Усяго ў цябе %lld. Гатовы сабраць яшчэ?";"তোমার মোট %lld আছে। আরও কয়েকটির জন্য প্রস্তুত?";"Ukupno imaš %lld obruč. Spreman/na za još?";"Имаш общо %lld обръч. Готов ли си за още?";"စုစုပေါင်း %lld ရှိတယ်။ ထပ်ယူဖို့ အဆင်သင့်လား?";"Tens %lld cèrcol en total. En vols uns quants més?";"你一共有 %lld 个。再来几个吗？";"Ukupno imaš %lld obruč. Spreman/na za još?";"Celkem máš %lld obruč. Chceš ještě pár?";"Du har %lld ring i alt. Klar til et par mere?";"Sul on kokku %lld rõngas. Kas kogume veel?";"Tú hevur %lld ring tilsamans. Klár/ur til fleiri?";"Sinulla on yhteensä %lld vanne. Valmis keräämään lisää?";"Tu as %lld cerceau au total. Prêt pour quelques autres ?";"Tes %lld aro en total. Preparado/a para máis?";"სულ გაქვს %lld. მზად ხარ კიდევ რამდენიმესთვის?";"Du hast insgesamt %lld Reifen. Bereit für noch ein paar?";"Έχεις συνολικά %lld στεφάνι. Έτοιμος/η για λίγα ακόμα;";"તમારી પાસે કુલ %lld વલય છે. થોડા વધુ માટે તૈયાર?";"יש לך בסך הכול חישוק %lld. מוכנים לעוד כמה?";"तुम्हारे पास कुल %lld छल्ला है। कुछ और के लिए तैयार?";"Összesen %lld karikád van. Jöhet még néhány?";"Þú átt alls %lld hring. Tilbúin/n í nokkra í viðbót?";"Kamu punya total %lld. Siap tambah lagi?";"Tá %lld fonsa agat san iomlán. Réidh le haghaidh cúpla ceann eile?";"Hai %lld cerchio in totale. Pronto/a per altri?";"合計 %lld 個あるよ。もう少し集める？";"ಒಟ್ಟು %lld ವಲಯ ಇದೆ. ಇನ್ನೂ ಕೆಲವು ಬೇಕೇ?";"Барлығы %lld бар. Тағы жинауға дайынсың ба?";"អ្នកមានសរុប %lld។ ត្រៀមរកបន្ថែមទៀតទេ?";"총 %lld개 있어요. 조금 더 모을까요?";"ເຈົ້າມີທັງໝົດ %lld. ພ້ອມເກັບເພີ່ມບໍ?";"Tev kopā ir %lld riņķis. Gatavs vēl dažiem?";"Iš viso turi %lld lanką. Pasiruošęs dar keliems?";"Имаш вкупно %lld обрач. Подготвен/а за уште?";"Kamu ada %lld semuanya. Sedia untuk tambah lagi?";"ആകെ %lld വളയം ഉണ്ട്. കുറച്ച് കൂടി വേണോ?";"तुझ्याकडे एकूण %lld वलय आहे. आणखी काहीसाठी तयार?";"Нийт %lld байна. Дахиад хэдийг авах уу?";"तिमीसँग जम्मा %lld छ। अझ केहीका लागि तयार?";"Du har totalt %lld ring. Klar for noen flere?";"ମୋଟ %lld ଅଛି। ଆଉ କିଛି ପାଇଁ ପ୍ରସ୍ତୁତ?";"در مجموع %lld داری. آماده‌ای چندتای دیگر بگیری؟";"Masz łącznie %lld obręcz. Gotowy/a na więcej?";"Tens %lld aro no total. Preparado/a para mais alguns?";"ਤੁਹਾਡੇ ਕੋਲ ਕੁੱਲ %lld ਛੱਲਾ ਹੈ। ਹੋਰ ਲਈ ਤਿਆਰ?";"Ai în total %lld cerc. Gata pentru încă câteva?";"Всего у тебя %lld. Готов собрать ещё?";"Укупно имаш %lld обруч. Спреман/на за још?";"මුළු එකතුව %lldයි. තව ටිකක් ගන්න සූදානම්ද?";"Celkovo máš %lld obruč. Pripravený/á na ďalšie?";"Skupaj imaš %lld obroč. Pripravljen/a na še nekaj?";"Tienes %lld aro en total. ¿Listo/a para unos cuantos más?";"Una kitanzi %lld kwa jumla. Uko tayari kwa vingine?";"Du har totalt %lld ring. Redo för några till?";"மொத்தம் %lld வளையம் உள்ளது. இன்னும் சில வேண்டுமா?";"మొత్తం %lld వలయం ఉంది. ఇంకొన్ని కావాలా?";"คุณมีทั้งหมด %lld พร้อมเก็บเพิ่มไหม?";"ཁྱོན %lld ཡོད། ད་དུང་ཁ་ཤས་བསྡུ་གྲ་སྒྲིག་ཡིན་ནམ།";"Toplam %lld var. Birkaç tane daha ister misin?";"Усього в тебе %lld. Готовий зібрати ще?";"آپ کے پاس کل %lld حلقہ ہے۔ کچھ اور کے لیے تیار ہیں؟";"جەمئىي %lld بار. يەنە بىر قانچىگە تەييارمۇ?";"Jami %lld bor. Yana bir nechtasiga tayyormisiz?";"Bạn có tổng cộng %lld. Sẵn sàng kiếm thêm không?";"Mae gen ti %lld cylch i gyd. Barod am ragor?";"Unengqikithi yeringi engu-%lld. Ulungele amanye?"
"notif.weekly.body %lld";"other";"A push-notification body. COUNTED TEXT — required. The wording for a plural count, and the one used whenever the 'one' row does not apply. Aim for 110 characters or fewer. Keep 1× %lld (a number).";"You have %lld hoops in total. Ready for a few more?";"Je hebt in totaal %lld hoepels. Klaar voor nog een paar?";"Jy het altesaam %lld hoepels. Reg vir nog ’n paar?";"Ke gjithsej %lld rrathë. Gati për disa të tjerë?";"በድምሩ %lld አለህ። ለተጨማሪ ዝግጁ ነህ?";"لديك %lld إجمالًا. مستعد للمزيد؟";"Ընդամենը ունես %lld։ Պատրա՞ստ ես ևս մի քանիսին։";"মুঠ %lld আছে। আৰু কেইটামানৰ বাবে সাজু?";"Cəmi %lld var. Bir neçəsinə də hazırsan?";"Guztira %lld dituzu. Beste batzuk nahi?";"Усяго ў цябе %lld. Гатовы сабраць яшчэ?";"তোমার মোট %lld আছে। আরও কয়েকটির জন্য প্রস্তুত?";"Ukupno imaš %lld obruča. Spreman/na za još?";"Имаш общо %lld обръча. Готов ли си за още?";"စုစုပေါင်း %lld ရှိတယ်။ ထပ်ယူဖို့ အဆင်သင့်လား?";"Tens %lld cèrcols en total. En vols uns quants més?";"你一共有 %lld 个。再来几个吗？";"Ukupno imaš %lld obruča. Spreman/na za još?";"Celkem máš %lld. Chceš ještě pár?";"Du har %lld ringe i alt. Klar til et par mere?";"Sul on kokku %lld rõngast. Kas kogume veel?";"Tú hevur %lld ringar tilsamans. Klár/ur til fleiri?";"Sinulla on yhteensä %lld vannetta. Valmis keräämään lisää?";"Tu as %lld cerceaux au total. Prêt pour quelques autres ?";"Tes %lld aros en total. Preparado/a para máis?";"სულ გაქვს %lld. მზად ხარ კიდევ რამდენიმესთვის?";"Du hast insgesamt %lld Reifen. Bereit für noch ein paar?";"Έχεις συνολικά %lld στεφάνια. Έτοιμος/η για λίγα ακόμα;";"તમારી પાસે કુલ %lld છે. થોડા વધુ માટે તૈયાર?";"יש לך בסך הכול %lld חישוקים. מוכנים לעוד כמה?";"तुम्हारे पास कुल %lld छल्ले हैं। कुछ और के लिए तैयार?";"Összesen %lld karikád van. Jöhet még néhány?";"Þú átt alls %lld hringi. Tilbúin/n í nokkra í viðbót?";"Kamu punya total %lld. Siap tambah lagi?";"Tá %lld fonsa agat san iomlán. Réidh le haghaidh cúpla ceann eile?";"Hai %lld cerchi in totale. Pronto/a per altri?";"合計 %lld 個あるよ。もう少し集める？";"ಒಟ್ಟು %lld ಇದೆ. ಇನ್ನೂ ಕೆಲವು ಬೇಕೇ?";"Барлығы %lld бар. Тағы жинауға дайынсың ба?";"អ្នកមានសរុប %lld។ ត្រៀមរកបន្ថែមទៀតទេ?";"총 %lld개 있어요. 조금 더 모을까요?";"ເຈົ້າມີທັງໝົດ %lld. ພ້ອມເກັບເພີ່ມບໍ?";"Tev kopā ir %lld riņķi. Gatavs vēl dažiem?";"Iš viso turi %lld lankus. Pasiruošęs dar keliems?";"Имаш вкупно %lld обрачи. Подготвен/а за уште?";"Kamu ada %lld semuanya. Sedia untuk tambah lagi?";"ആകെ %lld ഉണ്ട്. കുറച്ച് കൂടി വേണോ?";"तुझ्याकडे एकूण %lld आहेत. आणखी काहीसाठी तयार?";"Нийт %lld байна. Дахиад хэдийг авах уу?";"तिमीसँग जम्मा %lld छ। अझ केहीका लागि तयार?";"Du har totalt %lld ringer. Klar for noen flere?";"ମୋଟ %lld ଅଛି। ଆଉ କିଛି ପାଇଁ ପ୍ରସ୍ତୁତ?";"در مجموع %lld داری. آماده‌ای چندتای دیگر بگیری؟";"Masz łącznie %lld. Gotowy/a na więcej?";"Tens %lld aros no total. Preparado/a para mais alguns?";"ਤੁਹਾਡੇ ਕੋਲ ਕੁੱਲ %lld ਹਨ। ਹੋਰ ਲਈ ਤਿਆਰ?";"Ai în total %lld cercuri. Gata pentru încă câteva?";"Всего у тебя %lld. Готов собрать ещё?";"Укупно имаш %lld обруча. Спреман/на за још?";"මුළු එකතුව %lldයි. තව ටිකක් ගන්න සූදානම්ද?";"Celkovo máš %lld. Pripravený/á na ďalšie?";"Skupaj imaš %lld obročev. Pripravljen/a na še nekaj?";"Tienes %lld aros en total. ¿Listo/a para unos cuantos más?";"Una vitanzi %lld kwa jumla. Uko tayari kwa vingine?";"Du har totalt %lld ringar. Redo för några till?";"மொத்தம் %lld உள்ளது. இன்னும் சில வேண்டுமா?";"మొత్తం %lld ఉన్నాయి. ఇంకొన్ని కావాలా?";"คุณมีทั้งหมด %lld พร้อมเก็บเพิ่มไหม?";"ཁྱོན %lld ཡོད། ད་དུང་ཁ་ཤས་བསྡུ་གྲ་སྒྲིག་ཡིན་ནམ།";"Toplam %lld var. Birkaç tane daha ister misin?";"Усього в тебе %lld. Готовий зібрати ще?";"آپ کے پاس کل %lld حلقے ہیں۔ کچھ اور کے لیے تیار ہیں؟";"جەمئىي %lld بار. يەنە بىر قانچىگە تەييارمۇ?";"Jami %lld bor. Yana bir nechtasiga tayyormisiz?";"Bạn có tổng cộng %lld. Sẵn sàng kiếm thêm không?";"Mae gen ti %lld cylch i gyd. Barod am ragor?";"Unengqikithi yamaringi angu-%lld. Ulungele amanye?"
"notif.weekly.title %lld";"one";"A push-notification title. The lock screen truncates it, so put the point first. COUNTED TEXT — the wording for a count of one. Leave empty if your language words one no differently from the rest. Aim for 40 characters or fewer. Keep 1× %lld (a number).";"%lld hoop this week! 🎉";"%lld hoepel deze week! 🎉";"%lld hoepel dié week! 🎉";"%lld rreth këtë javë! 🎉";"በዚህ ሳምንት %lld! 🎉";"%lld هذا الأسبوع! 🎉";"%lld այս շաբաթ! 🎉";"এই সপ্তাহত %lld! 🎉";"Bu həftə %lld! 🎉";"%lld aste honetan! 🎉";"%lld за гэты тыдзень! 🎉";"এই সপ্তাহে %lld! 🎉";"%lld obruč ove sedmice! 🎉";"%lld обръч тази седмица! 🎉";"ဒီအပတ် %lld! 🎉";"%lld cèrcol aquesta setmana! 🎉";"本周 %lld 个！🎉";"%lld obruč ovaj tjedan! 🎉";"%lld obruč tento týden! 🎉";"%lld ring i denne uge! 🎉";"%lld rõngas sel nädalal! 🎉";"%lld ringur hesa vikuna! 🎉";"%lld vanne tällä viikolla! 🎉";"%lld cerceau cette semaine ! 🎉";"%lld aro esta semana! 🎉";"ამ კვირაში %lld! 🎉";"%lld Reifen diese Woche! 🎉";"%lld στεφάνι αυτή την εβδομάδα! 🎉";"%lld વલય આ અઠવાડિયે! 🎉";"חישוק %lld השבוע! 🎉";"इस हफ़्ते %lld छल्ला! 🎉";"%lld karika ezen a héten! 🎉";"%lld hringur í þessari viku! 🎉";"%lld minggu ini! 🎉";"%lld fonsa an tseachtain seo! 🎉";"%lld cerchio questa settimana! 🎉";"今週 %lld 個！🎉";"ಈ ವಾರ %lld ವಲಯ! 🎉";"Осы аптада %lld! 🎉";"សប្ដាហ៍នេះ %lld! 🎉";"이번 주 %lld개! 🎉";"ອາທິດນີ້ %lld! 🎉";"%lld riņķis šonedēļ! 🎉";"%lld lankas šią savaitę! 🎉";"%lld обрач оваа недела! 🎉";"%lld minggu ini! 🎉";"ഈ ആഴ്ച %lld വളയം! 🎉";"या आठवड्यात %lld वलय! 🎉";"Энэ долоо хоногт %lld! 🎉";"यो हप्ता %lld! 🎉";"%lld ring denne uken! 🎉";"ଏହି ସପ୍ତାହରେ %lld! 🎉";"این هفته %lld تا! 🎉";"%lld obręcz w tym tygodniu! 🎉";"%lld aro esta semana! 🎉";"ਇਸ ਹਫ਼ਤੇ %lld ਛੱਲਾ! 🎉";"%lld cerc săptămâna asta! 🎉";"%lld за эту неделю! 🎉";"%lld обруч ове недеље! 🎉";"මේ සතියේ %lld! 🎉";"%lld obruč tento týždeň! 🎉";"%lld obroč ta teden! 🎉";"¡%lld aro esta semana! 🎉";"Kitanzi %lld wiki hii! 🎉";"%lld ring den här veckan! 🎉";"இந்த வாரம் %lld வளையம்! 🎉";"ఈ వారం %lld వలయం! 🎉";"สัปดาห์นี้ %lld! 🎉";"གཟའ་འཁོར་འདིར %lld! 🎉";"Bu hafta %lld! 🎉";"%lld цього тижня! 🎉";"اس ہفتے %lld حلقہ! 🎉";"بۇ ھەپتە %lld! 🎉";"Bu hafta %lld! 🎉";"Tuần này: %lld! 🎉";"%lld cylch yr wythnos hon! 🎉";"Iringi engu-%lld kuleli sonto! 🎉"
"notif.weekly.title %lld";"other";"A push-notification title. The lock screen truncates it, so put the point first. COUNTED TEXT — required. The wording for a plural count, and the one used whenever the 'one' row does not apply. Aim for 40 characters or fewer. Keep 1× %lld (a number).";"%lld hoops this week! 🎉";"%lld hoepels deze week! 🎉";"%lld hoepels dié week! 🎉";"%lld rrathë këtë javë! 🎉";"በዚህ ሳምንት %lld! 🎉";"%lld هذا الأسبوع! 🎉";"%lld այս շաբաթ! 🎉";"এই সপ্তাহত %lld! 🎉";"Bu həftə %lld! 🎉";"%lld aste honetan! 🎉";"%lld за гэты тыдзень! 🎉";"এই সপ্তাহে %lld! 🎉";"%lld obruča ove sedmice! 🎉";"%lld обръча тази седмица! 🎉";"ဒီအပတ် %lld! 🎉";"%lld cèrcols aquesta setmana! 🎉";"本周 %lld 个！🎉";"%lld obruča ovaj tjedan! 🎉";"%lld tento týden! 🎉";"%lld ringe i denne uge! 🎉";"%lld rõngast sel nädalal! 🎉";"%lld ringar hesa vikuna! 🎉";"%lld vannetta tällä viikolla! 🎉";"%lld cerceaux cette semaine ! 🎉";"%lld aros esta semana! 🎉";"ამ კვირაში %lld! 🎉";"%lld Reifen diese Woche! 🎉";"%lld στεφάνια αυτή την εβδομάδα! 🎉";"આ અઠવાડિયે %lld! 🎉";"%lld חישוקים השבוע! 🎉";"इस हफ़्ते %lld छल्ले! 🎉";"%lld karika ezen a héten! 🎉";"%lld hringir í þessari viku! 🎉";"%lld minggu ini! 🎉";"%lld fonsa an tseachtain seo! 🎉";"%lld cerchi questa settimana! 🎉";"今週 %lld 個！🎉";"ಈ ವಾರ %lld! 🎉";"Осы аптада %lld! 🎉";"សប្ដាហ៍នេះ %lld! 🎉";"이번 주 %lld개! 🎉";"ອາທິດນີ້ %lld! 🎉";"%lld riņķi šonedēļ! 🎉";"%lld lankai šią savaitę! 🎉";"%lld обрачи оваа недела! 🎉";"%lld minggu ini! 🎉";"ഈ ആഴ്ച %lld! 🎉";"या आठवड्यात %lld! 🎉";"Энэ долоо хоногт %lld! 🎉";"यो हप्ता %lld! 🎉";"%lld ringer denne uken! 🎉";"ଏହି ସପ୍ତାହରେ %lld! 🎉";"این هفته %lld تا! 🎉";"%lld w tym tygodniu! 🎉";"%lld aros esta semana! 🎉";"ਇਸ ਹਫ਼ਤੇ %lld! 🎉";"%lld cercuri săptămâna asta! 🎉";"%lld за эту неделю! 🎉";"%lld обруча ове недеље! 🎉";"මේ සතියේ %lld! 🎉";"%lld tento týždeň! 🎉";"%lld obročev ta teden! 🎉";"¡%lld aros esta semana! 🎉";"Vitanzi %lld wiki hii! 🎉";"%lld ringar den här veckan! 🎉";"இந்த வாரம் %lld! 🎉";"ఈ వారం %lld! 🎉";"สัปดาห์นี้ %lld! 🎉";"གཟའ་འཁོར་འདིར %lld! 🎉";"Bu hafta %lld! 🎉";"%lld цього тижня! 🎉";"اس ہفتے %lld حلقے! 🎉";"بۇ ھەپتە %lld! 🎉";"Bu hafta %lld! 🎉";"Tuần này: %lld! 🎉";"%lld cylch yr wythnos hon! 🎉";"Amaringi angu-%lld kuleli sonto! 🎉"
"onboarding.level.advanced.subtitle";"";"Onboarding, seen once at first launch. Aim for 49 characters or fewer.";"Different mixed sums together.";"Verschillende mix-sommen door elkaar.";"Verskillende somme deurmekaar.";"Detyra të ndryshme të përziera.";"የተለያዩ ድብልቅ ስሌቶች።";"مسائل مختلطة مختلفة معًا.";"Տարբեր խառը առաջադրանքներ միասին։";"বেলেগ বেলেগ মিশ্ৰ অংক একেলগে।";"Müxtəlif qarışıq misallar.";"Nahasketa-ariketa desberdinak batera.";"Розныя змешаныя прыклады.";"বিভিন্ন মিশ্র অঙ্ক একসঙ্গে।";"Različiti miješani zadaci.";"Различни смесени задачи.";"ရောစပ်ပုစ္ဆာအမျိုးမျိုး။";"Diferents operacions mixtes.";"不同的混合题放在一起。";"Različiti miješani zadaci.";"Různé smíšené příklady dohromady.";"Forskellige blandede opgaver.";"Erinevad segaülesanded koos.";"Ymisk blandingsstykki hvørt um annað.";"Erilaisia sekalaskuja.";"Différents calculs mélangés.";"Diferentes contas mesturadas.";"სხვადასხვა შერეული ამოცანა ერთად.";"Verschiedene gemischte Aufgaben.";"Διαφορετικές μικτές ασκήσεις μαζί.";"અલગ અલગ મિશ્ર દાખલા સાથે.";"תרגילים מעורבים מסוגים שונים.";"अलग-अलग मिली-जुली गणनाएँ।";"Különböző vegyes feladatok együtt.";"Mismunandi blönduð dæmi saman.";"Berbagai soal campuran.";"Suimeanna éagsúla measctha le chéile.";"Diversi esercizi misti insieme.";"いろいろなミックス問題。";"ಬೇರೆ ಬೇರೆ ಮಿಶ್ರ ಲೆಕ್ಕಗಳು.";"Әртүрлі аралас есептер.";"លំហាត់ចម្រុះផ្សេងៗលាយគ្នា។";"여러 가지 섞인 문제를 함께 풀어요.";"ໂຈດປະສົມຫຼາຍແບບຢູ່ນຳກັນ.";"Dažādi jaukti uzdevumi kopā.";"Įvairios mišrios užduotys kartu.";"Различни мешани задачи.";"Soalan campur yang berbeza.";"വ്യത്യസ്ത മിക്സ് കണക്കുകൾ ഒരുമിച്ച്.";"वेगवेगळी मिश्र उदाहरणे एकत्र.";"Өөр өөр холимог бодлогууд.";"विभिन्न मिश्रित हिसाब सँगै।";"Forskjellige miksoppgaver sammen.";"ଭିନ୍ନ ମିଶ୍ରିତ ପ୍ରଶ୍ନ ଏକାଠି।";"تمرین‌های ترکیبی مختلف با هم.";"Różne działania wymieszane razem.";"Várias contas misturadas.";"ਵੱਖ-ਵੱਖ ਮਿਲੇ-ਜੁਲੇ ਹਿਸਾਬ ਇਕੱਠੇ।";"Exerciții mixte diferite, toate împreună.";"Разные смешанные примеры.";"Različiti mešani zadaci zajedno.";"විවිධ මිශ්‍ර ගණන් එකට.";"Rôzne zmiešané príklady.";"Različne mešane naloge skupaj.";"Distintos ejercicios mezclados.";"Hesabu tofauti zilizochanganywa.";"Olika blandade tal.";"விதவிதமான கலவைக் கணக்குகள் ஒன்றாக.";"వేర్వేరు మిక్స్ లెక్కలు కలిపి.";"โจทย์ผสมหลายแบบคละกัน";"རྩིས་འདྲེས་མ་མི་འདྲ་བ་མཉམ་དུ།";"Farklı karışık işlemler bir arada.";"Різні змішані завдання впереміш.";"مختلف ملے جلے سوال۔";"ئوخشىمىغان ئارىلاش مەسىلىلەر.";"Turli aralash misollar birga.";"Các phép tính hỗn hợp khác nhau.";"Gwahanol symiau cymysg gyda'i gilydd.";"Izibalo ezixubile ezahlukene."
"onboarding.level.advanced.title";"";"Onboarding, seen once at first launch. Aim for 45 characters or fewer.";"Pretty good already";"Al aardig goed";"Reeds baie goed";"Tashmë mjaft mirë";"አስቀድመህ ጥሩ ነህ";"جيد جدًا بالفعل";"Արդեն բավական լավ է";"ইতিমধ্যে যথেষ্ট ভাল";"Artıq yaxşısan";"Dagoeneko nahiko ondo";"Ужо даволі добра";"ইতিমধ্যেই বেশ ভালো";"Već ti dobro ide";"Вече доста добре";"တော်တော်ကောင်းနေပြီ";"Ja ho fas força bé";"已经很不错";"Već ti dobro ide";"Už docela dobré";"Allerede ret god";"Juba päris tubli";"Longu rættiliga dugnalig/ur";"Osaat jo aika hyvin";"Déjà plutôt doué";"Xa bastante ben";"უკვე საკმაოდ კარგად";"Schon ziemlich gut";"Ήδη αρκετά καλός";"પહેલેથી ઘણું સારું";"כבר די טוב";"पहले से काफी अच्छे";"Már egész ügyes";"Orðin(n) nokkuð góð(ur)";"Sudah cukup bagus";"Maith go leor cheana";"Già abbastanza bravo";"もうけっこうできる";"ಈಗಲೇ ಚೆನ್ನಾಗಿದ್ದೀಯ";"Әжептәуір жақсы";"ពូកែគួរសមហើយ";"벌써 꽤 잘해요";"ເກັ່ງພໍສົມຄວນແລ້ວ";"Jau diezgan labi";"Jau visai gerai";"Веќе ти оди добро";"Dah agak bagus";"ഇതിനകം നന്നായി അറിയാം";"आधीच बरं जमतंय";"Аль хэдийн сайн";"पहिल्यै राम्रो";"Allerede ganske god";"ଏବେଠାରୁ ବହୁତ ଭଲ";"همین حالا هم خیلی خوبی";"Już całkiem nieźle";"Já és bastante bom";"ਪਹਿਲਾਂ ਹੀ ਕਾਫ਼ੀ ਵਧੀਆ";"Te descurci deja bine";"Уже неплохо";"Već ti ide dobro";"දැනටමත් හොඳයි";"Už ti to celkom ide";"Že kar dobro";"Ya se te da bastante bien";"Tayari unafanya vizuri";"Redan ganska bra";"ஏற்கனவே நன்றாக செய்கிறாய்";"ఇప్పటికే బాగానే వచ్చు";"ทำได้ดีแล้ว";"ད་ལྟ་ཡག་ཐག་ཆོད།";"Şimdiden oldukça iyi";"Уже досить добре";"کافی اچھے ہیں";"خېلى ياخشى";"Ancha yaxshi";"Đã khá giỏi rồi";"Eitha da'n barod";"Usuvele wenza kahle"
"onboarding.level.beginner.subtitle";"";"Onboarding, seen once at first launch. Aim for 45 characters or fewer.";"Practise with sums in order.";"Oefenen met oplopende sommen.";"Oefen somme in volgorde.";"Ushtrohu me detyra në rend.";"ስሌቶችን በቅደም ተከተል ተለማመድ።";"تدرّب على المسائل بالترتيب.";"Փորձիր հերթականությամբ տրված առաջադրանքներ։";"ক্ৰমে থকা অংকৰে অভ্যাস কৰা।";"Misalları sıra ilə məşq et.";"Praktikatu ariketak ordenan.";"Трэніруй прыклады па парадку.";"ক্রমে থাকা অঙ্ক অনুশীলন করো।";"Vježbaj zadatke redom.";"Упражнявай задачи подред.";"အစဉ်လိုက် ပုစ္ဆာများကို လေ့ကျင့်ပါ။";"Practica operacions en ordre.";"按顺序练习算式。";"Vježbaj zadatke po redu.";"Procvičuj příklady v pořadí.";"Øv opgaver i rækkefølge.";"Harjuta ülesandeid järjekorras.";"Ven roknistykki í raðfylgju.";"Harjoittele laskuja järjestyksessä.";"Entraîne-toi avec les calculs dans l’ordre.";"Practica con contas en orde.";"ივარჯიშე ამოცანებით თანმიმდევრობით.";"Übe Aufgaben der Reihe nach.";"Εξάσκηση με ασκήσεις στη σειρά.";"ક્રમમાં દાખલાનો અભ્યાસ કરો.";"מתאמנים על תרגילים לפי הסדר.";"क्रम से सवालों का अभ्यास करो।";"Gyakorlás sorrendben jövő feladatokkal.";"Æfðu dæmi í röð.";"Berlatih dengan soal berurutan.";"Cleachtaigh suimeanna in ord.";"Allenati con esercizi in ordine.";"順番どおりの問題をれんしゅう。";"ಕ್ರಮದ ಲೆಕ್ಕಗಳನ್ನು ಅಭ್ಯಾಸ ಮಾಡು.";"Есептерді ретімен жаттық.";"ហាត់លំហាត់តាមលំដាប់។";"순서대로 나오는 문제를 연습해요.";"ຝຶກໂຈດຕາມລຳດັບ.";"Trenējies ar uzdevumiem secībā.";"Treniruokis su užduotimis iš eilės.";"Вежбај задачи по редослед.";"Berlatih dengan soalan ikut urutan.";"ക്രമത്തിലുള്ള കണക്കുകൾ പരിശീലിക്കൂ.";"क्रमाने उदाहरणांचा सराव कर.";"Бодлогуудыг дарааллаар давт.";"क्रमका हिसाब अभ्यास गर।";"Øv på oppgaver i rekkefølge.";"କ୍ରମରେ ଥିବା ପ୍ରଶ୍ନ ଅଭ୍ୟାସ କର।";"تمرین با سؤال‌های مرتب.";"Ćwicz działania po kolei.";"Pratica contas por ordem.";"ਕ੍ਰਮਵਾਰ ਹਿਸਾਬਾਂ ਦਾ ਅਭਿਆਸ ਕਰੋ।";"Exersează cu exerciții în ordine.";"Примеры по порядку.";"Vežbaj zadatke po redu.";"පිළිවෙළට ගණන් පුහුණු වන්න.";"Trénuj príklady v poradí.";"Vadi naloge po vrsti.";"Practica con ejercicios en orden.";"Fanya mazoezi kwa hesabu zilizopangwa.";"Öva på tal i ordning.";"வரிசையான கணக்குகளுடன் பயிற்சி செய்.";"లెక్కలను క్రమంగా సాధన చేయి.";"ฝึกโจทย์ตามลำดับ";"གོ་རིམ་ལྟར་གྱི་རྩིས་སྦྱོངས།";"Sıralı işlemlerle çalış.";"Тренуй завдання по порядку.";"ترتیب وار سوالوں کی مشق کریں۔";"تەرتىپلىك مەسىلىلەرنى مەشىق قىل.";"Misollarni tartib bilan mashq qil.";"Luyện các phép tính theo thứ tự.";"Ymarfer gyda symiau mewn trefn.";"Zijwayeze izibalo ngokulandelana."
"onboarding.level.beginner.title";"";"Onboarding, seen once at first launch. Aim for 45 characters or fewer.";"Just started";"Net begonnen";"Pas begin";"Sapo ke filluar";"አሁን ጀምረሃል";"بدأت للتو";"Հենց նոր եմ սկսել";"এতিয়াহে আৰম্ভ";"Yeni başlamısan";"Hasi berria";"Толькі пачынаю";"সবে শুরু";"Tek si počeo/la";"Току-що започнах";"စတင်ခါစ";"Acabes de començar";"刚刚开始";"Tek počinješ";"Právě začínáš";"Lige begyndt";"Alles alustasid";"Júst byrjað";"Olet vasta aloittanut";"Je débute";"Acabo de comezar";"ახლახან დავიწყე";"Gerade angefangen";"Μόλις ξεκίνησα";"હમણાં જ શરૂઆત";"רק התחלתי";"अभी शुरू किया";"Most kezdtem";"Nýbyrjuð/n";"Baru mulai";"Díreach tosaithe";"Hai appena iniziato";"はじめたばかり";"ಈಗಷ್ಟೇ ಆರಂಭಿಸಿದೆ";"Жаңа бастадың";"ទើបចាប់ផ្តើម";"이제 막 시작했어요";"ຫາກໍເລີ່ມ";"Tikko sāki";"Ką tik pradėjau";"Само што почнав";"Baru mula";"ഇപ്പോൾ തുടങ്ങിയതാണ്";"आत्ताच सुरुवात";"Дөнгөж эхэлсэн";"भर्खर सुरु";"Nettopp begynt";"ଏବେ ଆରମ୍ଭ କଲ";"تازه شروع کرده‌ام";"Dopiero zaczynam";"Acabaste de começar";"ਹੁਣੇ ਸ਼ੁਰੂ ਕੀਤਾ";"Abia ai început";"Только начал";"Tek si počeo/la";"දැන් පටන් ගත්තා";"Práve začínaš";"Šele začenjam";"Acabas de empezar";"Umeanza tu";"Har just börjat";"இப்போதுதான் தொடங்கினாய்";"ఇప్పుడే మొదలు";"เพิ่งเริ่ม";"ད་ག་རང་འགོ་ཚུགས།";"Yeni başladım";"Щойно почав";"ابھی شروع کیا";"ئەمدى باشلىدىم";"Endi boshlading";"Mới bắt đầu";"Newydd ddechrau";"Usanda kuqala"
"onboarding.level.intermediate.subtitle";"";"Onboarding, seen once at first launch. Aim for 45 characters or fewer.";"Sums in random order.";"Sommen in willekeurige volgorde.";"Somme in lukrake volgorde.";"Detyra në rend të rastësishëm.";"ስሌቶች በዘፈቀደ ቅደም ተከተል።";"مسائل بترتيب عشوائي.";"Առաջադրանքներ՝ պատահական հերթականությամբ։";"যাদৃচ্ছিক ক্ৰমৰ অংক।";"Misallar təsadüfi sıra ilə.";"Ariketak ausazko ordenan.";"Прыклады ў выпадковым парадку.";"এলোমেলো ক্রমে অঙ্ক।";"Zadaci nasumičnim redom.";"Задачи в случаен ред.";"ကျပန်းအစဉ်နဲ့ ပုစ္ဆာများ။";"Operacions en ordre aleatori.";"随机顺序的算式。";"Zadaci nasumičnim redom.";"Příklady v náhodném pořadí.";"Opgaver i tilfældig rækkefølge.";"Ülesanded juhuslikus järjekorras.";"Roknistykki í tilvildarligari raðfylgju.";"Laskut satunnaisessa järjestyksessä.";"Calculs dans un ordre aléatoire.";"Contas en orde aleatoria.";"ამოცანები შემთხვევითი რიგით.";"Aufgaben in zufälliger Reihenfolge.";"Ασκήσεις σε τυχαία σειρά.";"અવ્યવસ્થિત ક્રમમાં દાખલા.";"תרגילים בסדר אקראי.";"किसी भी क्रम में सवाल।";"Feladatok véletlen sorrendben.";"Dæmi í handahófsröð.";"Soal dalam urutan acak.";"Suimeanna in ord randamach.";"Esercizi in ordine casuale.";"ランダムな順番の問題。";"ಯಾದೃಚ್ಛಿಕ ಕ್ರಮದ ಲೆಕ್ಕಗಳು.";"Есептер кездейсоқ ретпен.";"លំហាត់តាមលំដាប់ចៃដន្យ។";"문제가 무작위로 나와요.";"ໂຈດຕາມລຳດັບສຸ່ມ.";"Uzdevumi nejaušā secībā.";"Užduotys atsitiktine tvarka.";"Задачи по случаен редослед.";"Soalan dalam urutan rawak.";"ക്രമരഹിത കണക്കുകൾ.";"यादृच्छिक क्रमात उदाहरणे.";"Бодлогууд санамсаргүй дараалалтай.";"अनियमित क्रमका हिसाब।";"Oppgaver i tilfeldig rekkefølge.";"ଯାଦୃଚ୍ଛିକ କ୍ରମରେ ପ୍ରଶ୍ନ।";"سؤال‌ها با ترتیب تصادفی.";"Działania w losowej kolejności.";"Contas por ordem aleatória.";"ਬੇਤਰਤੀਬ ਕ੍ਰਮ ਵਿੱਚ ਹਿਸਾਬ।";"Exerciții în ordine aleatorie.";"Примеры в случайном порядке.";"Zadaci nasumičnim redom.";"අහඹු පිළිවෙළේ ගණන්.";"Príklady v náhodnom poradí.";"Naloge v naključnem vrstnem redu.";"Ejercicios en orden aleatorio.";"Hesabu kwa mpangilio wa nasibu.";"Tal i slumpmässig ordning.";"சீரற்ற வரிசையில் கணக்குகள்.";"యాదృచ్ఛిక క్రమంలో లెక్కలు.";"โจทย์ตามลำดับสุ่ม";"གོ་རིམ་གང་བྱུང་གི་རྩིས།";"İşlemler rastgele sırada.";"Завдання у випадковому порядку.";"بے ترتیب سوال۔";"مەسىلىلەر ئىختىيارىي تەرتىپتە.";"Misollar tasodifiy tartibda.";"Các phép tính theo thứ tự ngẫu nhiên.";"Symiau mewn trefn ar hap.";"Izibalo ngokulandelana okungahleliwe."
"onboarding.level.intermediate.title";"";"Onboarding, seen once at first launch. Aim for 45 characters or fewer.";"Some practice already";"Al wat geoefend";"Al ’n bietjie geoefen";"Ke bërë pak ushtrime";"ትንሽ ተለማምደሃል";"تمرّنت قليلًا";"Արդեն մի քիչ փորձել եմ";"ইতিমধ্যে অলপ অভ্যাস";"Bir az məşq etmisən";"Dagoeneko praktikatu duzu";"Ужо крыху трэніраваўся";"আগেও কিছু অনুশীলন";"Već si malo vježbao/la";"Вече съм упражнявал";"နည်းနည်း လေ့ကျင့်ပြီးပြီ";"Ja has practicat una mica";"已经练过一些";"Već imaš nešto vježbe";"Už máš něco natrénováno";"Har øvet lidt";"Oled juba harjutanud";"Hevur vant eitt sindur";"Olet jo harjoitellut";"Déjà un peu entraîné";"Xa practiquei algo";"უკვე ცოტა ვივარჯიშე";"Schon etwas geübt";"Έχω κάνει λίγη εξάσκηση";"થોડો અભ્યાસ કર્યો છે";"כבר התאמנתי קצת";"पहले थोड़ा अभ्यास किया";"Már gyakoroltam";"Búin(n) að æfa smá";"Sudah pernah berlatih";"Roinnt cleachtaidh déanta";"Hai già fatto pratica";"少しれんしゅうした";"ಸ್ವಲ್ಪ ಅಭ್ಯಾಸವಾಗಿದೆ";"Біраз жаттыққансың";"បានហាត់ខ្លះហើយ";"조금 연습했어요";"ຝຶກມາແລ້ວໜ້ອຍໜຶ່ງ";"Jau nedaudz trenējies";"Jau šiek tiek mokiausi";"Веќе имам вежбано";"Dah pernah berlatih";"കുറച്ച് പരിശീലിച്ചിട്ടുണ്ട്";"थोडा सराव झाला";"Бага зэрэг давтсан";"पहिल्यै केही अभ्यास";"Har øvd litt";"କିଛି ଅଭ୍ୟାସ ହୋଇଛି";"کمی تمرین کرده‌ام";"Już trochę umiem";"Já praticaste um pouco";"ਥੋੜ੍ਹਾ ਅਭਿਆਸ ਹੋ ਚੁੱਕਾ";"Ai exersat deja puțin";"Уже тренировался";"Već si malo vežbao/la";"ටිකක් පුහුණු වෙලා";"Už máš niečo natrénované";"Nekaj že znam";"Ya has practicado un poco";"Tayari umefanya mazoezi";"Har övat lite";"ஏற்கனவே கொஞ்சம் பயிற்சி";"కొంత సాధన చేశావు";"ฝึกมาบ้างแล้ว";"ཅུང་ཙམ་སྦྱངས་ཟིན།";"Biraz çalıştım";"Уже трохи тренувався";"کچھ مشق ہو چکی";"ئازراق مەشىق قىلغان";"Biroz mashq qilgansan";"Đã luyện một chút";"Wedi ymarfer tipyn";"Usuvele uzijwayeze"
"onboarding.level.title";"";"Onboarding, seen once at first launch. Aim for 45 characters or fewer.";"How good are you at this already?";"Hoe goed ben je hier al in?";"Hoe goed is jy al hiermee?";"Sa mirë e njeh këtë?";"ቀድሞውኑ ምን ያህል ጥሩ ነህ?";"ما مدى إتقانك لهذا؟";"Որքա՞ն լավ գիտես սա արդեն։";"ইয়াত তুমি ইতিমধ্যে কিমান ভাল?";"Bunu artıq nə qədər yaxşı bilirsən?";"Zenbateraino moldatzen zara honekin?";"Наколькі добра ты гэта ўжо ўмееш?";"এতে তুমি এখন কতটা ভালো?";"Koliko ovo već dobro znaš?";"Колко си добър в това?";"ဒါကို ဘယ်လောက်တော်ပြီးပြီလဲ။";"Com se’t dona això?";"你已经有多熟练？";"Koliko ti ovo već dobro ide?";"Jak dobře to už umíš?";"Hvor god er du allerede til det?";"Kui hästi sa seda juba oskad?";"Hvussu dugnalig/ur ert tú longu?";"Kuinka hyvin osaat jo?";"Quel est déjà ton niveau ?";"Que tal se che dá isto?";"უკვე რამდენად კარგად იცი?";"Wie gut kannst du das schon?";"Πόσο καλός είσαι ήδη σε αυτό;";"તમે આમાં પહેલેથી કેટલા સારા છો?";"עד כמה אתם כבר טובים בזה?";"इसमें तुम पहले से कितने अच्छे हो?";"Mennyire vagy már ügyes ebben?";"Hversu góð(ur) ertu í þessu?";"Seberapa jago kamu sekarang?";"Cé chomh maith is atá tú air seo?";"Quanto sei già bravo?";"もうどれくらいできる？";"ಇದರಲ್ಲಿ ಈಗಾಗಲೇ ಎಷ್ಟು ಚೆನ್ನಾಗಿದ್ದೀಯ?";"Мұны қаншалықты жақсы білесің?";"អ្នកពូកែប៉ុណ្ណាហើយ?";"이걸 얼마나 잘하나요?";"ຕອນນີ້ເຈົ້າເກັ່ງປານໃດ?";"Cik labi tu to jau proti?";"Kaip gerai tai jau moki?";"Колку добро го знаеш ова?";"Sejauh mana kamu dah pandai?";"ഇത് നിനക്ക് ഇതിനകം എത്ര നന്നായി അറിയാം?";"हे तुला आधीपासून किती जमतं?";"Чи үүнийг хэр сайн мэдэх вэ?";"यसमा तिमी कति राम्रो छौ?";"Hvor god er du allerede?";"ତୁମେ ଏଥିରେ କେତେ ଭଲ?";"الان چقدر در این موضوع خوبی؟";"Jak dobrze już to umiesz?";"Quão bom já és nisto?";"ਤੁਸੀਂ ਇਸ ਵਿੱਚ ਪਹਿਲਾਂ ਹੀ ਕਿੰਨੇ ਚੰਗੇ ਹੋ?";"Cât de bine te descurci deja?";"Насколько хорошо ты это умеешь?";"Koliko ti ovo već dobro ide?";"මේක දැනටමත් කොච්චර හොඳට පුළුවන්ද?";"Ako dobre ti to už ide?";"Kako dobro ti to že gre?";"¿Qué tal se te da esto?";"Una ujuzi gani tayari?";"Hur bra är du redan på det här?";"இதில் உனக்கு ஏற்கனவே எவ்வளவு தெரியும்?";"ఇది నీకు ఇప్పటికే ఎంత బాగా వచ్చు?";"ตอนนี้เธอเก่งแค่ไหนแล้ว?";"ཁྱེད་རང་འདི་ལ་ད་ལྟ་ག་ཚོད་མཁས་པོ་ཡོད།";"Bunda ne kadar iyisin?";"Наскільки добре ти це вже вмієш?";"آپ اس میں پہلے سے کتنے اچھے ہیں؟";"بۇنى قانچىلىك بىلىسەن؟";"Buni qanchalik yaxshi bilasan?";"Bạn đã giỏi phần này đến đâu?";"Pa mor dda wyt ti ar hyn yn barod?";"Usuvele wazi kangakanani ngalokhu?"
"onboarding.name.subtitle";"";"Onboarding, seen once at first launch. Aim for 47 characters or fewer.";"Let's get started. What's your name?";"Laten we beginnen. Hoe heet je?";"Kom ons begin. Wat is jou naam?";"Le të fillojmë. Si quhesh?";"እንጀምር። ስምህ ማን ነው?";"لنبدأ. ما اسمك؟";"Սկսենք։ Ինչպե՞ս ես կոչվում։";"আৰম্ভ কৰোঁ আহা। তোমাৰ নাম কি?";"Başlayaq. Adın nədir?";"Has gaitezen. Nola duzu izena?";"Пачнём! Як цябе завуць?";"চলো শুরু করি। তোমার নাম কী?";"Počnimo. Kako se zoveš?";"Да започваме. Как се казваш?";"စလိုက်ရအောင်။ မင်းနာမည် ဘာလဲ။";"Comencem. Com et dius?";"开始吧。你叫什么名字？";"Krenimo. Kako se zoveš?";"Jdeme na to. Jak se jmenuješ?";"Lad os begynde. Hvad hedder du?";"Hakkame pihta. Mis su nimi on?";"Latið okkum byrja. Hvat eitur tú?";"Aloitetaan! Mikä sinun nimesi on?";"C’est parti ! Comment t’appelles-tu ?";"Imos comezar. Como te chamas?";"დავიწყოთ. რა გქვია?";"Los geht’s. Wie heißt du?";"Ας ξεκινήσουμε. Πώς σε λένε;";"ચાલો શરૂ કરીએ. તમારું નામ શું છે?";"בואו נתחיל. איך קוראים לך?";"चलो शुरू करें। तुम्हारा नाम क्या है?";"Kezdjünk hozzá! Hogy hívnak?";"Byrjum. Hvað heitir þú?";"Ayo mulai. Siapa namamu?";"Tosaímis. Cad is ainm duit?";"Cominciamo! Come ti chiami?";"さあ、はじめよう。きみのなまえは？";"ಆರಂಭಿಸೋಣ. ನಿನ್ನ ಹೆಸರೇನು?";"Бастайық. Атың кім?";"ចាប់ផ្តើមគ្នា។ អ្នកឈ្មោះអ្វី?";"시작해 볼까요? 이름이 뭐예요?";"ມາເລີ່ມກັນ. ເຈົ້າຊື່ຫຍັງ?";"Sāksim! Kā tevi sauc?";"Pradėkime. Koks tavo vardas?";"Да почнеме. Како се викаш?";"Mari mula. Siapa nama kamu?";"തുടങ്ങാം. നിന്റെ പേരെന്താണ്?";"चला सुरू करूया. तुझं नाव काय?";"Эхэлцгээе. Чамайг хэн гэдэг вэ?";"सुरु गरौँ। तिम्रो नाम के हो?";"La oss begynne. Hva heter du?";"ଚାଲ ଆରମ୍ଭ କରିବା। ତୁମ ନାମ କ’ଣ?";"شروع کنیم. اسمت چیست؟";"Zaczynajmy. Jak masz na imię?";"Vamos começar. Como te chamas?";"ਆਓ ਸ਼ੁਰੂ ਕਰੀਏ। ਤੁਹਾਡਾ ਨਾਮ ਕੀ ਹੈ?";"Să începem. Cum te cheamă?";"Давай начнём. Как тебя зовут?";"Počnimo. Kako se zoveš?";"අපි පටන් ගමු. ඔබේ නම මොකක්ද?";"Poďme na to. Ako sa voláš?";"Začnimo. Kako ti je ime?";"Empecemos. ¿Cómo te llamas?";"Tuanze. Unaitwa nani?";"Nu börjar vi. Vad heter du?";"தொடங்கலாம். உன் பெயர் என்ன?";"మొదలుపెడదాం. నీ పేరేంటి?";"มาเริ่มกันเลย เธอชื่ออะไร?";"ད་འགོ་འཛུགས། ཁྱེད་ཀྱི་མིང་ལ་ག་རེ་ཟེར།";"Haydi başlayalım. Adın ne?";"Почнімо! Як тебе звати?";"آئیں شروع کریں۔ آپ کا نام کیا ہے؟";"باشلايلى. ئىسمىڭ نېمە؟";"Boshlaymiz. Isming nima?";"Bắt đầu nhé. Bạn tên gì?";"Dewch i ddechrau. Beth yw dy enw?";"Asiqale. Ungubani igama lakho?"
"onboarding.name.title";"";"Onboarding, seen once at first launch. Aim for 47 characters or fewer. The line break inside this text is deliberate; keep it.";"Doing sums has
 never been this fun!";"Sommen maken was
 nog nooit zo leuk!";"Somme maak was nog nooit so lekker nie!";"Detyrat s’kanë qenë kurrë kaq zbavitëse!";"ስሌት መሥራት ይህን ያህል አስደሳች ሆኖ አያውቅም!";"لم تكن المسائل ممتعة هكذا من قبل!";"Հաշվելը երբեք այսքան զվարճալի չի եղել։";"অংক কৰা কেতিয়াও ইমান মজাৰ নাছিল!";"Misal həll etmək heç belə əyləncəli olmayıb!";"Kalkuluak egitea ez da inoiz hain dibertigarria izan!";"Рашаць прыклады яшчэ ніколі не было так весела!";"অঙ্ক করা এত মজার কখনও ছিল না!";"Računanje nikad nije bilo ovako zabavno!";"Смятането никога не е било толкова забавно!";"ပုစ္ဆာတွက်တာ ဒီလောက်ပျော်စရာ မရှိသေးဘူး!";"Fer operacions mai havia estat tan divertit!";"做算术从没这么好玩！";"Računanje nikad nije bilo zabavnije!";"Počítání ještě nikdy nebylo tak zábavné!";"Det har aldrig været så sjovt at regne!";"Arvutamine pole kunagi nii lõbus olnud!";"Tað hevur ongantíð verið so stuttligt at rokna!";"Laskeminen ei ole koskaan ollut näin hauskaa!";"Faire des calculs n’a jamais été aussi amusant !";"Facer contas nunca foi tan divertido!";"ამოცანების ამოხსნა ასეთი სახალისო არასდროს ყოფილა!";"Rechnen hat noch nie so viel Spaß gemacht!";"Οι ασκήσεις δεν ήταν ποτέ τόσο διασκεδαστικές!";"દાખલા ગણવા ક્યારેય એટલું મજેદાર નહોતું!";"לפתור תרגילים מעולם לא היה כיף כל כך!";"गणित इतना मज़ेदार कभी नहीं था!";"A számolás még sosem volt ilyen jó móka!";"Það hefur aldrei verið svona gaman að reikna!";"Berhitung belum pernah seseru ini!";"Ní raibh suimeanna chomh spraíúil riamh!";"Fare i calcoli non è mai stato così divertente!";"計算ってこんなに楽しい！";"ಲೆಕ್ಕ ಮಾಡುವುದು ಇಷ್ಟು ಮಜವಾಗಿರಲಿಲ್ಲ!";"Есеп шығару бұрын-соңды мұндай қызық болмаған!";"គណនាលំហាត់មិនធ្លាប់សប្បាយបែបនេះទេ!";"계산이 이렇게 재미있었던 적은 없어요!";"ເຮັດໂຈດບໍ່ເຄີຍມ່ວນຂະໜາດນີ້!";"Rēķināt vēl nekad nav bijis tik jautri!";"Skaičiuoti dar niekada nebuvo taip smagu!";"Сметањето никогаш не било позабавно!";"Mengira tak pernah seseronok ini!";"കണക്കുകൾ ഇത്ര രസകരമായിട്ടില്ല!";"गणित कधीच इतकं मजेदार नव्हतं!";"Бодлого бодох ийм хөгжилтэй байгаагүй!";"हिसाब गर्नु यति रमाइलो कहिल्यै थिएन!";"Regning har aldri vært så gøy!";"ଗଣିତ କରିବା ଏତେ ମଜା କେବେ ନଥିଲା!";"حل کردن سؤال‌ها هیچ‌وقت این‌قدر بامزه نبوده!";"Liczenie jeszcze nigdy nie było tak fajne!";"Fazer contas nunca foi tão divertido!";"ਹਿਸਾਬ ਕਰਨਾ ਕਦੇ ਇੰਨਾ ਮਜ਼ੇਦਾਰ ਨਹੀਂ ਸੀ!";"Calculele nu au fost niciodată atât de distractive!";"Решать примеры ещё никогда не было так весело!";"Računanje nikad nije bilo ovako zabavno!";"ගණන් හදන එක මෙතරම් විනෝද වෙලා නැහැ!";"Počítanie ešte nikdy nebolo také zábavné!";"Računanje še nikoli ni bilo tako zabavno!";"¡Hacer cuentas nunca fue tan divertido!";"Kufanya hesabu hakujawahi kufurahisha hivi!";"Det har aldrig varit så kul att räkna!";"கணக்குப் போடுவது இவ்வளவு வேடிக்கையாக இருந்ததே இல்லை!";"లెక్కలు చేయడం ఇంత సరదాగా ఎప్పుడూ లేదు!";"คิดเลขไม่เคยสนุกเท่านี้!";"རྩིས་རྒྱག་པ་དེ་འདྲ་སྤྲོ་པོ་ནམ་ཡང་མ་བྱུང་!";"İşlem yapmak hiç bu kadar eğlenceli olmamıştı!";"Рахувати ще ніколи не було так весело!";"حساب کبھی اتنا مزے دار نہیں تھا!";"ھېسابلاش بۇنچە قىزىقارلىق بولۇپ باقمىغان!";"Misol yechish hech qachon bunchalik qiziq bo‘lmagan!";"Làm toán chưa bao giờ vui thế này!";"Fu gwneud symiau erioed mor hwyl!";"Ukubala akukaze kube mnandi kanje!"
"onboarding.subject.subtitle";"";"Onboarding, seen once at first launch. Aim for 50 characters or fewer.";"Choose a topic to start with.";"Kies een onderwerp om mee te beginnen.";"Kies ’n onderwerp om mee te begin.";"Zgjidh një temë për të filluar.";"ለመጀመር ርዕስ ምረጥ።";"اختر موضوعًا لتبدأ به.";"Ընտրիր թեմա՝ սկսելու համար։";"আৰম্ভ কৰিবলৈ এটা বিষয় বাছা।";"Başlamaq üçün mövzu seç.";"Aukeratu hasteko gai bat.";"Выберы тэму, з якой пачнеш.";"শুরু করার জন্য একটি বিষয় বেছে নাও।";"Izaberi temu za početak.";"Избери тема, с която да започнеш.";"စဖို့ အကြောင်းအရာတစ်ခု ရွေးပါ။";"Tria un tema per començar.";"选择一个主题开始。";"Odaberi temu za početak.";"Vyber si téma, kterým začneš.";"Vælg et emne at starte med.";"Vali alustamiseks teema.";"Vel eitt evni at byrja við.";"Valitse aihe, josta aloitat.";"Choisis un sujet pour commencer.";"Escolle un tema para comezar.";"აირჩიე თემა დასაწყებად.";"Wähle ein Thema zum Starten.";"Διάλεξε ένα θέμα για να ξεκινήσεις.";"શરૂ કરવા એક વિષય પસંદ કરો.";"בחרו נושא להתחיל בו.";"शुरू करने के लिए एक विषय चुनें।";"Válassz egy témát a kezdéshez.";"Veldu efni til að byrja á.";"Pilih topik untuk memulai.";"Roghnaigh ábhar le tosú.";"Scegli un argomento da cui iniziare.";"最初にやるテーマをえらぼう。";"ಆರಂಭಿಸಲು ಒಂದು ವಿಷಯ ಆರಿಸು.";"Бастайтын тақырыпты таңда.";"ជ្រើសប្រធានបទមួយដើម្បីចាប់ផ្តើម។";"먼저 배울 주제를 골라요.";"ເລືອກຫົວຂໍ້ເພື່ອເລີ່ມ.";"Izvēlies tēmu, ar ko sākt.";"Pasirink temą, nuo kurios pradėsi.";"Избери тема за почеток.";"Pilih topik untuk mula.";"തുടങ്ങാൻ ഒരു വിഷയം തിരഞ്ഞെടുക്കൂ.";"सुरू करण्यासाठी विषय निवड.";"Эхлэх сэдвээ сонго.";"सुरु गर्न एउटा विषय छान।";"Velg et emne å starte med.";"ଆରମ୍ଭ କରିବାକୁ ଗୋଟିଏ ବିଷୟ ବାଛ।";"یک موضوع برای شروع انتخاب کن.";"Wybierz temat na początek.";"Escolhe um tema para começar.";"ਸ਼ੁਰੂ ਕਰਨ ਲਈ ਇੱਕ ਵਿਸ਼ਾ ਚੁਣੋ।";"Alege un subiect cu care să începi.";"Выбери тему для начала.";"Izaberi temu za početak.";"පටන් ගන්න මාතෘකාවක් තෝරන්න.";"Vyber si tému, ktorou začneš.";"Za začetek izberi temo.";"Elige un tema para empezar.";"Chagua mada ya kuanzia.";"Välj ett ämne att börja med.";"தொடங்க ஒரு தலைப்பைத் தேர்ந்தெடு.";"మొదలుపెట్టడానికి ఒక అంశాన్ని ఎంచుకో.";"เลือกหัวข้อที่จะเริ่ม";"འགོ་འཛུགས་སའི་བརྗོད་གཞི་འདེམས།";"Başlamak için bir konu seç.";"Обери тему для початку.";"شروع کرنے کے لیے موضوع چنیں۔";"باشلايدىغان تېمىنى تاللا.";"Boshlash uchun mavzu tanla.";"Chọn một chủ đề để bắt đầu.";"Dewis bwnc i ddechrau.";"Khetha isihloko ozoqala ngaso."
"onboarding.subject.title";"";"Onboarding, seen once at first launch. Aim for 45 characters or fewer.";"What do you want to learn?";"Wat wil je leren?";"Wat wil jy leer?";"Çfarë dëshiron të mësosh?";"ምን መማር ትፈልጋለህ?";"ماذا تريد أن تتعلم؟";"Ի՞նչ ես ուզում սովորել։";"তুমি কি শিকিব খোজা?";"Nə öyrənmək istəyirsən?";"Zer ikasi nahi duzu?";"Што ты хочаш вывучыць?";"তুমি কী শিখতে চাও?";"Šta želiš naučiti?";"Какво искаш да научиш?";"ဘာသင်ချင်လဲ။";"Què vols aprendre?";"你想学什么？";"Što želiš naučiti?";"Co se chceš naučit?";"Hvad vil du lære?";"Mida tahad õppida?";"Hvat vilt tú læra?";"Mitä haluat oppia?";"Que veux-tu apprendre ?";"Que queres aprender?";"რის სწავლა გინდა?";"Was möchtest du lernen?";"Τι θέλεις να μάθεις;";"તમે શું શીખવા માંગો છો?";"מה תרצו ללמוד?";"तुम क्या सीखना चाहते हो?";"Mit szeretnél megtanulni?";"Hvað viltu læra?";"Apa yang ingin kamu pelajari?";"Cad ba mhaith leat a fhoghlaim?";"Cosa vuoi imparare?";"何を学びたい？";"ನೀನು ಏನು ಕಲಿಯಲು ಬಯಸುತ್ತೀಯ?";"Нені үйренгің келеді?";"អ្នកចង់រៀនអ្វី?";"무엇을 배우고 싶나요?";"ເຈົ້າຢາກຮຽນຫຍັງ?";"Ko tu vēlies iemācīties?";"Ko nori išmokti?";"Што сакаш да научиш?";"Apa yang kamu mahu belajar?";"നിനക്ക് എന്താണ് പഠിക്കേണ്ടത്?";"तुला काय शिकायचं आहे?";"Юу сурмаар байна?";"तिमी के सिक्न चाहन्छौ?";"Hva vil du lære?";"ତୁମେ କ’ଣ ଶିଖିବାକୁ ଚାହୁଁଛ?";"دوست داری چه چیزی یاد بگیری؟";"Czego chcesz się nauczyć?";"O que queres aprender?";"ਤੁਸੀਂ ਕੀ ਸਿੱਖਣਾ ਚਾਹੁੰਦੇ ਹੋ?";"Ce vrei să înveți?";"Чему ты хочешь научиться?";"Šta želiš da naučiš?";"ඔබ ඉගෙනගන්න කැමති මොනවාද?";"Čo sa chceš naučiť?";"Kaj se želiš naučiti?";"¿Qué quieres aprender?";"Unataka kujifunza nini?";"Vad vill du lära dig?";"நீ என்ன கற்க விரும்புகிறாய்?";"నువ్వు ఏం నేర్చుకోవాలనుకుంటున్నావు?";"อยากเรียนอะไร?";"ཁྱེད་ཀྱིས་ག་རེ་སྦྱོང་འདོད་དམ།";"Ne öğrenmek istiyorsun?";"Що ти хочеш вивчати?";"آپ کیا سیکھنا چاہتے ہیں؟";"نېمىنى ئۆگەنمەكچىسەن؟";"Nimani o‘rganmoqchisan?";"Bạn muốn học gì?";"Beth wyt ti eisiau ei ddysgu?";"Ufuna ukufunda ini?"
"parentGate.approved";"";"The adult check shown before a purchase. Written for a grown-up, not a child. Aim for 70 characters or fewer.";"Approved";"Goedgekeurd";"Goedgekeur";"Miratuar";"ጸድቋል";"تمت الموافقة";"Հաստատված է";"অনুমোদিত";"Təsdiqləndi";"Onartuta";"Пацверджана";"অনুমোদিত";"Odobreno";"Одобрено";"အတည်ပြုပြီး";"Aprovat";"已通过";"Odobreno";"Schváleno";"Godkendt";"Kinnitatud";"Góðkent";"Hyväksytty";"Validé";"Aprobado";"დადასტურებულია";"Bestätigt";"Εγκρίθηκε";"મંજૂર";"אושר";"मंज़ूर";"Jóváhagyva";"Samþykkt";"Disetujui";"Ceadaithe";"Approvato";"承認ずみ";"ಅನುಮೋದಿಸಲಾಗಿದೆ";"Мақұлданды";"បានអនុម័ត";"승인됨";"ອະນຸມັດແລ້ວ";"Apstiprināts";"Patvirtinta";"Одобрено";"Diluluskan";"അംഗീകരിച്ചു";"मंजूर";"Зөвшөөрлөө";"स्वीकृत";"Godkjent";"ଅନୁମୋଦିତ";"تأیید شد";"Zatwierdzone";"Aprovado";"ਮਨਜ਼ੂਰ";"Aprobat";"Подтверждено";"Odobreno";"අනුමතයි";"Schválené";"Odobreno";"Aprobado";"Imeidhinishwa";"Godkänd";"அங்கீகரிக்கப்பட்டது";"ఆమోదించబడింది";"อนุมัติแล้ว";"ཆོག་མཆན་ཐོབ།";"Onaylandı";"Підтверджено";"منظور";"تەستىقلاندى";"Tasdiqlandi";"Đã xác nhận";"Cymeradwywyd";"Kuvunyelwe"
"parentGate.attempts %lld %lld";"";"The adult check shown before a purchase. Written for a grown-up, not a child. Aim for 70 characters or fewer. Keep 2× %lld (a number). Several values are substituted, so number them: %1$…, %2$… in whatever order your language reads.";"Attempts: %1$lld of %2$lld";"Pogingen: %1$lld van %2$lld";"Pogings: %1$lld van %2$lld";"Përpjekje: %1$lld nga %2$lld";"ሙከራዎች፦ %1$lld ከ%2$lld";"المحاولات: %1$lld من %2$lld";"Փորձեր՝ %1$lld՝ %2$lld-ից";"চেষ্টা: %1$lld ৰ ভিতৰত %2$lld";"Cəhdlər: %1$lld-dən %2$lld";"Saiakerak: %1$lld / %2$lld";"Спробы: %1$lld з %2$lld";"চেষ্টা: %1$lld-এর মধ্যে %2$lld";"Pokušaji: %1$lld od %2$lld";"Опити: %1$lld от %2$lld";"ကြိုးစားမှု: %1$lld မှ %2$lld";"Intents: %1$lld de %2$lld";"尝试次数：%1$lld/%2$lld";"Pokušaji: %1$lld od %2$lld";"Pokusy: %1$lld z %2$lld";"Forsøg: %1$lld af %2$lld";"Katsed: %1$lld / %2$lld";"Royndir: %1$lld av %2$lld";"Yritykset: %1$lld/%2$lld";"Essais : %1$lld sur %2$lld";"Intentos: %1$lld de %2$lld";"ცდები: %1$lld / %2$lld";"Versuche: %1$lld von %2$lld";"Προσπάθειες: %1$lld από %2$lld";"પ્રયત્નો: %1$lld માંથી %2$lld";"ניסיונות: %1$lld מתוך %2$lld";"कोशिशें: %1$lld में से %2$lld";"Próbálkozások: %1$lld / %2$lld";"Tilraunir: %1$lld af %2$lld";"Percobaan: %1$lld dari %2$lld";"Iarrachtaí: %1$lld as %2$lld";"Tentativi: %1$lld su %2$lld";"回数：%1$lld／%2$lld";"ಪ್ರಯತ್ನಗಳು: %2$lldರಲ್ಲಿ %1$lld";"Әрекеттер: %1$lld / %2$lld";"ការព្យាយាម៖ %1$lld ក្នុងចំណោម %2$lld";"시도: %1$lld/%2$lld";"ລອງ: %1$lld ຈາກ %2$lld";"Mēģinājumi: %1$lld no %2$lld";"Bandymai: %1$lld iš %2$lld";"Обиди: %1$lld од %2$lld";"Cubaan: %1$lld daripada %2$lld";"ശ്രമങ്ങൾ: %1$lldൽ %2$lld";"प्रयत्न: %1$lld पैकी %2$lld";"Оролдлого: %1$lld-аас %2$lld";"प्रयास: %1$lld मध्ये %2$lld";"Forsøk: %1$lld av %2$lld";"ଚେଷ୍ଟା: %1$lld ମଧ୍ୟରୁ %2$lld";"تلاش‌ها: %1$lld از %2$lld";"Próby: %1$lld z %2$lld";"Tentativas: %1$lld de %2$lld";"ਕੋਸ਼ਿਸ਼ਾਂ: %1$lld ਵਿੱਚੋਂ %2$lld";"Încercări: %1$lld din %2$lld";"Попытки: %1$lld из %2$lld";"Pokušaji: %1$lld od %2$lld";"උත්සාහ: %1$lld න් %2$lld";"Pokusy: %1$lld z %2$lld";"Poskusi: %1$lld od %2$lld";"Intentos: %1$lld de %2$lld";"Majaribio: %1$lld kati ya %2$lld";"Försök: %1$lld av %2$lld";"முயற்சிகள்: %1$lld / %2$lld";"ప్రయత్నాలు: %1$lldలో %2$lld";"ลองแล้ว: %1$lld จาก %2$lld";"ཚོད་ལྟ། %1$lld ནས་ %2$lld";"Deneme: %1$lld/%2$lld";"Спроби: %1$lld з %2$lld";"کوششیں: %1$lld از %2$lld";"سىناق: %1$lld / %2$lld";"Urinishlar: %1$lld tadan %2$lld ta";"Lần thử: %1$lld trên %2$lld";"Ceisiadau: %1$lld o %2$lld";"Imizamo: %1$lld kokungu-%2$lld"
"parentGate.holdInstruction %@ %lld";"one";"The adult check shown before a purchase. Written for a grown-up, not a child. COUNTED TEXT — the wording for a count of one. Leave empty if your language words one no differently from the rest. Aim for 70 characters or fewer. Keep 1× %lld (a number) and 1× %@ (text substituted at runtime). Several values are substituted, so number them: %1$…, %2$… in whatever order your language reads.";"Hold the %1$@ for %2$lld second.";"Houd de %1$@ %2$lld seconde ingedrukt.";"Druk en hou die %1$@ vir %2$lld sekondes.";"Mbaje %1$@ shtypur për %2$lld sekonda.";"%1$@ን ለ%2$lld ሰከንድ ተጭነው ይያዙ።";"اضغط مطولًا على %1$@ لمدة %2$lld ثوانٍ.";"Սեղմած պահեք %1$@-ը %2$lld վայրկյան։";"%1$@টো %2$lld ছেকেণ্ড ধৰি ৰাখা।";"%1$@ üzərində %2$lld saniyə basıb saxla.";"Eduki %1$@ sakatuta %2$lld segundoz.";"Утрымлівай %1$@ %2$lld секунд.";"%1$@-টি %2$lld সেকেন্ড চেপে ধরুন।";"Drži %1$@ %2$lld sekundi.";"Задръж %1$@ за %2$lld секунди.";"%1$@ ကို %2$lld စက္ကန့် ဖိထားပါ။";"Mantén premut el %1$@ durant %2$lld segons.";"按住 %1$@ %2$lld 秒。";"Drži %1$@ %2$lld sekundi.";"Podrž %1$@ po dobu %2$lld sekund.";"Hold %1$@ nede i %2$lld sekunder.";"Hoia %1$@ %2$lld sekundit all.";"Halt %1$@ inni í %2$lld sekund.";"Pidä %1$@ painettuna %2$lld sekuntia.";"Maintiens le %1$@ pendant %2$lld secondes.";"Mantén premido o %1$@ durante %2$lld segundos.";"%1$@-ს %2$lld წამით დააჭირე.";"Halte %1$@ %2$lld Sekunden gedrückt.";"Κράτησε πατημένο το %1$@ για %2$lld δευτερόλεπτα.";"%1$@ ને %2$lld સેકન્ડ દબાવી રાખો.";"החזיקו את ה־%1$@ במשך %2$lld שניות.";"%1$@ को %2$lld सेकंड दबाकर रखें।";"Tartsd nyomva a(z) %1$@ jelet %2$lld másodpercig.";"Haltu %1$@ inni í %2$lld sekúndur.";"Tahan %1$@ selama %2$lld detik.";"Coinnigh an %1$@ síos ar feadh %2$lld soicind.";"Tieni premuto %1$@ per %2$lld secondi.";"%1$@を%2$lld秒間長押ししてください。";"%1$@ ಅನ್ನು %2$lld ಸೆಕೆಂಡ್ ಒತ್ತಿಹಿಡಿ.";"%1$@ белгісін %2$lld секунд басып тұр.";"ចុច %1$@ ឱ្យជាប់ %2$lld វិនាទី។";"%1$@을 %2$lld초 동안 길게 누르세요.";"ກົດ %1$@ ຄ້າງ %2$lld ວິນາທີ.";"Turiet %1$@ nospiestu %2$lld sekundes.";"Palaikyk %1$@ %2$lld sekundes.";"Држи го %1$@ %2$lld секунди.";"Tekan dan tahan %1$@ selama %2$lld saat.";"%1$@ %2$lld സെക്കൻഡ് അമർത്തിപ്പിടിക്കൂ.";"%1$@ ला %2$lld सेकंद दाबून ठेवा.";"%1$@-г %2$lld секунд дар.";"%1$@ लाई %2$lld सेकेन्ड थिचिराख्नुहोस्।";"Hold %1$@ inne i %2$lld sekunder.";"%1$@ କୁ %2$lld ସେକେଣ୍ଡ ଧରି ରଖ।";"%1$@ را %2$lld ثانیه نگه دارید.";"Przytrzymaj %1$@ przez %2$lld sekund.";"Mantém %1$@ premido durante %2$lld segundos.";"%1$@ ਨੂੰ %2$lld ਸਕਿੰਟ ਦਬਾ ਕੇ ਰੱਖੋ।";"Ține apăsat %1$@ timp de %2$lld secunde.";"Удерживайте %1$@ %2$lld секунд.";"Držite %1$@ %2$lld sekundi.";"%1$@ තත්පර %2$lldක් ඔබාගෙන සිටින්න.";"Podrž %1$@ %2$lld sekúnd.";"Drži %1$@ %2$lld sekund.";"Mantén pulsado el %1$@ durante %2$lld segundos.";"Shikilia %1$@ kwa sekunde %2$lld.";"Håll %1$@ intryckt i %2$lld sekunder.";"%1$@ ஐ %2$lld விநாடிகள் அழுத்திப் பிடிக்கவும்.";"%1$@ను %2$lld సెకన్లు నొక్కి పట్టుకోండి.";"กด %1$@ ค้าง %2$lld วินาที";"%1$@ ལ་སྐར་ཆ་ %2$lld མནན་ནས་སྡོད།";"%1$@ şekline %2$lld saniye basılı tut.";"Утримуй %1$@ %2$lld секунд.";"%1$@ کو %2$lld سیکنڈ دبائے رکھیں۔";"%1$@ نى %2$lld سېكۇنت بېسىپ تۇرۇڭ.";"%1$@ ni %2$lld soniya bosib tur.";"Giữ %1$@ trong %2$lld giây.";"Dalia'r %1$@ am %2$lld eiliad.";"Bamba i-%1$@ imizuzwana engu-%2$lld."
"parentGate.holdInstruction %@ %lld";"other";"The adult check shown before a purchase. Written for a grown-up, not a child. COUNTED TEXT — required. The wording for a plural count, and the one used whenever the 'one' row does not apply. Aim for 70 characters or fewer. Keep 1× %lld (a number) and 1× %@ (text substituted at runtime). Several values are substituted, so number them: %1$…, %2$… in whatever order your language reads.";"Hold the %1$@ for %2$lld seconds.";"Houd de %1$@ %2$lld seconden ingedrukt.";"Druk en hou die %1$@ vir %2$lld sekondes.";"Mbaje %1$@ shtypur për %2$lld sekonda.";"%1$@ን ለ%2$lld ሰከንድ ተጭነው ይያዙ።";"اضغط مطولًا على %1$@ لمدة %2$lld ثوانٍ.";"Սեղմած պահեք %1$@-ը %2$lld վայրկյան։";"%1$@টো %2$lld ছেকেণ্ড ধৰি ৰাখা।";"%1$@ üzərində %2$lld saniyə basıb saxla.";"Eduki %1$@ sakatuta %2$lld segundoz.";"Утрымлівай %1$@ %2$lld секунд.";"%1$@-টি %2$lld সেকেন্ড চেপে ধরুন।";"Drži %1$@ %2$lld sekundi.";"Задръж %1$@ за %2$lld секунди.";"%1$@ ကို %2$lld စက္ကန့် ဖိထားပါ။";"Mantén premut el %1$@ durant %2$lld segons.";"按住 %1$@ %2$lld 秒。";"Drži %1$@ %2$lld sekundi.";"Podrž %1$@ po dobu %2$lld sekund.";"Hold %1$@ nede i %2$lld sekunder.";"Hoia %1$@ %2$lld sekundit all.";"Halt %1$@ inni í %2$lld sekund.";"Pidä %1$@ painettuna %2$lld sekuntia.";"Maintiens le %1$@ pendant %2$lld secondes.";"Mantén premido o %1$@ durante %2$lld segundos.";"%1$@-ს %2$lld წამით დააჭირე.";"Halte %1$@ %2$lld Sekunden gedrückt.";"Κράτησε πατημένο το %1$@ για %2$lld δευτερόλεπτα.";"%1$@ ને %2$lld સેકન્ડ દબાવી રાખો.";"החזיקו את ה־%1$@ במשך %2$lld שניות.";"%1$@ को %2$lld सेकंड दबाकर रखें।";"Tartsd nyomva a(z) %1$@ jelet %2$lld másodpercig.";"Haltu %1$@ inni í %2$lld sekúndur.";"Tahan %1$@ selama %2$lld detik.";"Coinnigh an %1$@ síos ar feadh %2$lld soicind.";"Tieni premuto %1$@ per %2$lld secondi.";"%1$@を%2$lld秒間長押ししてください。";"%1$@ ಅನ್ನು %2$lld ಸೆಕೆಂಡ್ ಒತ್ತಿಹಿಡಿ.";"%1$@ белгісін %2$lld секунд басып тұр.";"ចុច %1$@ ឱ្យជាប់ %2$lld វិនាទី។";"%1$@을 %2$lld초 동안 길게 누르세요.";"ກົດ %1$@ ຄ້າງ %2$lld ວິນາທີ.";"Turiet %1$@ nospiestu %2$lld sekundes.";"Palaikyk %1$@ %2$lld sekundes.";"Држи го %1$@ %2$lld секунди.";"Tekan dan tahan %1$@ selama %2$lld saat.";"%1$@ %2$lld സെക്കൻഡ് അമർത്തിപ്പിടിക്കൂ.";"%1$@ ला %2$lld सेकंद दाबून ठेवा.";"%1$@-г %2$lld секунд дар.";"%1$@ लाई %2$lld सेकेन्ड थिचिराख्नुहोस्।";"Hold %1$@ inne i %2$lld sekunder.";"%1$@ କୁ %2$lld ସେକେଣ୍ଡ ଧରି ରଖ।";"%1$@ را %2$lld ثانیه نگه دارید.";"Przytrzymaj %1$@ przez %2$lld sekund.";"Mantém %1$@ premido durante %2$lld segundos.";"%1$@ ਨੂੰ %2$lld ਸਕਿੰਟ ਦਬਾ ਕੇ ਰੱਖੋ।";"Ține apăsat %1$@ timp de %2$lld secunde.";"Удерживайте %1$@ %2$lld секунд.";"Držite %1$@ %2$lld sekundi.";"%1$@ තත්පර %2$lldක් ඔබාගෙන සිටින්න.";"Podrž %1$@ %2$lld sekúnd.";"Drži %1$@ %2$lld sekund.";"Mantén pulsado el %1$@ durante %2$lld segundos.";"Shikilia %1$@ kwa sekunde %2$lld.";"Håll %1$@ intryckt i %2$lld sekunder.";"%1$@ ஐ %2$lld விநாடிகள் அழுத்திப் பிடிக்கவும்.";"%1$@ను %2$lld సెకన్లు నొక్కి పట్టుకోండి.";"กด %1$@ ค้าง %2$lld วินาที";"%1$@ ལ་སྐར་ཆ་ %2$lld མནན་ནས་སྡོད།";"%1$@ şekline %2$lld saniye basılı tut.";"Утримуй %1$@ %2$lld секунд.";"%1$@ کو %2$lld سیکنڈ دبائے رکھیں۔";"%1$@ نى %2$lld سېكۇنت بېسىپ تۇرۇڭ.";"%1$@ ni %2$lld soniya bosib tur.";"Giữ %1$@ trong %2$lld giây.";"Dalia'r %1$@ am %2$lld eiliad.";"Bamba i-%1$@ imizuzwana engu-%2$lld."
"parentGate.holdProgress %lld";"";"The adult check shown before a purchase. Written for a grown-up, not a child. Aim for 70 characters or fewer. Keep 1× %lld (a number).";"Hold: %lld";"Ingedrukt houden: %lld";"Hou: %lld";"Mbaje: %lld";"ይያዙ፦ %lld";"اضغط مطولًا: %lld";"Պահել՝ %lld";"ধৰি ৰাখা: %lld";"Basılı saxla: %lld";"Eduki sakatuta: %lld";"Утрымліваць: %lld";"চেপে ধরুন: %lld";"Drži: %lld";"Задръж: %lld";"ဖိထားရန်: %lld";"Mantén premut: %lld";"按住：%lld";"Drži: %lld";"Podržet: %lld";"Hold: %lld";"Hoia: %lld";"Halt inni: %lld";"Pidä: %lld";"Maintenir : %lld";"Manter: %lld";"დაჭერა: %lld";"Halten: %lld";"Κράτημα: %lld";"દબાવો: %lld";"החזקה: %lld";"दबाएँ: %lld";"Nyomva: %lld";"Halda inni: %lld";"Tahan: %lld";"Coinnigh: %lld";"Premi: %lld";"長押し：%lld";"ಒತ್ತಿಹಿಡಿ: %lld";"Басып тұру: %lld";"ចុចឱ្យជាប់៖ %lld";"길게 누르기: %lld";"ກົດຄ້າງ: %lld";"Turēt: %lld";"Laikyti: %lld";"Држи: %lld";"Tahan: %lld";"അമർത്തിപ്പിടിക്കുക: %lld";"दाबून ठेवा: %lld";"Дарах: %lld";"थिच्नुहोस्: %lld";"Hold: %lld";"ଧରି ରଖ: %lld";"نگه‌دار: %lld";"Przytrzymaj: %lld";"Premir: %lld";"ਦਬਾ ਕੇ ਰੱਖੋ: %lld";"Ține apăsat: %lld";"Удержание: %lld";"Držite: %lld";"ඔබාගෙන සිටින්න: %lld";"Podrž: %lld";"Drži: %lld";"Mantener: %lld";"Shikilia: %lld";"Håll: %lld";"பிடி: %lld";"పట్టుకోండి: %lld";"กดค้าง: %lld";"མནན་ནས་སྡོད། %lld";"Basılı tut: %lld";"Утримувати: %lld";"دبائے رکھیں: %lld";"بېسىپ تۇرۇش: %lld";"Bosib turish: %lld";"Giữ: %lld";"Dal: %lld";"Bamba: %lld"
"parentGate.shape.circle";"";"The adult check shown before a purchase. Written for a grown-up, not a child. Aim for 70 characters or fewer.";"circle";"cirkel";"sirkel";"rrethi";"ክብ";"دائرة";"շրջան";"বৃত্ত";"dairə";"zirkulua";"круг";"বৃত্ত";"krug";"кръг";"စက်ဝိုင်း";"cercle";"圆形";"krug";"kruh";"cirkel";"ring";"sirkul";"ympyrä";"cercle";"círculo";"წრე";"Kreis";"κύκλο";"વર્તુળ";"עיגול";"गोला";"kör";"hringur";"lingkaran";"ciorcal";"cerchio";"まる";"ವೃತ್ತ";"шеңбер";"រង្វង់";"원";"ວົງມົນ";"aplis";"apskritimas";"круг";"bulatan";"വൃത്തം";"वर्तुळ";"дугуй";"वृत्त";"sirkel";"ବୃତ୍ତ";"دایره";"koło";"círculo";"ਗੋਲ";"cerc";"круг";"krug";"වෘත්තය";"kruh";"krog";"círculo";"duara";"cirkel";"வட்டம்";"వృత్తం";"วงกลม";"སྒོར་སྒོར";"daire";"коло";"دائرہ";"چەمبەر";"doira";"hình tròn";"cylch";"indilinga"
"parentGate.shape.diamond";"";"The adult check shown before a purchase. Written for a grown-up, not a child. Aim for 70 characters or fewer.";"diamond";"ruit";"diamant";"rombi";"አልማዝ";"معيّن";"շեղանկյուն";"হীৰা";"romb";"erronboa";"ромб";"হীরা";"romb";"ромб";"စိန်ပုံ";"rombe";"菱形";"romb";"kosočtverec";"diamant";"romb";"diamantur";"vinoneliö";"losange";"rombo";"რომბი";"Raute";"ρόμβο";"હીરો";"מעוין";"हीरा";"rombusz";"tígull";"wajik";"muileata";"rombo";"ひし形";"ವಜ್ರ";"ромб";"រាងពេជ្រ";"마름모";"ຮູບເພັດ";"rombs";"rombas";"ромб";"berlian";"വജ്രം";"हिरा";"ромбо";"हीरा";"diamant";"ହୀରା";"لوزی";"romb";"losango";"ਹੀਰਾ";"romb";"ромб";"romb";"දියමන්තිය";"kosoštvorec";"romb";"rombo";"rombu";"romb";"வைரம்";"వజ్రం";"สี่เหลี่ยมข้าวหลามตัด";"རྡོ་རྗེ";"baklava";"ромб";"ہیرا";"رومب";"romb";"hình thoi";"diemwnt";"idayimane"
"parentGate.shape.heart";"";"The adult check shown before a purchase. Written for a grown-up, not a child. Aim for 70 characters or fewer.";"heart";"hart";"hart";"zemra";"ልብ";"قلب";"սիրտ";"হৃদয়";"ürək";"bihotza";"сэрца";"হৃদয়";"srce";"сърце";"နှလုံး";"cor";"爱心";"srce";"srdce";"hjerte";"süda";"hjarta";"sydän";"cœur";"corazón";"გული";"Herz";"καρδιά";"હૃદય";"לב";"दिल";"szív";"hjarta";"hati";"croí";"cuore";"ハート";"ಹೃದಯ";"жүрек";"បេះដូង";"하트";"ຫົວໃຈ";"sirds";"širdis";"срце";"hati";"ഹൃദയം";"हृदय";"зүрх";"मुटु";"hjerte";"ହୃଦୟ";"قلب";"serce";"coração";"ਦਿਲ";"inimă";"сердце";"srce";"හදවත";"srdce";"srce";"corazón";"moyo";"hjärta";"இதயம்";"గుండె";"หัวใจ";"སྙིང་།";"kalp";"серце";"دل";"يۈرەك";"yurak";"trái tim";"calon";"inhliziyo"
"parentGate.shape.hexagon";"";"The adult check shown before a purchase. Written for a grown-up, not a child. Aim for 70 characters or fewer.";"hexagon";"zeshoek";"seshoek";"gjashtëkëndëshi";"ባለስድስት ጎን";"سداسي";"վեցանկյուն";"ষড়ভুজ";"altıbucaq";"hexagonoa";"шасцівугольнік";"ষড়ভুজ";"šesterokut";"шестоъгълник";"ခြောက်ထောင့်ပုံ";"hexàgon";"六边形";"šesterokut";"šestiúhelník";"sekskant";"kuusnurk";"sekskantur";"kuusikulmio";"hexagone";"hexágono";"ექვსკუთხედი";"Sechseck";"εξάγωνο";"ષટ્કોણ";"משושה";"षट्भुज";"hatszög";"sexhyrningur";"segi enam";"heicseagán";"esagono";"六角形";"ಷಟ್ಕೋನ";"алтыбұрыш";"ឆកោណ";"육각형";"ຫົກຫຼ່ຽມ";"sešstūris";"šešiakampis";"шестоаголник";"heksagon";"ഷട്ഭുജം";"षटकोन";"зургаан өнцөгт";"षट्कोण";"sekskant";"ଷଟ୍‌କୋଣ";"شش‌ضلعی";"sześciokąt";"hexágono";"ਛੇਕੋਣ";"hexagon";"шестиугольник";"šestougao";"ෂඩාස්‍රය";"šesťuholník";"šestkotnik";"hexágono";"pembe sita";"sexhörning";"அறுகோணம்";"షడ్భుజి";"หกเหลี่ยม";"ཟུར་དྲུག";"altıgen";"шестикутник";"شش پہلو";"ئالتە بۇلۇڭ";"olti burchak";"hình lục giác";"hecsagon";"iheksagoni"
"parentGate.shape.plus";"";"The adult check shown before a purchase. Written for a grown-up, not a child. Aim for 70 characters or fewer.";"plus";"plusteken";"plusteken";"plus";"መደመር";"زائد";"գումարման նշան";"যোগ চিহ্ন";"üstəgəl";"plus ikurra";"плюс";"যোগচিহ্ন";"plus";"плюс";"အပေါင်း";"signe més";"加号";"plus";"plus";"plus";"pluss";"pluss";"plusmerkki";"plus";"máis";"პლუსი";"Plus";"συν";"વત્તા";"פלוס";"प्लस";"plusz";"plús";"tanda tambah";"móide";"più";"プラス";"ಪ್ಲಸ್";"қосу";"សញ្ញាបូក";"더하기";"ເຄື່ອງໝາຍບວກ";"pluss";"pliusas";"плус";"tambah";"പ്ലസ്";"अधिक चिन्ह";"нэмэх тэмдэг";"जोड चिन्ह";"pluss";"ଯୋଗ ଚିହ୍ନ";"علامت جمع";"plus";"sinal de mais";"ਜੋੜ ਦਾ ਨਿਸ਼ਾਨ";"plus";"плюс";"plus";"එකතු ලකුණ";"plus";"plus";"más";"jumlisha";"plus";"கூட்டல் குறி";"ప్లస్";"เครื่องหมายบวก";"སྣོན་རྟགས";"artı";"плюс";"جمع";"قوشۇش بەلگىسى";"plyus";"dấu cộng";"plws";"uphawu lokuhlanganisa"
"parentGate.shape.square";"";"The adult check shown before a purchase. Written for a grown-up, not a child. Aim for 70 characters or fewer.";"square";"vierkant";"vierkant";"katrori";"ካሬ";"مربع";"քառակուսի";"বৰ্গ";"kvadrat";"karratua";"квадрат";"বর্গ";"kvadrat";"квадрат";"စတုရန်း";"quadrat";"正方形";"kvadrat";"čtverec";"firkant";"ruut";"fýrkantur";"neliö";"carré";"cadrado";"კვადრატი";"Quadrat";"τετράγωνο";"ચોરસ";"ריבוע";"वर्ग";"négyzet";"ferningur";"persegi";"cearnóg";"quadrato";"四角";"ಚೌಕ";"шаршы";"ការ៉េ";"네모";"ສີ່ຫຼ່ຽມ";"kvadrāts";"kvadratas";"квадрат";"segi empat";"ചതുരം";"चौरस";"дөрвөлжин";"वर्ग";"firkant";"ବର୍ଗ";"مربع";"kwadrat";"quadrado";"ਵਰਗ";"pătrat";"квадрат";"kvadrat";"චතුරස්‍රය";"štvorec";"kvadrat";"cuadrado";"mraba";"fyrkant";"சதுரம்";"చతురస్రం";"สี่เหลี่ยม";"གྲུ་བཞི";"kare";"квадрат";"مربع";"تۆت بۇلۇڭ";"kvadrat";"hình vuông";"sgwâr";"isikwele"
"parentGate.shape.star";"";"The adult check shown before a purchase. Written for a grown-up, not a child. Aim for 70 characters or fewer.";"star";"ster";"ster";"ylli";"ኮከብ";"نجمة";"աստղ";"তৰা";"ulduz";"izarra";"зорка";"তারকা";"zvijezda";"звезда";"ကြယ်";"estrella";"星形";"zvijezda";"hvězda";"stjerne";"täht";"stjørna";"tähti";"étoile";"estrela";"ვარსკვლავი";"Stern";"αστέρι";"તારો";"כוכב";"तारा";"csillag";"stjarna";"bintang";"réalta";"stella";"星";"ನಕ್ಷತ್ರ";"жұлдыз";"ផ្កាយ";"별";"ດາວ";"zvaigzne";"žvaigždė";"ѕвезда";"bintang";"നക്ഷത്രം";"तारा";"од";"तारा";"stjerne";"ତାରା";"ستاره";"gwiazda";"estrela";"ਤਾਰਾ";"stea";"звезда";"zvezda";"තරුව";"hviezda";"zvezda";"estrella";"nyota";"stjärna";"நட்சத்திரம்";"నక్షత్రం";"ดาว";"སྐར་མ";"yıldız";"зірка";"ستارہ";"يۇلتۇز";"yulduz";"ngôi sao";"seren";"inkanyezi"
"parentGate.shape.triangle";"";"The adult check shown before a purchase. Written for a grown-up, not a child. Aim for 70 characters or fewer.";"triangle";"driehoek";"driehoek";"trekëndëshi";"ሦስት ማዕዘን";"مثلث";"եռանկյուն";"ত্ৰিভুজ";"üçbucaq";"triangelua";"трохвугольнік";"ত্রিভুজ";"trokut";"триъгълник";"တြိဂံ";"triangle";"三角形";"trokut";"trojúhelník";"trekant";"kolmnurk";"tríkantur";"kolmio";"triangle";"triángulo";"სამკუთხედი";"Dreieck";"τρίγωνο";"ત્રિકોણ";"משולש";"त्रिभुज";"háromszög";"þríhyrningur";"segitiga";"triantán";"triangolo";"三角";"ತ್ರಿಕೋನ";"үшбұрыш";"ត្រីកោណ";"삼각형";"ສາມຫຼ່ຽມ";"trīsstūris";"trikampis";"триаголник";"segi tiga";"ത്രികോണം";"त्रिकोण";"гурвалжин";"त्रिकोण";"trekant";"ତ୍ରିଭୁଜ";"مثلث";"trójkąt";"triângulo";"ਤਿਕੋਣ";"triunghi";"треугольник";"trougao";"ත්‍රිකෝණය";"trojuholník";"trikotnik";"triángulo";"pembetatu";"triangel";"முக்கோணம்";"త్రిభుజం";"สามเหลี่ยม";"ཟུར་གསུམ";"üçgen";"трикутник";"مثلث";"ئۈچ بۇلۇڭ";"uchburchak";"hình tam giác";"triongl";"unxantathu"
"parentGate.subtitle";"";"The adult check shown before a purchase. Written for a grown-up, not a child. Aim for 153 characters or fewer.";"To protect young players, an adult must complete this check before continuing to the purchase.";"Om jonge spelers te beschermen, moet een volwassene deze controle voltooien voordat de aankoop kan worden voortgezet.";"Om jong spelers te beskerm, moet ’n volwassene dié toets voltooi voordat die aankoop kan voortgaan.";"Për të mbrojtur lojtarët e vegjël, një i rritur duhet ta kryejë këtë kontroll para blerjes.";"ትንንሽ ተጫዋቾችን ለመጠበቅ፣ ወደ ግዢው ከመቀጠል በፊት አንድ አዋቂ ይህን ማረጋገጫ ማጠናቀቅ አለበት።";"لحماية اللاعبين الصغار، يجب أن يُكمل شخص بالغ هذا التحقق قبل متابعة الشراء.";"Փոքրիկ խաղացողներին պաշտպանելու համար մեծահասակը պետք է անցնի այս ստուգումը՝ գնումը շարունակելուց առաջ։";"সৰু খেলুৱৈক সুৰক্ষিত ৰাখিবলৈ ক্ৰয়ৰ আগতে এজন ডাঙৰে এই পৰীক্ষা সম্পূৰ্ণ কৰিব লাগিব।";"Balaca oyunçuları qorumaq üçün alışa davam etməzdən əvvəl bir böyük bu yoxlamanı tamamlamalıdır.";"Jokalari gazteak babesteko, heldu batek egiaztapen hau osatu behar du erosketarekin jarraitu aurretik.";"Каб абараніць юных гульцоў, дарослы павінен прайсці гэтую праверку перад пакупкай.";"ছোট খেলোয়াড়দের সুরক্ষায়, কেনাকাটা চালানোর আগে একজন প্রাপ্তবয়স্ককে এই যাচাই শেষ করতে হবে।";"Radi zaštite mladih igrača, odrasla osoba mora završiti ovu provjeru prije kupovine.";"За да защитим малките играчи, възрастен трябва да премине тази проверка преди покупката.";"ကလေးကစားသမားတွေကို ကာကွယ်ဖို့ ဝယ်ယူမှုမဆက်ခင် လူကြီးတစ်ယောက်က ဒီစစ်ဆေးမှုကို ပြီးအောင်လုပ်ရမယ်။";"Per protegir els jugadors més petits, un adult ha de completar aquesta comprovació abans de continuar amb la compra.";"为了保护小玩家，继续购买前需要一位成年人完成验证。";"Radi zaštite mladih igrača odrasla osoba mora dovršiti ovu provjeru prije nastavka kupnje.";"Kvůli ochraně malých hráčů musí tuto kontrolu před pokračováním k nákupu dokončit dospělý.";"For at beskytte unge spillere skal en voksen gennemføre dette tjek, før købet kan fortsætte.";"Noorte mängijate kaitsmiseks peab täiskasvanu enne ostu jätkamist selle kontrolli läbima.";"Fyri at verja ung spælandi má ein vaksin gera hesa kanningina, áðrenn keypið kann halda fram.";"Nuorten pelaajien suojelemiseksi aikuisen on tehtävä tämä tarkistus ennen ostoksen jatkamista.";"Pour protéger les jeunes joueurs, un adulte doit terminer ce contrôle avant de poursuivre l’achat.";"Para protexer os xogadores máis novos, un adulto debe completar esta comprobación antes de continuar coa compra.";"პატარა მოთამაშეების დასაცავად, ყიდვის გაგრძელებამდე ეს შემოწმება უფროსმა უნდა გაიაროს.";"Zum Schutz junger Spieler muss ein Erwachsener diese Prüfung abschließen, bevor der Kauf fortgesetzt werden kann.";"Για την προστασία των μικρών παικτών, ένας ενήλικας πρέπει να ολοκληρώσει αυτόν τον έλεγχο πριν από την αγορά.";"નાના ખેલાડીઓની સુરક્ષા માટે ખરીદી આગળ વધે તે પહેલાં કોઈ મોટા વ્યક્તિએ આ તપાસ પૂરી કરવી જરૂરી છે.";"כדי להגן על שחקנים צעירים, מבוגר חייב להשלים את הבדיקה לפני המשך הרכישה.";"छोटे खिलाड़ियों की सुरक्षा के लिए, खरीदारी से पहले किसी बड़े को यह जाँच पूरी करनी होगी।";"A fiatal játékosok védelmében egy felnőttnek el kell végeznie ezt az ellenőrzést a vásárlás előtt.";"Til að vernda unga leikmenn þarf fullorðinn að ljúka þessari athugun áður en haldið er áfram í kaup.";"Untuk melindungi pemain cilik, orang dewasa harus menyelesaikan pemeriksaan ini sebelum melanjutkan pembelian.";"Chun imreoirí óga a chosaint, caithfidh duine fásta an tseiceáil seo a dhéanamh sula leanfar leis an gceannach.";"Per proteggere i piccoli giocatori, un adulto deve completare questo controllo prima di continuare con l’acquisto.";"小さなお子さまを守るため、購入に進む前に大人の方がこの確認を行ってください。";"ಚಿಕ್ಕ ಆಟಗಾರರನ್ನು ರಕ್ಷಿಸಲು, ಖರೀದಿಗೆ ಮುಂದುವರಿಯುವ ಮೊದಲು ವಯಸ್ಕರು ಈ ಪರಿಶೀಲನೆಯನ್ನು ಪೂರ್ಣಗೊಳಿಸಬೇಕು.";"Кішкентай ойыншыларды қорғау үшін сатып алуды жалғастырмас бұрын ересек адам осы тексеруден өтуі керек.";"ដើម្បីការពារអ្នកលេងវ័យក្មេង មនុស្សពេញវ័យត្រូវបំពេញការត្រួតពិនិត្យនេះ មុនបន្តទៅការទិញ។";"어린 사용자를 보호하기 위해 구매를 계속하기 전에 어른이 이 확인을 완료해야 해요.";"ເພື່ອປົກປ້ອງຜູ້ຫຼິ້ນເດັກນ້ອຍ ຜູ້ໃຫຍ່ຕ້ອງກວດສອບນີ້ໃຫ້ສຳເລັດກ່ອນຊື້.";"Lai aizsargātu mazos spēlētājus, pirms pirkuma turpināšanas pieaugušajam jāizpilda šī pārbaude.";"Kad apsaugotume mažuosius žaidėjus, prieš tęsiant pirkimą šį patikrinimą turi atlikti suaugusysis.";"За да ги заштитиме младите играчи, возрасен мора да ја заврши оваа проверка пред купувањето.";"Untuk melindungi pemain muda, orang dewasa mesti selesaikan semakan ini sebelum meneruskan pembelian.";"ചെറിയ കളിക്കാരെ സംരക്ഷിക്കാൻ, വാങ്ങലിലേക്ക് പോകുന്നതിന് മുമ്പ് ഒരു മുതിർന്നയാൾ ഈ പരിശോധന പൂർത്തിയാക്കണം.";"लहान खेळाडूंच्या सुरक्षेसाठी, खरेदी सुरू ठेवण्यापूर्वी एखाद्या मोठ्या व्यक्तीने ही तपासणी पूर्ण करावी.";"Бяцхан тоглогчдыг хамгаалахын тулд худалдан авалтаас өмнө насанд хүрсэн хүн энэ шалгалтыг давах ёстой.";"साना खेलाडीको सुरक्षाका लागि, खरिदमा जानुअघि एक वयस्कले यो जाँच पूरा गर्नुपर्छ।";"For å beskytte unge spillere må en voksen fullføre denne kontrollen før kjøpet kan fortsette.";"ଛୋଟ ଖେଳାଳିମାନଙ୍କୁ ସୁରକ୍ଷିତ ରଖିବା ପାଇଁ, କିଣାକୁ ଆଗେଇ ନେବା ପୂର୍ବରୁ ଜଣେ ବୟସ୍କ ଏହି ଯାଞ୍ଚ ପୂରଣ କରିବା ଆବଶ୍ୟକ।";"برای محافظت از بازیکنان خردسال، یک بزرگسال باید پیش از ادامهٔ خرید این بررسی را انجام دهد.";"Aby chronić młodych graczy, przed zakupem osoba dorosła musi przejść tę kontrolę.";"Para proteger os jogadores mais novos, um adulto tem de concluir esta verificação antes de continuar para a compra.";"ਨੰਨੇ ਖਿਡਾਰੀਆਂ ਦੀ ਸੁਰੱਖਿਆ ਲਈ, ਖਰੀਦ ਅੱਗੇ ਵਧਾਉਣ ਤੋਂ ਪਹਿਲਾਂ ਕਿਸੇ ਵੱਡੇ ਨੂੰ ਇਹ ਜਾਂਚ ਪੂਰੀ ਕਰਨੀ ਪਵੇਗੀ।";"Pentru a proteja copiii, un adult trebuie să treacă această verificare înainte de cumpărare.";"Чтобы защитить юных игроков, взрослый должен пройти эту проверку перед покупкой.";"Da bismo zaštitili mlade igrače, odrasla osoba mora da završi ovu proveru pre kupovine.";"කුඩා ක්‍රීඩකයන් ආරක්ෂා කිරීමට, මිලදී ගැනීමට පෙර වැඩිහිටියෙකු මේ පරීක්ෂාව සම්පූර්ණ කළ යුතුය.";"Na ochranu malých hráčov musí dospelý pred pokračovaním k nákupu dokončiť túto kontrolu.";"Za zaščito mladih igralcev mora odrasla oseba pred nadaljevanjem nakupa opraviti to preverjanje.";"Para proteger a los jugadores más pequeños, un adulto debe completar esta comprobación antes de continuar con la compra.";"Ili kuwalinda wachezaji wadogo, mtu mzima lazima akamilishe ukaguzi huu kabla ya kuendelea na ununuzi.";"För att skydda unga spelare måste en vuxen klara kontrollen innan köpet kan fortsätta.";"இளம் வீரர்களைப் பாதுகாக்க, வாங்குவதற்கு முன் ஒரு பெரியவர் இந்தச் சரிபார்ப்பை முடிக்க வேண்டும்.";"చిన్నారులను రక్షించడానికి, కొనుగోలుకు వెళ్లే ముందు ఒక పెద్దవారు ఈ తనిఖీని పూర్తి చేయాలి.";"เพื่อปกป้องผู้เล่นตัวน้อย ผู้ใหญ่ต้องผ่านการตรวจสอบนี้ก่อนซื้อ";"རྩེད་མཁན་ཆུང་ཆུང་སྲུང་བར། ཉོ་བར་མུ་མཐུད་པའི་སྔོན་ལ་མི་རྒན་པ་ཞིག་གིས་ཞིབ་བཤེར་འདི་ཚར་དགོས།";"Küçük oyuncuları korumak için satın alma işlemine geçmeden önce bir yetişkin bu kontrolü tamamlamalıdır.";"Щоб захистити маленьких гравців, дорослий має пройти цю перевірку перед покупкою.";"چھوٹے کھلاڑیوں کی حفاظت کے لیے خریداری جاری رکھنے سے پہلے کسی بالغ کو یہ جانچ مکمل کرنا ہوگی۔";"كىچىك ئوينىغۇچىلارنى قوغداش ئۈچۈن، سېتىۋېلىشنى داۋاملاشتۇرۇشتىن بۇرۇن چوڭ كىشى بۇ تەكشۈرۈشنى تاماملىشى كېرەك.";"Yosh o‘yinchilarni himoya qilish uchun xaridni davom ettirishdan oldin kattalar bu tekshiruvdan o‘tishi kerak.";"Để bảo vệ người chơi nhỏ tuổi, người lớn phải hoàn thành bước kiểm tra này trước khi tiếp tục mua.";"I amddiffyn chwaraewyr ifanc, rhaid i oedolyn gwblhau'r gwiriad hwn cyn parhau at y pryniant.";"Ukuvikela abadlali abancane, umuntu omdala kufanele aqedele lokhu kuhlola ngaphambi kokuqhubeka nokuthenga."
"parentGate.tapInstruction %lld %@";"one";"The adult check shown before a purchase. Written for a grown-up, not a child. COUNTED TEXT — the wording for a count of one. Leave empty if your language words one no differently from the rest. Aim for 70 characters or fewer. Keep 1× %lld (a number) and 1× %@ (text substituted at runtime). Several values are substituted, so number them: %1$…, %2$… in whatever order your language reads.";"Now tap the %2$@ %1$lld time.";"Tik nu %1$lld keer op de %2$@.";"Tik nou %1$lld keer op die %2$@.";"Tani prek %2$@ %1$lld herë.";"አሁን %2$@ን %1$lld ጊዜ ይንኩ።";"اضغط الآن على %2$@ عدد %1$lld مرات.";"Այժմ %2$@-ին հպվեք %1$lld անգամ։";"এতিয়া %2$@টো %1$lld বাৰ টেপ কৰা।";"İndi %2$@ üzərinə %1$lld dəfə toxun.";"Orain, sakatu %2$@ %1$lld aldiz.";"Цяпер націсні %1$lld разоў на %2$@.";"এখন %2$@-টিতে %1$lld বার ট্যাপ করুন।";"Sada dodirni %2$@ %1$lld puta.";"Сега докосни %2$@ %1$lld пъти.";"အခု %2$@ ကို %1$lld ကြိမ် တို့ပါ။";"Ara toca el %2$@ %1$lld vegades.";"现在轻点 %2$@ %1$lld 次。";"Sada dodirni %2$@ %1$lld puta.";"Nyní klepni na %2$@ %1$lldkrát.";"Tryk nu på %2$@ %1$lld gange.";"Puuduta nüüd %2$@ %1$lld korda.";"Trýst nú %1$lld ferðir á %2$@.";"Napauta nyt %2$@ %1$lld kertaa.";"Touche maintenant le %2$@ %1$lld fois.";"Agora toca o %2$@ %1$lld veces.";"ახლა %2$@-ს %1$lld-ჯერ შეეხე.";"Tippe jetzt %1$lld-mal auf %2$@.";"Τώρα πάτησε το %2$@ %1$lld φορές.";"હવે %2$@ પર %1$lld વાર ટેપ કરો.";"עכשיו הקישו על ה־%2$@ ‏%1$lld פעמים.";"अब %2$@ पर %1$lld बार टैप करें।";"Most koppints %1$lld-szer a(z) %2$@ jelre.";"Pikkaðu nú %1$lld sinnum á %2$@.";"Sekarang ketuk %2$@ sebanyak %1$lld kali.";"Anois tapáil an %2$@ %1$lld uair.";"Ora tocca %2$@ %1$lld volte.";"つぎに、%2$@を%1$lld回タップしてください。";"ಈಗ %2$@ ಅನ್ನು %1$lld ಬಾರಿ ತಟ್ಟು.";"Енді %2$@ белгісін %1$lld рет түрт.";"ឥឡូវប៉ះ %2$@ ចំនួន %1$lld ដង។";"이제 %2$@을 %1$lld번 누르세요.";"ຕອນນີ້ແຕະ %2$@ %1$lld ຄັ້ງ.";"Tagad pieskarieties %2$@ %1$lld reizes.";"Dabar bakstelėk %2$@ %1$lld kartus.";"Сега допри го %2$@ %1$lld пати.";"Sekarang ketik %2$@ sebanyak %1$lld kali.";"ഇപ്പോൾ %2$@ %1$lld തവണ തട്ടൂ.";"आता %2$@ वर %1$lld वेळा टॅप करा.";"Одоо %2$@ дээр %1$lld удаа товш.";"अब %2$@ मा %1$lld पटक ट्याप गर्नुहोस्।";"Trykk nå på %2$@ %1$lld ganger.";"ଏବେ %2$@ କୁ %1$lld ଥର ଟ୍ୟାପ୍ କର।";"حالا %1$lld بار روی %2$@ بزنید.";"Teraz stuknij %2$@ %1$lld razy.";"Agora toca em %2$@ %1$lld vezes.";"ਹੁਣ %2$@ ਨੂੰ %1$lld ਵਾਰ ਟੈਪ ਕਰੋ।";"Acum atinge %2$@ de %1$lld ori.";"Теперь нажмите %2$@ %1$lld раз.";"Sada dodirnite %2$@ %1$lld puta.";"දැන් %2$@ %1$lld වරක් තට්ටු කරන්න.";"Teraz %1$lld-krát ťukni na %2$@.";"Zdaj %1$lld-krat tapni %2$@.";"Ahora toca el %2$@ %1$lld veces.";"Sasa gusa %2$@ mara %1$lld.";"Tryck nu på %2$@ %1$lld gånger.";"இப்போது %2$@ ஐ %1$lld முறை தட்டவும்.";"ఇప్పుడు %2$@ను %1$lld సార్లు తాకండి.";"ตอนนี้แตะ %2$@ %1$lld ครั้ง";"ད་ལྟ་ %2$@ ལ་ %1$lld ཐེངས་རེག";"Şimdi %2$@ şekline %1$lld kez dokun.";"Тепер торкнися %2$@ %1$lld разів.";"اب %2$@ کو %1$lld بار ٹیپ کریں۔";"ھازىر %2$@ نى %1$lld قېتىم چېكىڭ.";"Endi %2$@ ni %1$lld marta bos.";"Bây giờ chạm %2$@ %1$lld lần.";"Nawr tapia'r %2$@ %1$lld gwaith.";"Manje thepha i-%2$@ izikhathi ezingu-%1$lld."
"parentGate.tapInstruction %lld %@";"other";"The adult check shown before a purchase. Written for a grown-up, not a child. COUNTED TEXT — required. The wording for a plural count, and the one used whenever the 'one' row does not apply. Aim for 70 characters or fewer. Keep 1× %lld (a number) and 1× %@ (text substituted at runtime). Several values are substituted, so number them: %1$…, %2$… in whatever order your language reads.";"Now tap the %2$@ %1$lld times.";"Tik nu %1$lld keer op de %2$@.";"Tik nou %1$lld keer op die %2$@.";"Tani prek %2$@ %1$lld herë.";"አሁን %2$@ን %1$lld ጊዜ ይንኩ።";"اضغط الآن على %2$@ عدد %1$lld مرات.";"Այժմ %2$@-ին հպվեք %1$lld անգամ։";"এতিয়া %2$@টো %1$lld বাৰ টেপ কৰা।";"İndi %2$@ üzərinə %1$lld dəfə toxun.";"Orain, sakatu %2$@ %1$lld aldiz.";"Цяпер націсні %1$lld разоў на %2$@.";"এখন %2$@-টিতে %1$lld বার ট্যাপ করুন।";"Sada dodirni %2$@ %1$lld puta.";"Сега докосни %2$@ %1$lld пъти.";"အခု %2$@ ကို %1$lld ကြိမ် တို့ပါ။";"Ara toca el %2$@ %1$lld vegades.";"现在轻点 %2$@ %1$lld 次。";"Sada dodirni %2$@ %1$lld puta.";"Nyní klepni na %2$@ %1$lldkrát.";"Tryk nu på %2$@ %1$lld gange.";"Puuduta nüüd %2$@ %1$lld korda.";"Trýst nú %1$lld ferðir á %2$@.";"Napauta nyt %2$@ %1$lld kertaa.";"Touche maintenant le %2$@ %1$lld fois.";"Agora toca o %2$@ %1$lld veces.";"ახლა %2$@-ს %1$lld-ჯერ შეეხე.";"Tippe jetzt %1$lld-mal auf %2$@.";"Τώρα πάτησε το %2$@ %1$lld φορές.";"હવે %2$@ પર %1$lld વાર ટેપ કરો.";"עכשיו הקישו על ה־%2$@ ‏%1$lld פעמים.";"अब %2$@ पर %1$lld बार टैप करें।";"Most koppints %1$lld-szer a(z) %2$@ jelre.";"Pikkaðu nú %1$lld sinnum á %2$@.";"Sekarang ketuk %2$@ sebanyak %1$lld kali.";"Anois tapáil an %2$@ %1$lld uair.";"Ora tocca %2$@ %1$lld volte.";"つぎに、%2$@を%1$lld回タップしてください。";"ಈಗ %2$@ ಅನ್ನು %1$lld ಬಾರಿ ತಟ್ಟು.";"Енді %2$@ белгісін %1$lld рет түрт.";"ឥឡូវប៉ះ %2$@ ចំនួន %1$lld ដង។";"이제 %2$@을 %1$lld번 누르세요.";"ຕອນນີ້ແຕະ %2$@ %1$lld ຄັ້ງ.";"Tagad pieskarieties %2$@ %1$lld reizes.";"Dabar bakstelėk %2$@ %1$lld kartus.";"Сега допри го %2$@ %1$lld пати.";"Sekarang ketik %2$@ sebanyak %1$lld kali.";"ഇപ്പോൾ %2$@ %1$lld തവണ തട്ടൂ.";"आता %2$@ वर %1$lld वेळा टॅप करा.";"Одоо %2$@ дээр %1$lld удаа товш.";"अब %2$@ मा %1$lld पटक ट्याप गर्नुहोस्।";"Trykk nå på %2$@ %1$lld ganger.";"ଏବେ %2$@ କୁ %1$lld ଥର ଟ୍ୟାପ୍ କର।";"حالا %1$lld بار روی %2$@ بزنید.";"Teraz stuknij %2$@ %1$lld razy.";"Agora toca em %2$@ %1$lld vezes.";"ਹੁਣ %2$@ ਨੂੰ %1$lld ਵਾਰ ਟੈਪ ਕਰੋ।";"Acum atinge %2$@ de %1$lld ori.";"Теперь нажмите %2$@ %1$lld раз.";"Sada dodirnite %2$@ %1$lld puta.";"දැන් %2$@ %1$lld වරක් තට්ටු කරන්න.";"Teraz %1$lld-krát ťukni na %2$@.";"Zdaj %1$lld-krat tapni %2$@.";"Ahora toca el %2$@ %1$lld veces.";"Sasa gusa %2$@ mara %1$lld.";"Tryck nu på %2$@ %1$lld gånger.";"இப்போது %2$@ ஐ %1$lld முறை தட்டவும்.";"ఇప్పుడు %2$@ను %1$lld సార్లు తాకండి.";"ตอนนี้แตะ %2$@ %1$lld ครั้ง";"ད་ལྟ་ %2$@ ལ་ %1$lld ཐེངས་རེག";"Şimdi %2$@ şekline %1$lld kez dokun.";"Тепер торкнися %2$@ %1$lld разів.";"اب %2$@ کو %1$lld بار ٹیپ کریں۔";"ھازىر %2$@ نى %1$lld قېتىم چېكىڭ.";"Endi %2$@ ni %1$lld marta bos.";"Bây giờ chạm %2$@ %1$lld lần.";"Nawr tapia'r %2$@ %1$lld gwaith.";"Manje thepha i-%2$@ izikhathi ezingu-%1$lld."
"parentGate.tapProgress %lld %lld";"";"The adult check shown before a purchase. Written for a grown-up, not a child. Aim for 70 characters or fewer. Keep 2× %lld (a number). Several values are substituted, so number them: %1$…, %2$… in whatever order your language reads.";"Taps: %1$lld of %2$lld";"Aantal tikken: %1$lld van %2$lld";"Tikke: %1$lld van %2$lld";"Prekje: %1$lld nga %2$lld";"ንክኪዎች፦ %1$lld ከ%2$lld";"الضغطات: %1$lld من %2$lld";"Հպումներ՝ %1$lld՝ %2$lld-ից";"টেপ: %1$lld ৰ ভিতৰত %2$lld";"Toxunuşlar: %1$lld-dən %2$lld";"Sakatzeak: %1$lld / %2$lld";"Націсканні: %1$lld з %2$lld";"ট্যাপ: %1$lld-এর মধ্যে %2$lld";"Dodiri: %1$lld od %2$lld";"Докосвания: %1$lld от %2$lld";"တို့ချက်: %1$lld မှ %2$lld";"Tocs: %1$lld de %2$lld";"轻点次数：%1$lld/%2$lld";"Dodiri: %1$lld od %2$lld";"Klepnutí: %1$lld z %2$lld";"Tryk: %1$lld af %2$lld";"Puudutusi: %1$lld / %2$lld";"Trýst: %1$lld av %2$lld";"Napautukset: %1$lld/%2$lld";"Touches : %1$lld sur %2$lld";"Toques: %1$lld de %2$lld";"შეხებები: %1$lld / %2$lld";"Tipps: %1$lld von %2$lld";"Πατήματα: %1$lld από %2$lld";"ટેપ: %1$lld માંથી %2$lld";"הקשות: %1$lld מתוך %2$lld";"टैप: %1$lld में से %2$lld";"Koppintások: %1$lld / %2$lld";"Pikk: %1$lld af %2$lld";"Ketukan: %1$lld dari %2$lld";"Tapálacha: %1$lld as %2$lld";"Tocchi: %1$lld su %2$lld";"タップ：%1$lld／%2$lld";"ತಟ್ಟುಗಳು: %2$lldರಲ್ಲಿ %1$lld";"Түртулер: %1$lld / %2$lld";"ចំនួនប៉ះ៖ %1$lld ក្នុងចំណោម %2$lld";"누른 횟수: %1$lld/%2$lld";"ແຕະ: %1$lld ຈາກ %2$lld";"Pieskārieni: %1$lld no %2$lld";"Bakstelėjimai: %1$lld iš %2$lld";"Допири: %1$lld од %2$lld";"Ketikan: %1$lld daripada %2$lld";"തട്ടുകൾ: %1$lldൽ %2$lld";"टॅप: %1$lld पैकी %2$lld";"Товшилт: %1$lld-аас %2$lld";"ट्याप: %1$lld मध्ये %2$lld";"Trykk: %1$lld av %2$lld";"ଟ୍ୟାପ୍: %1$lld ମଧ୍ୟରୁ %2$lld";"تعداد ضربه‌ها: %1$lld از %2$lld";"Stuknięcia: %1$lld z %2$lld";"Toques: %1$lld de %2$lld";"ਟੈਪ: %1$lld ਵਿੱਚੋਂ %2$lld";"Atingeri: %1$lld din %2$lld";"Нажатия: %1$lld из %2$lld";"Dodiri: %1$lld od %2$lld";"තට්ටු: %1$lld න් %2$lld";"Ťuknutia: %1$lld z %2$lld";"Dotiki: %1$lld od %2$lld";"Toques: %1$lld de %2$lld";"Miguso: %1$lld kati ya %2$lld";"Tryck: %1$lld av %2$lld";"தட்டல்கள்: %1$lld / %2$lld";"తాకినవి: %1$lldలో %2$lld";"แตะแล้ว: %1$lld จาก %2$lld";"རེག་པ། %1$lld ནས་ %2$lld";"Dokunma: %1$lld/%2$lld";"Дотики: %1$lld з %2$lld";"ٹیپس: %1$lld از %2$lld";"چېكىش: %1$lld / %2$lld";"Bosishlar: %1$lld tadan %2$lld ta";"Số lần chạm: %1$lld trên %2$lld";"Tapiau: %1$lld o %2$lld";"Ukuthepha: %1$lld kokungu-%2$lld"
"parentGate.title";"";"The adult check shown before a purchase. Written for a grown-up, not a child. Aim for 70 characters or fewer.";"Adult approval required";"Goedkeuring door een volwassene vereist";"Volwassene moet goedkeur";"Duhet miratimi i një të rrituri";"የአዋቂ ፈቃድ ያስፈልጋል";"موافقة شخص بالغ مطلوبة";"Պահանջվում է մեծահասակի հաստատում";"ডাঙৰৰ অনুমোদন লাগিব";"Böyük təsdiqi lazımdır";"Heldu baten baimena behar da";"Патрэбна згода дарослага";"প্রাপ্তবয়স্কের অনুমতি দরকার";"Potrebno odobrenje odrasle osobe";"Нужно е одобрение от възрастен";"လူကြီးအတည်ပြုချက် လိုသည်";"Cal l’aprovació d’un adult";"需要成年人同意";"Potrebno odobrenje odrasle osobe";"Nutné schválení dospělým";"En voksen skal godkende";"Vajalik täiskasvanu kinnitus";"Góðkenning frá vaksnum krevst";"Aikuisen hyväksyntä tarvitaan";"Autorisation d’un adulte requise";"Precísase a aprobación dun adulto";"საჭიროა უფროსის თანხმობა";"Bestätigung eines Erwachsenen nötig";"Χρειάζεται έγκριση ενήλικα";"મોટા વ્યક્તિની મંજૂરી જરૂરી";"נדרש אישור מבוגר";"किसी बड़े की मंज़ूरी चाहिए";"Felnőtt jóváhagyása szükséges";"Samþykki fullorðins þarf";"Perlu persetujuan orang dewasa";"Cead duine fásta de dhíth";"Serve l’approvazione di un adulto";"大人の承認が必要です";"ವಯಸ್ಕರ ಅನುಮತಿ ಅಗತ್ಯ";"Ересек адамның рұқсаты қажет";"ត្រូវការការយល់ព្រមពីមនុស្សពេញវ័យ";"어른의 승인이 필요해요";"ຕ້ອງມີຜູ້ໃຫຍ່ອະນຸມັດ";"Vajadzīgs pieaugušā apstiprinājums";"Reikia suaugusiojo patvirtinimo";"Потребно е одобрение од возрасен";"Kelulusan orang dewasa diperlukan";"മുതിർന്നയാളുടെ അനുമതി വേണം";"मोठ्या व्यक्तीची परवानगी हवी";"Насанд хүрэгчийн зөвшөөрөл хэрэгтэй";"वयस्कको स्वीकृति चाहिन्छ";"Godkjenning fra en voksen kreves";"ବୟସ୍କଙ୍କ ଅନୁମୋଦନ ଆବଶ୍ୟକ";"تأیید بزرگسال لازم است";"Wymagana zgoda dorosłego";"É necessária a aprovação de um adulto";"ਵੱਡੇ ਦੀ ਮਨਜ਼ੂਰੀ ਲੋੜੀਂਦੀ";"Este necesară aprobarea unui adult";"Нужно подтверждение взрослого";"Potrebno je odobrenje odrasle osobe";"වැඩිහිටි අනුමැතිය අවශ්‍යයි";"Potrebné schválenie dospelého";"Potrebna je odobritev odrasle osebe";"Se necesita la aprobación de un adulto";"Idhini ya mtu mzima inahitajika";"En vuxen måste godkänna";"பெரியவர் அனுமதி தேவை";"పెద్దవారి ఆమోదం అవసరం";"ต้องได้รับอนุมัติจากผู้ใหญ่";"མི་རྒན་པའི་ཆོག་མཆན་དགོས།";"Yetişkin onayı gerekli";"Потрібне схвалення дорослого";"بالغ کی منظوری ضروری";"چوڭ كىشىنىڭ تەستىقى كېرەك";"Kattalar tasdig‘i kerak";"Cần người lớn xác nhận";"Angen cymeradwyaeth oedolyn";"Kudingeka imvume yomuntu omdala"
"premium.availableAt %lld";"";"On the premium screen: a title, badge or button. Aim for 39 characters or fewer. Keep 1× %lld (a number). The count is always 500, 1500, 3000 or 5000 (GameConfig.characterUnlockRequirements).";"Available from %lld hoops";"Beschikbaar vanaf %lld hoepels";"Beskikbaar vanaf %lld hoepels";"Në dispozicion nga %lld rrathë";"ከ%lld ቀለበት ጀምሮ ይገኛል";"متاح من %lld حلقة";"Հասանելի է %lld օղակից";"%lld বলয়ৰ পৰা উপলব্ধ";"%lld halqadan etibarən";"%lld uztairekin erabilgarri";"Даступна ад %lld абручоў";"%lld বলয় থেকে পাওয়া যাবে";"Dostupno od %lld obruča";"Достъпно от %lld обръча";"%lld ကွင်းမှ ရနိုင်သည်";"Disponible des de %lld cèrcols";"%lld 个圆环即可获得";"Dostupno od %lld obruča";"Dostupné od %lld obručí";"Tilgængelig fra %lld ringe";"Saadaval alates %lld rõngast";"Tøkt frá %lld ringum";"Saatavilla %lld vanteesta alkaen";"Disponible dès %lld cerceaux";"Dispoñible desde %lld aros";"ხელმისაწვდომია %lld რგოლიდან";"Verfügbar ab %lld Reifen";"Διαθέσιμο από %lld στεφάνια";"%lld વલયથી ઉપલબ્ધ";"זמין מ-%lld חישוקים";"%lld छल्लों से उपलब्ध";"%lld karikától elérhető";"Fæst frá %lld hringjum";"Tersedia mulai %lld simpai";"Ar fáil ó %lld fonsa";"Disponibile da %lld cerchi";"%lld個のフープで利用可能";"%lld ವಲಯಗಳಿಂದ ಲಭ್ಯ";"%lld шеңберден қолжетімді";"អាចប្រើបានពី %lld រង្វង់";"후프 %lld개부터 이용 가능";"ໃຊ້ໄດ້ເມື່ອມີ %lld ວົງ";"Pieejams no %lld riņķiem";"Pasiekiama nuo %lld lankų";"Достапно од %lld обрачи";"Tersedia mulai %lld gelung";"%lld വളയങ്ങളിൽ നിന്ന് ലഭ്യം";"%lld वलयांपासून उपलब्ध";"%lld цагирагтай үед нээгдэнэ";"%lld घेरादेखि उपलब्ध";"Tilgjengelig fra %lld ringer";"%lld ବଳୟରୁ ଉପଲବ୍ଧ";"از %lld حلقه در دسترس";"Dostępne od %lld obręczy";"Disponível a partir de %lld aros";"%lld ਛੱਲਿਆਂ ਤੋਂ ਉਪਲਬਧ";"Disponibil de la %lld cercuri";"Доступно от %lld обручей";"Доступно од %lld обруча";"%lld වළලු සිට ලබාගත හැක";"Dostupné od %lld obručí";"Na voljo od %lld obročev";"Disponible desde %lld aros";"Inapatikana kuanzia vitanzi %lld";"Tillgänglig från %lld ringar";"%lld வளையங்களிலிருந்து கிடைக்கும்";"%lld వలయాల నుంచి అందుబాటులో";"ใช้ได้เมื่อมี %lld ห่วง";"%lld ཨ་ལོང་ནས་ཐོབ་ཐུབ།";"%lld çemberden itibaren";"Доступно від %lld обручів";"%lld حلقوں سے دستیاب";"%lld چەمبەردىن باشلاپ بار";"%lld chambardan boshlab";"Có từ %lld vòng";"Ar gael o %lld cylch";"Kutholakala kusukela ku-%lld amaringi"
"premium.availableFromStart";"";"On the premium screen: a title, badge or button. Aim for 34 characters or fewer.";"Available from the start";"Beschikbaar vanaf de start";"Van die begin af beskikbaar";"I disponueshëm që nga fillimi";"ከመጀመሪያው ይገኛል";"متاح منذ البداية";"Հասանելի է սկզբից";"আৰম্ভণিৰ পৰাই উপলব্ধ";"Əvvəldən əlçatandır";"Hasieratik erabilgarri";"Даступна з самага пачатку";"শুরু থেকেই পাওয়া যাবে";"Dostupno od početka";"Достъпно от самото начало";"အစကတည်းက ရနိုင်သည်";"Disponible des del principi";"从一开始即可使用";"Dostupno od početka";"Dostupné od začátku";"Tilgængelig fra starten";"Kohe algusest saadaval";"Tøkt frá byrjan";"Saatavilla alusta asti";"Disponible dès le début";"Dispoñible desde o inicio";"ხელმისაწვდომია თავიდანვე";"Von Anfang an verfügbar";"Διαθέσιμο από την αρχή";"શરૂઆતથી ઉપલબ્ધ";"זמין מההתחלה";"शुरू से उपलब्ध";"Kezdettől elérhető";"Í boði frá upphafi";"Tersedia sejak awal";"Ar fáil ón tús";"Disponibile dall’inizio";"最初から使用可能";"ಆರಂಭದಿಂದಲೇ ಲಭ್ಯ";"Басынан бастап қолжетімді";"មានតាំងពីដំបូង";"처음부터 사용 가능";"ມີໃຫ້ໃຊ້ຕັ້ງແຕ່ເລີ່ມ";"Pieejams jau no sākuma";"Pasiekiama nuo pradžių";"Достапно од почеток";"Tersedia sejak mula";"തുടക്കം മുതൽ ലഭ്യം";"सुरुवातीपासून उपलब्ध";"Эхнээсээ нээлттэй";"सुरुदेखि उपलब्ध";"Tilgjengelig fra starten";"ଆରମ୍ଭରୁ ଉପଲବ୍ଧ";"از ابتدا در دسترس است";"Dostępne od początku";"Disponível desde o início";"ਸ਼ੁਰੂ ਤੋਂ ਉਪਲਬਧ";"Disponibil de la început";"Доступно с самого начала";"Dostupno od početka";"ආරම්භයේ සිට ලබා ගත හැක";"Dostupné od začiatku";"Na voljo od začetka";"Disponible desde el principio";"Inapatikana tangu mwanzo";"Tillgänglig från början";"தொடக்கத்திலிருந்தே கிடைக்கும்";"మొదటి నుంచి అందుబాటులో";"ใช้ได้ตั้งแต่เริ่มต้น";"ཐོག་མ་ནས་སྤྱོད་ཆོག";"Başlangıçtan itibaren kullanılabilir";"Доступно від самого початку";"شروع سے دستیاب";"باشتىنلا ئىشلەتكىلى بولىدۇ";"Boshidan mavjud";"Có thể dùng ngay từ đầu";"Ar gael o’r dechrau";"Kutholakala kusukela ekuqaleni"
"premium.characterUnlocked";"";"On the premium screen: a title, badge or button. Aim for 36 characters or fewer.";"NEW CHARACTER UNLOCKED";"NIEUW KARAKTER VRIJGESPEELD";"NUWE KARAKTER ONTSLUIT";"U ZHBLLOKUA NJË PERSONAZH I RI";"አዲስ ገጸ ባህሪ ተከፍቷል";"تم فتح شخصية جديدة";"ՆՈՐ ԿԵՐՊԱՐԸ ԲԱՑՎԵՑ";"নতুন চৰিত্ৰ খোলা হ’ল";"YENİ PERSONAJ AÇILDI";"PERTSONAIA BERRIA DESBLOKEATU DA";"АДКРЫТЫ НОВЫ ПЕРСАНАЖ";"নতুন চরিত্র আনলক হয়েছে";"NOVI LIK JE OTKLJUČAN";"ОТКЛЮЧЕН Е НОВ ГЕРОЙ";"ဇာတ်ကောင်အသစ် ဖွင့်ပြီးပြီ";"NOU PERSONATGE DESBLOQUEJAT";"已解锁新角色";"NOVI LIK JE OTKLJUČAN";"ODEMČENA NOVÁ POSTAVA";"NY FIGUR LÅST OP";"UUS TEGELANE AVATUD";"NÝGGJUR PERSÓNUR LATIN UPP";"UUSI HAHMO AVATTU";"NOUVEAU PERSONNAGE DÉBLOQUÉ";"NOVO PERSONAXE DESBLOQUEADO";"ახალი პერსონაჟი გაიხსნა";"NEUE FIGUR FREIGESCHALTET";"ΞΕΚΛΕΙΔΩΘΗΚΕ ΝΕΟΣ ΧΑΡΑΚΤΗΡΑΣ";"નવું પાત્ર ખૂલ્યું";"דמות חדשה נפתחה";"नया किरदार अनलॉक हुआ";"ÚJ KARAKTER FELOLDVA";"NÝ PERSÓNA OPNUÐ";"KARAKTER BARU TERBUKA";"CARACHTAR NUA DÍGHLASÁILTE";"NUOVO PERSONAGGIO SBLOCCATO";"新しいキャラクターをアンロック！";"ಹೊಸ ಪಾತ್ರವನ್ನು ತೆರೆಯಲಾಗಿದೆ";"ЖАҢА КЕЙІПКЕР АШЫЛДЫ";"បានដោះសោតួអង្គថ្មី";"새 캐릭터 잠금 해제!";"ປົດລັອກຕົວລະຄອນໃໝ່ແລ້ວ";"ATBLOĶĒTS JAUNS TĒLS";"ATRAKINTAS NAUJAS VEIKĖJAS";"ОТКЛУЧЕН Е НОВ ЛИК";"WATAK BAHARU DIBUKA";"പുതിയ കഥാപാത്രം തുറന്നു";"नवीन पात्र उघडले";"ШИНЭ ДҮР НЭЭГДЛЭЭ";"नयाँ पात्र खुल्यो";"NY FIGUR LÅST OPP";"ନୂଆ ଚରିତ୍ର ଖୋଲିଗଲା";"شخصیت جدید باز شد";"ODBLOKOWANO NOWĄ POSTAĆ";"NOVA PERSONAGEM DESBLOQUEADA";"ਨਵਾਂ ਕਿਰਦਾਰ ਅਨਲੌਕ ਹੋਇਆ";"PERSONAJ NOU DEBLOCAT";"ОТКРЫТ НОВЫЙ ПЕРСОНАЖ";"OTKLjUČAN JE NOVI LIK";"නව චරිතයක් විවෘතයි";"ODOMKNUTÁ NOVÁ POSTAVA";"ODKLENJEN NOV LIK";"NUEVO PERSONAJE DESBLOQUEADO";"MHUSIKA MPYA AMEFUNGULIWA";"NY KARAKTÄR UPPLÅST";"புதிய கதாபாத்திரம் திறக்கப்பட்டது";"కొత్త పాత్ర తెరుచుకుంది";"ปลดล็อกตัวละครใหม่แล้ว";"མི་སྣ་གསར་པ་ཁ་ཕྱེ་ཟིན།";"YENİ KARAKTER AÇILDI";"ВІДКРИТО НОВОГО ПЕРСОНАЖА";"نیا کردار کھل گیا";"يېڭى پېرسوناژ ئېچىلدى";"YANGI QAHRAMON OCHILDI";"ĐÃ MỞ KHÓA NHÂN VẬT MỚI";"CYMERIAD NEWYDD WEDI’I DDATGLOI";"KUVULWE UMLINGISWA OMUSHA"
"premium.earnedCards %lld";"";"On the premium screen: a title, badge or button. Aim for 38 characters or fewer. Keep 1× %lld (a number). The count is always 500, 1500, 3000 or 5000 (GameConfig.characterUnlockRequirements).";"You’ve earned %lld hoops";"Je hebt %lld hoepels verdiend";"Jy het %lld hoepels verdien";"Ke fituar %lld rrathë";"%lld ቀለበት አግኝተሃል";"جمعت %lld حلقة";"Դու վաստակել ես %lld օղակ";"তুমি %lld বলয় অৰ্জন কৰিলা";"%lld halqa qazandın";"%lld uztai irabazi dituzu";"Ты зарабіў %lld абручоў";"তুমি %lld বলয় অর্জন করেছ";"Osvojio/la si %lld obruča";"Спечели %lld обръча";"%lld ကွင်း ရရှိပြီး";"Has guanyat %lld cèrcols";"你已赚得 %lld 个圆环";"Osvojio/la si %lld obruča";"Získal/a jsi %lld obručí";"Du har tjent %lld ringe";"Oled teeninud %lld rõngast";"Tú hevur vunnið %lld ringar";"Olet ansainnut %lld vannetta";"Tu as gagné %lld cerceaux";"Gañaches %lld aros";"შენ მოიპოვე %lld რგოლი";"Du hast %lld Reifen verdient";"Κέρδισες %lld στεφάνια";"તમે %lld વલયો મેળવ્યા";"הרווחת %lld חישוקים";"तुमने %lld छल्ले कमाए";"%lld karikát szereztél";"Þú hefur unnið %lld hringi";"Kamu mendapat %lld simpai";"Tá %lld fonsa tuillte agat";"Hai guadagnato %lld cerchi";"%lld個のフープを獲得";"ನೀನು %lld ವಲಯಗಳನ್ನು ಗಳಿಸಿದ್ದೀಯ";"%lld шеңбер жинадың";"អ្នករកបាន %lld រង្វង់";"후프 %lld개를 모았어요";"ເຈົ້າໄດ້ %lld ວົງ";"Tu nopelnīji %lld riņķus";"Uždirbai %lld lankų";"Освои %lld обрачи";"Kamu memperoleh %lld gelung";"നീ %lld വളയങ്ങൾ നേടി";"तू %lld वलये मिळवलीस";"Чи %lld цагираг авлаа";"तिमीले %lld घेरा कमायौ";"Du har tjent %lld ringer";"ତୁମେ %lld ବଳୟ ଅର୍ଜନ କରିଛ";"%lld حلقه به دست آوردی";"Zdobyto %lld obręczy";"Ganhaste %lld aros";"ਤੁਸੀਂ %lld ਛੱਲੇ ਕਮਾਏ";"Ai câștigat %lld cercuri";"Ты заработал %lld обручей";"Освојио/ла си %lld обруча";"ඔයා %lld වළලු උපයාගත්තා";"Získal/a si %lld obručí";"Prislužil/a si %lld obročev";"Has conseguido %lld aros";"Umepata vitanzi %lld";"Du har tjänat %lld ringar";"நீ %lld வளையங்கள் பெற்றாய்";"నువ్వు %lld వలయాలు సంపాదించావు";"คุณได้ %lld ห่วง";"%lld ཨ་ལོང་ཐོབ་ཟིན།";"%lld çember kazandın";"Ти заробив %lld обручів";"آپ نے %lld حلقے کمائے";"%lld چەمبەر تاپتىڭىز";"Siz %lld chambar yig‘dingiz";"Bạn đã kiếm được %lld vòng";"Rwyt ti wedi ennill %lld cylch";"Uzuze amaringi angu-%lld"
"premium.exclusiveBadge";"";"On the premium screen: a title, badge or button. Aim for 30 characters or fewer.";"Exclusive with Premium";"Exclusief met Premium";"Eksklusief met Premium";"Ekskluziv me Premium";"ለPremium ብቻ";"حصري مع Premium";"Բացառիկ՝ Premium-ով";"কেৱল Premium-ত";"Yalnız Premium ilə";"Premium-ekin esklusiboa";"Эксклюзіўна з Premium";"শুধু Premium-এ";"Ekskluzivno uz Premium";"Ексклузивно с Premium";"Premium အတွက်သာ";"Exclusiu amb Premium";"Premium 专属";"Ekskluzivno uz Premium";"Exkluzivně s Premium";"Eksklusiv med Premium";"Ainult Premiumiga";"Bert við Premium";"Vain Premiumilla";"Exclusif avec Premium";"Exclusivo con Premium";"მხოლოდ Premium-ით";"Exklusiv mit Premium";"Αποκλειστικά με Premium";"ફક્ત Premium સાથે";"בלעדי עם Premium";"सिर्फ़ Premium के साथ";"Kizárólag Premiummal";"Aðeins með Premium";"Eksklusif dengan Premium";"Eisiach le Préimh";"Esclusivo con Premium";"プレミアム限定";"Premium ಜೊತೆಗೆ ಮಾತ್ರ";"Тек Premium арқылы";"ផ្តាច់មុខជាមួយ Premium";"프리미엄 전용";"ສະເພາະ Premium";"Tikai ar Premium";"Tik su Premium";"Ексклузивно со Premium";"Eksklusif dengan Premium";"Premium-ൽ മാത്രം";"फक्त Premium सोबत";"Зөвхөн Premium-д";"Premium मा मात्र";"Eksklusiv med Premium";"କେବଳ Premium ସହିତ";"ویژهٔ Premium";"Tylko z Premium";"Exclusivo com Premium";"ਸਿਰਫ਼ Premium ਨਾਲ";"Exclusiv cu Premium";"Эксклюзивно с Premium";"Ekskluzivno uz Premium";"Premium සමඟ පමණි";"Exkluzívne s Premium";"Ekskluzivno s Premiumom";"Exclusivo con Premium";"Kwa Premium pekee";"Exklusiv med Premium";"பிரீமியத்தில் மட்டும்";"ప్రీమియంతో మాత్రమే";"เฉพาะ Premium";"Premium ཁོ་ནར་ཡོད།";"Yalnızca Premium ile";"Ексклюзивно з Premium";"صرف Premium کے ساتھ";"پەقەت Premium بىلەن";"Faqat Premium bilan";"Độc quyền với Premium";"Yn unigryw gyda Premiwm";"Okwe-Premium kuphela"
"premium.feature.animals.subtitle";"";"The explanation under a premium feature. Aim for 65 characters or fewer.";"With premium you play freely with all 10 animals.";"Met premium speel je vrij met alle 10 de dieren.";"Met Premium speel jy vrylik met al 10 diere.";"Me Premium luan lirshëm me të 10 kafshët.";"በፕሪሚየም ከ10ቱም እንስሳት ጋር ያለገደብ ትጫወታለህ።";"مع المميز، يمكنك اللعب بحرية بكل الحيوانات العشرة.";"Պրեմիումով կարող ես ազատ խաղալ բոլոր 10 կենդանիներով։";"প্ৰিমিয়ামত সকলো ১০টা জন্তুৰে মুক্তভাৱে খেলিব পাৰা।";"Premium ilə 10 heyvanın hamısı ilə sərbəst oyna.";"Premium-ekin, libre jokatu dezakezu 10 animaliekin.";"З Прэміум можна свабодна гуляць усімі 10 жывёламі.";"প্রিমিয়ামে ১০টি প্রাণী নিয়েই স্বাধীনভাবে খেলতে পারবে।";"Uz Premium slobodno igraš sa svih 10 životinja.";"С Премиум можеш да играеш свободно с всичките 10 животни.";"Premium နဲ့ တိရစ္ဆာန် ၁၀ ကောင်လုံးကို လွတ်လပ်စွာ ကစားနိုင်တယ်။";"Amb Premium pots jugar lliurement amb els 10 animals.";"高级版可自由使用全部 10 种动物。";"Uz Premium slobodno igraš sa svih 10 životinja.";"S Premium můžeš volně hrát se všemi 10 zvířaty.";"Med Premium kan du frit spille med alle 10 dyr.";"Premiumiga saad vabalt mängida kõigi 10 loomaga.";"Við Premium kanst tú spæla frítt við øllum 10 dýrunum.";"Premiumilla voit pelata vapaasti kaikilla 10 eläimellä.";"Avec Premium, joue librement avec les 10 animaux.";"Con Premium podes xogar libremente cos 10 animais.";"Premium-ით თავისუფლად ითამაშებ ათივე ცხოველით.";"Mit Premium spielst du frei mit allen 10 Tieren.";"Με το Premium παίζεις ελεύθερα και με τα 10 ζωάκια.";"પ્રીમિયમથી તમે બધા 10 પ્રાણીઓ સાથે મનમુકીને રમી શકો.";"עם פרימיום אפשר לשחק בחופשיות עם כל 10 החיות.";"प्रीमियम में सभी 10 जानवरों के साथ खुलकर खेलो।";"Prémiummal mind a 10 állattal szabadon játszhatsz.";"Með Premium geturðu spilað frjálst með öllum 10 dýrunum.";"Dengan Premium, kamu bebas bermain dengan semua 10 hewan.";"Le Préimh, is féidir leat imirt gan srian leis na 10 n-ainmhí.";"Con Premium puoi giocare liberamente con tutti e 10 gli animali.";"プレミアムなら、10ぴきの動物すべてで自由に遊べます。";"ಪ್ರೀಮಿಯಂನಲ್ಲಿ ಎಲ್ಲಾ 10 ಪ್ರಾಣಿಗಳೊಂದಿಗೆ ಮುಕ್ತವಾಗಿ ಆಡು.";"Premium арқылы барлық 10 жануармен еркін ойнайсың.";"ជាមួយព្រីមៀម អ្នកអាចលេងដោយសេរីជាមួយសត្វទាំង 10។";"프리미엄에서는 동물 10마리를 모두 자유롭게 사용할 수 있어요.";"ດ້ວຍພຣີມຽມ ເຈົ້າຫຼິ້ນກັບສັດທັງ 10 ໂຕໄດ້ຢ່າງອິດສະຫຼະ.";"Ar Premium vari brīvi spēlēt ar visiem 10 dzīvniekiem.";"Su Premium gali laisvai žaisti su visais 10 gyvūnų.";"Со Премиум можеш слободно да играш со сите 10 животни.";"Dengan premium, kamu bebas bermain dengan semua 10 haiwan.";"പ്രീമിയത്തിൽ 10 മൃഗങ്ങളുമായും സ്വതന്ത്രമായി കളിക്കാം.";"प्रीमियममध्ये सर्व 10 प्राण्यांसोबत मनसोक्त खेळ.";"Премиумтай бол 10 амьтнаар бүгдээр нь чөлөөтэй тоглоно.";"प्रिमियममा सबै १० जनावरसँग स्वतन्त्र खेल।";"Med Premium kan du spille fritt med alle de 10 dyrene.";"Premium ସହ ସମସ୍ତ 10ଟି ପଶୁ ସହ ମନଭରି ଖେଳ।";"با نسخهٔ ویژه، آزادانه با هر ۱۰ حیوان بازی می‌کنی.";"Z Premium możesz grać wszystkimi 10 zwierzętami.";"Com Premium, podes jogar livremente com os 10 animais.";"ਪ੍ਰੀਮੀਅਮ ਨਾਲ ਸਾਰੇ 10 ਜਾਨਵਰਾਂ ਨਾਲ ਖੁੱਲ੍ਹ ਕੇ ਖੇਡੋ।";"Cu Premium te joci liber cu toate cele 10 animale.";"С Премиумом доступны все 10 животных.";"Uz Premium možeš slobodno da igraš sa svih 10 životinja.";"ප්‍රීමියම් සමඟ සතුන් 10 දෙනාම නිදහසේ භාවිතා කළ හැක.";"S Premium môžeš voľne hrať so všetkými 10 zvieratami.";"S Premiumom se lahko prosto igraš z vsemi 10 živalmi.";"Con Premium puedes jugar libremente con los 10 animales.";"Ukiwa na Premium, unacheza kwa uhuru na wanyama wote 10.";"Spela fritt med alla 10 djur med Premium.";"பிரீமியத்தில் 10 விலங்குகளுடனும் சுதந்திரமாக விளையாடலாம்.";"ప్రీమియంతో మొత్తం 10 జంతువులతో స్వేచ్ఛగా ఆడవచ్చు.";"พรีเมียมให้เล่นกับสัตว์ทั้ง 10 ตัวได้อย่างอิสระ";"Premium ཡོད་ན་སྲོག་ཆགས་10 ཚང་མས་རང་དབང་ངང་རྩེ་ཐུབ།";"Premium ile 10 hayvanın hepsiyle özgürce oynarsın.";"З Преміум можна вільно грати всіма 10 тваринами.";"پریمیم کے ساتھ تمام 10 جانوروں سے آزادانہ کھیلیں۔";"Premium بىلەن 10 ھايۋاننىڭ ھەممىسىنى ئەركىن ئىشلىتەلەيسەن.";"Premium bilan barcha 10 ta hayvon bilan erkin o‘ynaysan.";"Với Premium, bạn được chơi tự do với cả 10 con vật.";"Gyda Premiwm, gelli di chwarae'n rhydd gyda'r 10 anifail.";"Nge-Premium udlala ngokukhululekile ngazo zonke izilwane eziyi-10."
"premium.feature.animals.title";"";"On the premium screen: a title, badge or button. Aim for 30 characters or fewer.";"Access to all animals";"Toegang tot alle dieren";"Toegang tot alle diere";"Të gjitha kafshët";"ሁሉንም እንስሳት ተጠቀም";"كل الحيوانات متاحة";"Բոլոր կենդանիները հասանելի են";"সকলো জন্তু ব্যৱহাৰ";"Bütün heyvanlara giriş";"Animalia guztiak erabilgarri";"Усе жывёлы";"সব প্রাণী ব্যবহার";"Pristup svim životinjama";"Всички животни";"တိရစ္ဆာန်အားလုံး သုံးနိုင်";"Accés a tots els animals";"使用所有动物";"Pristup svim životinjama";"Všechna zvířata";"Adgang til alle dyr";"Kõik loomad avatud";"Atgongd til øll dýr";"Kaikki eläimet";"Tous les animaux";"Acceso a todos os animais";"ყველა ცხოველი ხელმისაწვდომია";"Alle Tiere verfügbar";"Όλα τα ζωάκια";"બધા પ્રાણીઓ ઉપલબ્ધ";"גישה לכל החיות";"सभी जानवर उपलब्ध";"Minden állat elérhető";"Aðgangur að öllum dýrum";"Akses semua hewan";"Na hainmhithe go léir";"Tutti gli animali";"すべての動物が使える";"ಎಲ್ಲಾ ಪ್ರಾಣಿಗಳಿಗೆ ಪ್ರವೇಶ";"Барлық жануарларға қолжетімділік";"ប្រើសត្វទាំងអស់";"모든 동물 사용";"ເຂົ້າເຖິງສັດທຸກໂຕ";"Visi dzīvnieki pieejami";"Visi gyvūnai";"Пристап до сите животни";"Akses semua haiwan";"എല്ലാ മൃഗങ്ങളും ലഭ്യം";"सर्व प्राणी उपलब्ध";"Бүх амьтныг ашиглах";"सबै जनावर उपलब्ध";"Tilgang til alle dyrene";"ସବୁ ପଶୁ ଖୋଲ";"دسترسی به همهٔ حیوان‌ها";"Wszystkie zwierzęta";"Acesso a todos os animais";"ਸਾਰੇ ਜਾਨਵਰ ਖੋਲ੍ਹੋ";"Acces la toate animalele";"Все животные доступны";"Sve životinje";"සියලු සතුන්ට ප්‍රවේශය";"Všetky zvieratá";"Dostop do vseh živali";"Todos los animales";"Fikia wanyama wote";"Alla djur";"எல்லா விலங்குகளும் கிடைக்கும்";"అన్ని జంతువులు అందుబాటులో";"ใช้สัตว์ได้ทุกตัว";"སྲོག་ཆགས་ཚང་མ་སྤྱོད་ཐུབ།";"Tüm hayvanlara erişim";"Усі тварини доступні";"تمام جانور دستیاب";"بارلىق ھايۋانلار ئېچىلىدۇ";"Barcha hayvonlar ochiq";"Mở khóa mọi con vật";"Mynediad at bob anifail";"Zonke izilwane ziyatholakala"
"premium.feature.levels.subtitle";"";"The explanation under a premium feature. Aim for 65 characters or fewer.";"Always enough new sums to practice.";"Altijd genoeg nieuwe sommen om te oefenen.";"Altyd genoeg nuwe somme om te oefen.";"Gjithmonë detyra të reja për t’u ushtruar.";"ለመለማመድ ሁልጊዜ በቂ አዳዲስ ስሌቶች አሉ።";"مسائل جديدة كافية دائمًا للتمرّن.";"Միշտ կան բավական նոր առաջադրանքներ փորձելու համար։";"অভ্যাসৰ বাবে সদায় নতুন অংক।";"Məşq üçün həmişə yeni misallar var.";"Beti ariketa berri nahikoa praktikatzeko.";"Заўсёды шмат новых прыкладаў для трэніроўкі.";"অনুশীলনের জন্য সব সময় নতুন অঙ্ক থাকবে।";"Uvijek ima dovoljno novih zadataka za vježbu.";"Винаги има достатъчно нови задачи за упражнение.";"လေ့ကျင့်ဖို့ ပုစ္ဆာအသစ်တွေ အမြဲလုံလောက်တယ်။";"Sempre hi ha operacions noves per practicar.";"总有足够的新题可以练习。";"Uvijek dovoljno novih zadataka za vježbu.";"Vždy dost nových příkladů k procvičování.";"Altid masser af nye opgaver at øve.";"Alati piisavalt uusi ülesandeid harjutamiseks.";"Altíð nóg nógv nýggj roknistykki at venja.";"Aina tarpeeksi uusia laskuja harjoiteltavaksi.";"Toujours assez de nouveaux calculs pour t’entraîner.";"Sempre terás contas novas para practicar.";"სავარჯიშოდ ყოველთვის საკმარისი ახალი ამოცანაა.";"Immer genug neue Aufgaben zum Üben.";"Πάντα νέες ασκήσεις για εξάσκηση.";"અભ્યાસ માટે હંમેશા પૂરતા નવા દાખલા.";"תמיד יש מספיק תרגילים חדשים.";"अभ्यास के लिए हमेशा नए सवाल।";"Mindig van elég új feladat a gyakorláshoz.";"Alltaf nóg af nýjum dæmum til að æfa.";"Selalu ada soal baru untuk berlatih.";"Neart suimeanna nua le cleachtadh i gcónaí.";"Sempre tanti nuovi esercizi per allenarti.";"れんしゅうできる新しい問題がいつもたくさん。";"ಅಭ್ಯಾಸಕ್ಕೆ ಯಾವಾಗಲೂ ಸಾಕಷ್ಟು ಹೊಸ ಲೆಕ್ಕಗಳು.";"Жаттығуға әрдайым жаңа есептер жеткілікті.";"តែងតែមានលំហាត់ថ្មីគ្រប់គ្រាន់សម្រាប់ហាត់។";"연습할 새 문제가 항상 충분해요.";"ມີໂຈດໃໝ່ໃຫ້ຝຶກສະເໝີ.";"Vienmēr pietiek jaunu uzdevumu treniņam.";"Visada užteks naujų užduočių mokytis.";"Секогаш има доволно нови задачи за вежбање.";"Sentiasa ada soalan baharu untuk dilatih.";"പരിശീലിക്കാൻ എപ്പോഴും പുതിയ കണക്കുകൾ.";"सरावासाठी नेहमी भरपूर नवीन उदाहरणे.";"Давтах шинэ бодлого үргэлж хангалттай.";"अभ्यासका लागि सधैं नयाँ हिसाब।";"Alltid nok nye oppgaver å øve på.";"ଅଭ୍ୟାସ ପାଇଁ ସବୁବେଳେ ନୂଆ ପ୍ରଶ୍ନ।";"همیشه تمرین‌های تازه برای حل کردن داری.";"Zawsze nowe zadania do ćwiczeń.";"Sempre novas contas para praticar.";"ਅਭਿਆਸ ਲਈ ਹਮੇਸ਼ਾ ਕਾਫ਼ੀ ਨਵੇਂ ਹਿਸਾਬ।";"Mereu exerciții noi pentru exersat.";"Всегда много новых примеров для тренировки.";"Uvek dovoljno novih zadataka za vežbanje.";"පුහුණු වීමට හැමවිටම අලුත් ගණන් ඇති තරම්.";"Vždy dosť nových príkladov na tréning.";"Vedno dovolj novih nalog za vajo.";"Siempre tendrás ejercicios nuevos para practicar.";"Daima kuna hesabu mpya za kutosha kufanya mazoezi.";"99 nivåer per ämne";"பயிற்சிக்கு எப்போதும் புதிய கணக்குகள் இருக்கும்.";"సాధనకు ఎప్పుడూ కొత్త లెక్కలు ఉంటాయి.";"มีโจทย์ใหม่ให้ฝึกเสมอ";"སྦྱོང་རྒྱུའི་རྩིས་གསར་པ་རྟག་ཏུ་འདང་ངེས་ཡོད།";"Çalışmak için her zaman yeterince yeni soru.";"Завжди багато нових завдань для тренування.";"مشق کے لیے ہمیشہ نئے سوال۔";"مەشىق قىلىدىغان يېڭى مەسىلىلەر ھەمىشە يېتەرلىك.";"Mashq qilish uchun doim yangi misollar yetarli.";"Luôn có đủ bài toán mới để luyện tập.";"Digon o symiau newydd i'w hymarfer bob amser.";"Kuhlale kunezibalo ezintsha ezanele zokuzijwayeza."
"premium.feature.levels.title";"";"On the premium screen: a title, badge or button. Aim for 30 characters or fewer.";"99 levels per topic";"99 levels per onderwerp";"99 vlakke per onderwerp";"99 nivele për temë";"በእያንዳንዱ ርዕስ 99 ደረጃዎች";"99 مستوى لكل موضوع";"Յուրաքանչյուր թեմայում՝ 99 մակարդակ";"প্ৰতি বিষয়ত ৯৯টা লেভেল";"Hər mövzuya 99 səviyyə";"99 maila gai bakoitzeko";"99 узроўняў у кожнай тэме";"প্রতি বিষয়ে ৯৯ লেভেল";"99 nivoa po temi";"99 нива на тема";"အကြောင်းအရာတစ်ခုစီ 99 အဆင့်";"99 nivells per tema";"每个主题 99 关";"99 razina po temi";"99 úrovní pro každé téma";"99 baner pr. emne";"99 taset igas teemas";"99 stig í hvørjum evni";"99 tasoa per aihe";"99 niveaux par sujet";"99 niveis por tema";"თითო თემაზე 99 დონე";"99 Levels pro Thema";"99 επίπεδα ανά θέμα";"દરેક વિષયમાં 99 લેવલ";"99 שלבים בכל נושא";"हर विषय में 99 स्तर";"99 szint témánként";"99 borð í hverju efni";"99 level per topik";"99 leibhéal in aghaidh an ábhair";"99 livelli per argomento";"テーマごとに99レベル";"ಪ್ರತಿ ವಿಷಯಕ್ಕೆ 99 ಹಂತಗಳು";"Әр тақырыпқа 99 деңгей";"99 កម្រិតក្នុងមួយប្រធានបទ";"주제마다 99레벨";"99 ດ່ານຕໍ່ຫົວຂໍ້";"99 līmeņi katrā tēmā";"99 lygiai kiekvienai temai";"99 нивоа по тема";"99 tahap setiap topik";"ഓരോ വിഷയത്തിനും 99 ലെവലുകൾ";"प्रत्येक विषयाला 99 स्तर";"Сэдэв бүрд 99 түвшин";"हरेक विषयमा ९९ लेभल";"99 nivåer per emne";"ପ୍ରତ୍ୟେକ ବିଷୟରେ 99 ଲେଭେଲ୍";"۹۹ مرحله برای هر موضوع";"99 poziomów na temat";"99 níveis por tema";"ਹਰ ਵਿਸ਼ੇ ਦੇ 99 ਲੈਵਲ";"99 de niveluri pe subiect";"99 уровней в каждой теме";"99 nivoa po temi";"මාතෘකාවකට මට්ටම් 99ක්";"99 úrovní na tému";"99 stopenj na temo";"99 niveles por tema";"Viwango 99 kwa kila mada";"Alltid nya tal att öva på.";"ஒவ்வொரு தலைப்பிலும் 99 நிலைகள்";"ప్రతి అంశానికి 99 లెవల్‌లు";"หัวข้อละ 99 ด่าน";"བརྗོད་གཞི་རེར་རིམ་པ་99";"Konu başına 99 seviye";"99 рівнів у кожній темі";"بہ موضوع 99 لیولز";"ھەر تېمىدا 99 دەرىجە";"Har mavzuda 99 bosqich";"99 cấp mỗi chủ đề";"99 lefel i bob pwnc";"Amaleveli angu-99 ngesihloko"
"premium.feature.noAds.subtitle";"";"The explanation under a premium feature. Aim for 65 characters or fewer.";"Play completely without interruptions.";"Volledig zonder onderbrekingen spelen.";"Speel heeltemal sonder onderbrekings.";"Luaj pa asnjë ndërprerje.";"ያለምንም መቋረጥ ተጫወት።";"العب بلا أي مقاطعات.";"Խաղա առանց ընդհատումների։";"কোনো বাধা নোহোৱাকৈ খেলা।";"Tamamilə fasiləsiz oyna.";"Jokatu etenik gabe.";"Гуляй без перапынкаў.";"কোনো বাধা ছাড়াই খেলো।";"Igraj bez ikakvih prekida.";"Играй без никакви прекъсвания.";"အနှောင့်အယှက်မရှိ လုံးဝကစားပါ။";"Juga sense cap interrupció.";"畅玩无打扰。";"Igraj bez ikakvih prekida.";"Hraj zcela bez přerušení.";"Spil helt uden afbrydelser.";"Mängi täiesti katkestusteta.";"Spæl heilt uttan órógv.";"Pelaa täysin ilman keskeytyksiä.";"Joue sans aucune interruption.";"Xoga sen interrupcións.";"ითამაშე სრულიად შეუფერხებლად.";"Spiele ganz ohne Unterbrechungen.";"Παίξε χωρίς καμία διακοπή.";"કોઈ વિક્ષેપ વગર રમો.";"שחקו בלי הפרעות.";"बिना रुकावट खेलो।";"Játssz teljesen megszakítás nélkül.";"Spilaðu alveg án truflana.";"Bermain tanpa gangguan.";"Imir gan aon bhriseadh.";"Gioca senza interruzioni.";"じゃまされずにずっと遊べます。";"ಯಾವುದೇ ಅಡ್ಡಿಯಿಲ್ಲದೆ ಆಡು.";"Еш кедергісіз ойна.";"លេងដោយគ្មានការរំខាន។";"방해 없이 마음껏 놀아요.";"ຫຼິ້ນໄດ້ໂດຍບໍ່ຖືກຂັດຈັງຫວະ.";"Spēlē bez pārtraukumiem.";"Žaisk be jokių trukdžių.";"Играј без никакви прекини.";"Main tanpa gangguan.";"തടസ്സങ്ങളില്ലാതെ കളിക്കൂ.";"पूर्णपणे विनाअडथळा खेळ.";"Ямар ч саадгүй тогло.";"बिनारोकावट खेल।";"Spill helt uten avbrytelser.";"ବିନା ବାଧାରେ ଖେଳ।";"کاملاً بدون وقفه بازی کن.";"Graj bez żadnych przerw.";"Joga sem interrupções.";"ਬਿਨਾਂ ਰੁਕਾਵਟ ਦੇ ਖੇਡੋ।";"Joacă-te fără întreruperi.";"Играй без перерывов.";"Igraj bez prekida.";"කිසිදු බාධාවක් නැතිව ක්‍රීඩා කරන්න.";"Hraj úplne bez prerušení.";"Igraj povsem brez prekinitev.";"Juega sin interrupciones.";"Cheza bila kukatizwa kabisa.";"Inga annonser";"இடையூறு இல்லாமல் விளையாடு.";"ఎలాంటి అంతరాయం లేకుండా ఆడు.";"เล่นได้ต่อเนื่องไม่มีสะดุด";"བར་ཆད་མེད་པར་རྩེ།";"Hiç kesinti olmadan oyna.";"Грай без жодних перерв.";"بغیر رکاوٹ کھیلیں۔";"ئۈزۈلمەي ئوينا.";"Hech qanday uzilishsiz o‘yna.";"Chơi hoàn toàn không bị gián đoạn.";"Chwarae heb unrhyw darfu.";"Dlala ngaphandle kweziphazamiso."
"premium.feature.noAds.title";"";"On the premium screen: a title, badge or button. Aim for 30 characters or fewer.";"No ads";"Geen advertenties";"Geen advertensies";"Pa reklama";"ማስታወቂያ የለም";"بلا إعلانات";"Առանց գովազդի";"বিজ্ঞাপন নাই";"Reklamsız";"Iragarkirik gabe";"Без рэкламы";"বিজ্ঞাপন নেই";"Bez oglasa";"Без реклами";"ကြော်ငြာမရှိ";"Sense anuncis";"无广告";"Bez oglasa";"Bez reklam";"Ingen reklamer";"Reklaamideta";"Eingar lýsingar";"Ei mainoksia";"Sans publicité";"Sen anuncios";"რეკლამის გარეშე";"Keine Werbung";"Χωρίς διαφημίσεις";"જાહેરાતો નહીં";"ללא פרסומות";"कोई विज्ञापन नहीं";"Nincsenek reklámok";"Engar auglýsingar";"Tanpa iklan";"Gan fógraí";"Niente pubblicità";"広告なし";"ಜಾಹೀರಾತುಗಳಿಲ್ಲ";"Жарнамасыз";"គ្មានពាណិជ្ជកម្ម";"광고 없음";"ບໍ່ມີໂຄສະນາ";"Bez reklāmām";"Be reklamų";"Без реклами";"Tiada iklan";"പരസ്യങ്ങളില്ല";"जाहिराती नाहीत";"Зар сурталчилгаагүй";"विज्ञापन छैन";"Ingen reklame";"ବିଜ୍ଞାପନ ନାହିଁ";"بدون تبلیغ";"Bez reklam";"Sem anúncios";"ਕੋਈ ਇਸ਼ਤਿਹਾਰ ਨਹੀਂ";"Fără reclame";"Без рекламы";"Bez oglasa";"දැන්වීම් නැහැ";"Bez reklám";"Brez oglasov";"Sin anuncios";"Hakuna matangazo";"Spela helt utan avbrott.";"விளம்பரங்கள் இல்லை";"ప్రకటనలు లేవు";"ไม่มีโฆษณา";"ཁྱབ་བསྒྲགས་མེད།";"Reklamsız";"Без реклами";"اشتہارات نہیں";"ئېلان يوق";"Reklamasiz";"Không quảng cáo";"Dim hysbysebion";"Azikho izikhangiso"
"premium.oneTime";"";"On the premium screen: a title, badge or button. Aim for 51 characters or fewer.";"One-time purchase. Yours forever.";"Eenmalige aankoop. Voor altijd van jou.";"Eenmalige aankoop. Vir altyd joune.";"Një blerje e vetme. E jotja përgjithmonë.";"የአንድ ጊዜ ግዢ። ለዘላለም ያንተ።";"شراء مرة واحدة. لك للأبد.";"Մեկանգամյա գնում։ Ընդմիշտ քոնն է։";"এবাৰ কিনিলেই চিৰদিন তোমাৰ।";"Birdəfəlik alış. Həmişə sənindir.";"Ordainketa bakarra. Betiko zurea.";"Адна пакупка. Назаўсёды тваё.";"একবার কিনলেই চিরদিন তোমার।";"Jednokratna kupovina. Zauvijek tvoje.";"Еднократна покупка. Завинаги твое.";"တစ်ကြိမ်ဝယ်၊ အမြဲပိုင်။";"Compra única. Per sempre teu.";"一次购买，永久拥有。";"Jednokratna kupnja. Zauvijek tvoje.";"Jednorázový nákup. Navždy tvé.";"Engangskøb. Dit for altid.";"Ühekordne ost. Jääb sulle igaveseks.";"Eitt eingangsk keyp. Títt í allar ævir.";"Kertaostos. Omistat sen ikuisesti.";"Un seul achat. À toi pour toujours.";"Un único pagamento. Teu para sempre.";"ერთჯერადი შეძენა. სამუდამოდ შენია.";"Einmal kaufen. Für immer deins.";"Μία αγορά. Δικό σου για πάντα.";"એક વખતની ખરીદી. હંમેશા તમારી.";"רכישה חד־פעמית. שלכם לתמיד.";"एक बार खरीदें। हमेशा आपका।";"Egyszeri vásárlás. Örökre a tiéd.";"Eingreiðsla. Þitt að eilífu.";"Sekali beli. Milikmu selamanya.";"Ceannach aonuaire. Is leatsa go deo é.";"Acquisto unico. Tuo per sempre.";"一度買えば、ずっと使えます。";"ಒಮ್ಮೆ ಖರೀದಿ. ಸದಾಕಾಲ ನಿನ್ನದು.";"Бір рет сатып аласың. Мәңгі сенікі.";"ទិញតែម្តង។ ជារបស់អ្នករហូត។";"한 번만 구매하면 영원히 내 것이에요.";"ຊື້ຄັ້ງດຽວ. ເປັນຂອງເຈົ້າຕະຫຼອດໄປ.";"Vienreizējs pirkums. Tavs uz visiem laikiem.";"Vienkartinis pirkinys. Tavo visam laikui.";"Еднократно купување. Твое засекогаш.";"Beli sekali. Milik kamu selamanya.";"ഒറ്റത്തവണ വാങ്ങൽ. എന്നേക്കും നിന്റേത്.";"एकदाच खरेदी. कायम तुझं.";"Нэг удаагийн худалдан авалт. Үүрд чинийх.";"एकपटकको खरिद। सधैं तिम्रो।";"Engangskjøp. Ditt for alltid.";"ଥରେ କିଣ। ସବୁଦିନ ତୁମର।";"یک‌بار بخر، برای همیشه مال تو.";"Kupujesz raz. Masz na zawsze.";"Compra única. Teu para sempre.";"ਇੱਕ ਵਾਰ ਖਰੀਦੋ। ਹਮੇਸ਼ਾ ਤੁਹਾਡਾ।";"O singură plată. Al tău pentru totdeauna.";"Одна покупка. Навсегда твоё.";"Jedna kupovina. Zauvek tvoje.";"එක් වරක් ගන්න. සදහටම ඔබේ.";"Jednorazový nákup. Navždy tvoje.";"Enkratni nakup. Za vedno tvoje.";"Un solo pago. Tuyo para siempre.";"Nunua mara moja. Ni yako milele.";"Engångsköp. Ditt för alltid.";"ஒருமுறை வாங்கினால் என்றென்றும் உன்னுடையது.";"ఒక్కసారి కొనండి. ఎప్పటికీ మీదే.";"ซื้อครั้งเดียว เป็นของเธอตลอดไป";"ཐེངས་གཅིག་ཉོས། གཏན་དུ་ཁྱེད་ཀྱི་ཡིན།";"Tek seferlik satın alma. Sonsuza kadar senin.";"Одна покупка. Назавжди твоє.";"ایک بار خریدیں۔ ہمیشہ آپ کا۔";"بىر قېتىملىق سېتىۋېلىش. مەڭگۈ سىزنىڭ.";"Bir martalik xarid. Abadiy seniki.";"Mua một lần. Dùng mãi mãi.";"Pryniant unwaith. Yn eiddo i ti am byth.";"Kuthengwa kanye. Kungokwakho phakade."
"premium.restore";"";"On the premium screen: a title, badge or button. Aim for 30 characters or fewer.";"Restore purchases";"Aankopen herstellen";"Herstel aankope";"Rikthe blerjet";"ግዢዎችን መልስ";"استعادة المشتريات";"Վերականգնել գնումները";"ক্ৰয় পুনৰুদ্ধাৰ";"Alışları bərpa et";"Berrezarri erosketak";"Аднавіць пакупкі";"কেনাকাটা পুনরুদ্ধার";"Vrati kupovine";"Възстанови покупките";"ဝယ်ယူမှုများ ပြန်ယူရန်";"Restaura les compres";"恢复购买";"Obnovi kupnje";"Obnovit nákupy";"Gendan køb";"Taasta ostud";"Endurheimta keyp";"Palauta ostokset";"Restaurer les achats";"Restaurar compras";"შეძენების აღდგენა";"Käufe wiederherstellen";"Επαναφορά αγορών";"ખરીદીઓ પાછી મેળવો";"שחזור רכישות";"खरीदारी बहाल करें";"Vásárlások visszaállítása";"Endurheimta kaup";"Pulihkan pembelian";"Athchóirigh ceannacháin";"Ripristina acquisti";"購入を復元";"ಖರೀದಿಗಳನ್ನು ಮರುಸ್ಥಾಪಿಸು";"Сатып алуларды қалпына келтіру";"ស្ដារការទិញ";"구매 복원";"ກູ້ຄືນການຊື້";"Atjaunot pirkumus";"Atkurti pirkinius";"Врати ги купувањата";"Pulihkan pembelian";"വാങ്ങലുകൾ പുനഃസ്ഥാപിക്കൂ";"खरेदी पुन्हा मिळवा";"Худалдан авалтыг сэргээх";"खरिद पुनःस्थापना";"Gjenopprett kjøp";"କିଣା ପୁନରୁଦ୍ଧାର";"بازیابی خریدها";"Przywróć zakupy";"Restaurar compras";"ਖਰੀਦਾਂ ਮੁੜ ਲਵੋ";"Restaurează achizițiile";"Восстановить покупки";"Vrati kupovine";"මිලදී ගැනීම් ප්‍රතිස්ථාපනය කරන්න";"Obnoviť nákupy";"Obnovi nakupe";"Restaurar compras";"Rejesha ununuzi";"Återställ köp";"வாங்கியவற்றை மீட்டெடு";"కొనుగోళ్లను పునరుద్ధరించు";"กู้คืนการซื้อ";"ཉོས་པ་སླར་གསོ";"Satın alımları geri yükle";"Відновити покупки";"خریداریاں بحال کریں";"سېتىۋېلىشنى ئەسلىگە كەلتۈر";"Xaridlarni tiklash";"Khôi phục giao dịch mua";"Adfer pryniannau";"Buyisela okuthengiwe"
"premium.start";"";"On the premium screen: a title, badge or button. Aim for 30 characters or fewer.";"Start";"Start";"Begin";"Fillo";"ጀምር";"ابدأ";"Սկսել";"আৰম্ভ";"Başla";"Hasi";"Пачаць";"শুরু";"Počni";"Старт";"စတင်";"Comença";"开始";"Počni";"Začít";"Start";"Alusta";"Byrja";"Aloita";"Commencer";"Comezar";"დაწყება";"Start";"Έναρξη";"શરૂ કરો";"התחלה";"शुरू करें";"Kezdés";"Byrja";"Mulai";"Tosaigh";"Inizia";"スタート";"ಪ್ರಾರಂಭಿಸಿ";"Бастау";"ចាប់ផ្តើម";"시작";"ເລີ່ມ";"Sākt";"Pradėti";"Почни";"Mula";"തുടങ്ങുക";"सुरू करा";"Эхлэх";"सुरु";"Start";"ଆରମ୍ଭ";"شروع";"Start";"Começar";"ਸ਼ੁਰੂ";"Începe";"Начать";"Počni";"අරඹන්න";"Začať";"Začni";"Empezar";"Anza";"Starta";"தொடங்கு";"మొదలు";"เริ่ม";"འགོ་འཛུགས།";"Başla";"Почати";"شروع";"باشلاش";"Boshlash";"Bắt đầu";"Dechrau";"Qala"
"premium.storeUnavailable";"";"On the premium screen: a title, badge or button. Aim for 80 characters or fewer.";"The store is not available right now. Please try again later.";"De winkel is nu niet beschikbaar. Probeer het later opnieuw.";"Die winkel is nie nou beskikbaar nie. Probeer asseblief later weer.";"Dyqani nuk është i disponueshëm tani. Provo përsëri më vonë.";"መደብሩ አሁን አይገኝም። እባክዎ ቆይተው እንደገና ይሞክሩ።";"المتجر غير متاح الآن. حاول لاحقًا.";"Խանութն այժմ հասանելի չէ։ Փորձեք ավելի ուշ։";"এতিয়া ষ্ট’ৰ উপলব্ধ নহয়। পিছত আকৌ চেষ্টা কৰা।";"Mağaza hazırda əlçatan deyil. Sonra yenidən cəhd et.";"Denda ez dago erabilgarri orain. Saiatu berriro geroago.";"Крама зараз недаступная. Паспрабуй пазней.";"স্টোর এখন পাওয়া যাচ্ছে না। পরে আবার চেষ্টা করুন।";"Prodavnica trenutno nije dostupna. Pokušaj ponovo kasnije.";"Магазинът не е достъпен в момента. Опитай пак по-късно.";"စတိုးကို အခုသုံးမရပါ။ နောက်မှ ထပ်ကြိုးစားပါ။";"La botiga no està disponible ara mateix. Torna-ho a provar més tard.";"商店暂时不可用，请稍后再试。";"Trgovina trenutačno nije dostupna. Pokušaj ponovno poslije.";"Obchod teď není dostupný. Zkus to prosím později.";"Butikken er ikke tilgængelig lige nu. Prøv igen senere.";"Pood pole praegu saadaval. Proovi hiljem uuesti.";"Handilin er ikki tøkur beint nú. Royn aftur seinni.";"Kauppa ei ole juuri nyt käytettävissä. Yritä myöhemmin uudelleen.";"La boutique n’est pas disponible pour le moment. Réessaie plus tard.";"A tenda non está dispoñible agora. Téntao de novo máis tarde.";"მაღაზია ახლა მიუწვდომელია. მოგვიანებით სცადე.";"Der Store ist gerade nicht verfügbar. Bitte versuche es später noch einmal.";"Το κατάστημα δεν είναι διαθέσιμο τώρα. Δοκίμασε ξανά αργότερα.";"હમણાં સ્ટોર ઉપલબ્ધ નથી. કૃપા કરીને પછી ફરી પ્રયત્ન કરો.";"החנות אינה זמינה כרגע. נסו שוב מאוחר יותר.";"स्टोर अभी उपलब्ध नहीं है। बाद में फिर कोशिश करें।";"Az áruház most nem érhető el. Próbáld újra később.";"Verslunin er ekki tiltæk núna. Reyndu aftur síðar.";"Toko sedang tidak tersedia. Coba lagi nanti.";"Níl an siopa ar fáil anois. Bain triail eile as ar ball.";"Il negozio non è disponibile ora. Riprova più tardi.";"今はストアを使えません。あとでもう一度お試しください。";"ಅಂಗಡಿ ಈಗ ಲಭ್ಯವಿಲ್ಲ. ನಂತರ ಮತ್ತೆ ಪ್ರಯತ್ನಿಸಿ.";"Дүкен қазір қолжетімсіз. Кейінірек қайталап көр.";"ហាងមិនអាចប្រើបានឥឡូវនេះទេ។ សូមព្យាយាមម្ដងទៀតពេលក្រោយ។";"지금은 스토어를 이용할 수 없어요. 나중에 다시 시도해 주세요.";"ຕອນນີ້ຮ້ານຄ້າບໍ່ພ້ອມ. ກະລຸນາລອງໃໝ່ພາຍຫຼັງ.";"Veikals pašlaik nav pieejams. Lūdzu, mēģini vēlāk.";"Parduotuvė dabar nepasiekiama. Bandyk dar kartą vėliau.";"Продавницата моментално не е достапна. Обиди се повторно подоцна.";"Kedai tidak tersedia sekarang. Cuba lagi nanti.";"സ്റ്റോർ ഇപ്പോൾ ലഭ്യമല്ല. പിന്നീട് വീണ്ടും ശ്രമിക്കൂ.";"स्टोअर सध्या उपलब्ध नाही. कृपया नंतर पुन्हा प्रयत्न करा.";"Дэлгүүр одоогоор ажиллахгүй байна. Дараа дахин оролдоорой.";"अहिले स्टोर उपलब्ध छैन। पछि फेरि प्रयास गर्नुहोस्।";"Butikken er ikke tilgjengelig nå. Prøv igjen senere.";"ଷ୍ଟୋର୍ ଏବେ ଉପଲବ୍ଧ ନାହିଁ। ପରେ ପୁଣି ଚେଷ୍ଟା କର।";"فروشگاه فعلاً در دسترس نیست. بعداً دوباره تلاش کنید.";"Sklep jest teraz niedostępny. Spróbuj ponownie później.";"A loja não está disponível agora. Tenta novamente mais tarde.";"ਸਟੋਰ ਹੁਣ ਉਪਲਬਧ ਨਹੀਂ। ਬਾਅਦ ਵਿੱਚ ਮੁੜ ਕੋਸ਼ਿਸ਼ ਕਰੋ।";"Magazinul nu este disponibil acum. Încearcă din nou mai târziu.";"Магазин сейчас недоступен. Попробуйте позже.";"Prodavnica trenutno nije dostupna. Pokušaj ponovo kasnije.";"වෙළඳසැල දැන් ලබාගත නොහැක. පසුව නැවත උත්සාහ කරන්න.";"Obchod teraz nie je dostupný. Skús to znova neskôr.";"Trgovina trenutno ni na voljo. Poskusi znova pozneje.";"La tienda no está disponible ahora. Inténtalo de nuevo más tarde.";"Duka halipatikani sasa. Tafadhali jaribu tena baadaye.";"Butiken är inte tillgänglig just nu. Försök igen senare.";"கடை இப்போது கிடைக்கவில்லை. பிறகு மீண்டும் முயற்சி செய்.";"స్టోర్ ఇప్పుడు అందుబాటులో లేదు. తర్వాత మళ్లీ ప్రయత్నించండి.";"ขณะนี้ร้านค้าใช้งานไม่ได้ โปรดลองอีกครั้งภายหลัง";"ད་ལྟ་ཚོང་ཁང་སྤྱོད་མི་ཐུབ། རྗེས་སུ་ཡང་བསྐྱར་ཚོད་ལྟ་བྱོས།";"Mağaza şu anda kullanılamıyor. Lütfen daha sonra tekrar dene.";"Магазин зараз недоступний. Спробуй пізніше.";"اس وقت اسٹور دستیاب نہیں۔ بعد میں دوبارہ کوشش کریں۔";"دۇكان ھازىر ئېچىلمايدۇ. كېيىن قايتا سىناڭ.";"Do‘kon hozir ishlamayapti. Keyinroq yana urinib ko‘r.";"Cửa hàng hiện không khả dụng. Vui lòng thử lại sau.";"Nid yw'r siop ar gael ar hyn o bryd. Rho gynnig arall arni nes ymlaen.";"Isitolo asitholakali manje. Sicela uzame futhi kamuva."
"premium.unlock";"";"On the premium screen: a title, badge or button. Aim for 30 characters or fewer.";"Unlock Premium";"Premium ontgrendelen";"Ontsluit Premium";"Zhblloko Premium";"ፕሪሚየምን ክፈት";"فتح المميز";"Բացել Պրեմիումը";"প্ৰিমিয়াম খোলা";"Premium-u aç";"Desblokeatu Premium";"Адкрыць Прэміум";"প্রিমিয়াম আনলক";"Otključaj Premium";"Отключи Премиум";"Premium ဖွင့်ရန်";"Desbloqueja Premium";"解锁高级版";"Otključaj Premium";"Odemknout Premium";"Lås Premium op";"Ava Premium";"Lat Premium upp";"Avaa Premium";"Débloquer Premium";"Desbloquear Premium";"Premium-ის გახსნა";"Premium freischalten";"Ξεκλείδωσε το Premium";"પ્રીમિયમ ખોલો";"פתיחת פרימיום";"प्रीमियम अनलॉक करें";"Prémium feloldása";"Opna Premium";"Buka Premium";"Díghlasáil Préimh";"Sblocca Premium";"プレミアムを購入";"ಪ್ರೀಮಿಯಂ ತೆರೆಯಿರಿ";"Premium-ды ашу";"ដោះសោព្រីមៀម";"프리미엄 열기";"ປົດລັອກພຣີມຽມ";"Atbloķēt Premium";"Atrakinti Premium";"Отклучи Премиум";"Buka Premium";"പ്രീമിയം തുറക്കൂ";"प्रीमियम उघड";"Премиум нээх";"प्रिमियम खोल";"Lås opp Premium";"Premium ଖୋଲ";"باز کردن نسخهٔ ویژه";"Odblokuj Premium";"Desbloquear Premium";"ਪ੍ਰੀਮੀਅਮ ਖੋਲ੍ਹੋ";"Deblochează Premium";"Открыть Премиум";"Otključaj Premium";"ප්‍රීමියම් විවෘත කරන්න";"Odomknúť Premium";"Odkleni Premium";"Desbloquear Premium";"Fungua Premium";"Lås upp Premium";"பிரீமியத்தைத் திற";"ప్రీమియం తెరువు";"ปลดล็อกพรีเมียม";"Premium ཁ་ཕྱེ";"Premium'u aç";"Відкрити Преміум";"پریمیم کھولیں";"Premium نى ئاچ";"Premiumni ochish";"Mở khóa Premium";"Datgloi Premiwm";"Vula i-Premium"
"premium.unlockedWithPremium";"";"On the premium screen: a title, badge or button. Aim for 32 characters or fewer.";"Unlocked with Premium";"Vrijgespeeld met Premium";"Met Premium ontsluit";"U zhbllokua me Premium";"በPremium ተከፍቷል";"تم فتحه مع Premium";"Բացվեց Premium-ով";"Premium-এৰে খোলা হ’ল";"Premium ilə açıldı";"Premium-ekin desblokeatua";"Адкрыта з Premium";"Premium দিয়ে আনলক হয়েছে";"Otključano uz Premium";"Отключено с Premium";"Premium ဖြင့် ဖွင့်ပြီးပြီ";"Desbloquejat amb Premium";"已通过 Premium 解锁";"Otključano uz Premium";"Odemčeno s Premium";"Låst op med Premium";"Premiumiga avatud";"Latið upp við Premium";"Avattu Premiumilla";"Débloqué avec Premium";"Desbloqueado con Premium";"გაიხსნა Premium-ით";"Mit Premium freigeschaltet";"Ξεκλειδώθηκε με Premium";"Premium સાથે ખૂલ્યું";"נפתח עם Premium";"Premium से अनलॉक हुआ";"Premiummal feloldva";"Opnað með Premium";"Terbuka dengan Premium";"Díghlasáilte le Préimh";"Sbloccato con Premium";"プレミアムでアンロック";"Premium ಮೂಲಕ ತೆರೆಯಲಾಗಿದೆ";"Premium арқылы ашылды";"បានដោះសោជាមួយ Premium";"프리미엄으로 잠금 해제";"ປົດລັອກດ້ວຍ Premium";"Atbloķēts ar Premium";"Atrakinta su Premium";"Отклучено со Premium";"Dibuka dengan Premium";"Premium ഉപയോഗിച്ച് തുറന്നു";"Premium ने उघडले";"Premium-аар нээгдсэн";"Premium ले खुल्यो";"Låst opp med Premium";"Premium ସହିତ ଖୋଲିଲା";"با Premium باز شد";"Odblokowano z Premium";"Desbloqueado com Premium";"Premium ਨਾਲ ਅਨਲੌਕ ਹੋਇਆ";"Deblocat cu Premium";"Открыто с Premium";"Otključano uz Premium";"Premium සමඟ විවෘතයි";"Odomknuté s Premium";"Odklenjeno s Premiumom";"Desbloqueado con Premium";"Imefunguliwa kwa Premium";"Upplåst med Premium";"பிரீமியத்தால் திறக்கப்பட்டது";"ప్రీమియంతో తెరుచుకుంది";"ปลดล็อกด้วย Premium";"Premium གྱིས་ཁ་ཕྱེ་ཟིན།";"Premium ile açıldı";"Відкрито з Premium";"Premium کے ساتھ کھلا";"Premium بىلەن ئېچىلدى";"Premium bilan ochildi";"Đã mở khóa bằng Premium";"Wedi’i ddatgloi gyda Premiwm";"Kuvulwe nge-Premium"
"premium.unlockWithPrice %@";"";"On the premium screen: a title, badge or button. Aim for 33 characters or fewer. Keep 1× %@ (text substituted at runtime).";"Unlock Premium · %@";"Premium ontgrendelen · %@";"Ontsluit Premium · %@";"Zhblloko Premium · %@";"ፕሪሚየምን ክፈት · %@";"فتح المميز · %@";"Բացել Պրեմիումը · %@";"প্ৰিমিয়াম খোলা · %@";"Premium-u aç · %@";"Desblokeatu Premium · %@";"Адкрыць Прэміум · %@";"প্রিমিয়াম আনলক · %@";"Otključaj Premium · %@";"Отключи Премиум · %@";"Premium ဖွင့်ရန် · %@";"Desbloqueja Premium · %@";"解锁高级版 · %@";"Otključaj Premium · %@";"Odemknout Premium · %@";"Lås Premium op · %@";"Ava Premium · %@";"Lat Premium upp · %@";"Avaa Premium · %@";"Débloquer Premium · %@";"Desbloquear Premium · %@";"Premium-ის გახსნა · %@";"Premium freischalten · %@";"Ξεκλείδωσε το Premium · %@";"પ્રીમિયમ ખોલો · %@";"פתיחת פרימיום · %@";"प्रीमियम अनलॉक करें · %@";"Prémium feloldása · %@";"Opna Premium · %@";"Buka Premium · %@";"Díghlasáil Préimh · %@";"Sblocca Premium · %@";"プレミアムを購入・%@";"ಪ್ರೀಮಿಯಂ ತೆರೆಯಿರಿ · %@";"Premium-ды ашу · %@";"ដោះសោព្រីមៀម · %@";"프리미엄 열기 · %@";"ປົດລັອກພຣີມຽມ · %@";"Atbloķēt Premium · %@";"Atrakinti Premium · %@";"Отклучи Премиум · %@";"Buka Premium · %@";"പ്രീമിയം തുറക്കൂ · %@";"प्रीमियम उघड · %@";"Премиум нээх · %@";"प्रिमियम खोल · %@";"Lås opp Premium · %@";"Premium ଖୋଲ · %@";"باز کردن نسخهٔ ویژه · %@";"Odblokuj Premium · %@";"Desbloquear Premium · %@";"ਪ੍ਰੀਮੀਅਮ ਖੋਲ੍ਹੋ · %@";"Deblochează Premium · %@";"Открыть Премиум · %@";"Otključaj Premium · %@";"ප්‍රීමියම් විවෘත කරන්න · %@";"Odomknúť Premium · %@";"Odkleni Premium · %@";"Desbloquear Premium · %@";"Fungua Premium · %@";"Lås upp Premium · %@";"பிரீமியத்தைத் திற · %@";"ప్రీమియం తెరువు · %@";"ปลดล็อกพรีเมียม · %@";"Premium ཁ་ཕྱེ · %@";"Premium'u aç · %@";"Відкрити Преміум · %@";"پریمیم کھولیں · %@";"Premium نى ئاچ · %@";"Premiumni ochish · %@";"Mở khóa Premium · %@";"Datgloi Premiwm · %@";"Vula i-Premium · %@"
"result.complete";"";"On the end-of-level card: a title, or a button under it. Aim for 22 characters or fewer.";"Level complete!";"Level afgerond!";"Vlak voltooi!";"Niveli u krye!";"ደረጃው ተጠናቋል!";"اكتمل المستوى!";"Մակարդակն ավարտված է!";"লেভেল শেষ!";"Səviyyə tamamlandı!";"Maila amaituta!";"Узровень пройдзены!";"লেভেল শেষ!";"Nivo završen!";"Нивото е завършено!";"အဆင့်ပြီးပြီ!";"Nivell complet!";"关卡完成！";"Razina gotova!";"Úroveň hotová!";"Niveau klaret!";"Tase läbitud!";"Stigið er liðugt!";"Taso valmis!";"Niveau terminé !";"Nivel completado!";"დონე დასრულებულია!";"Level geschafft!";"Τέλος επιπέδου!";"લેવલ પૂરું!";"השלב הושלם!";"लेवल पूरा!";"Pálya kész!";"Borði lokið!";"Level selesai!";"Leibhéal críochnaithe!";"Livello completato!";"レベルクリア！";"ಹಂತ ಮುಗಿದಿದೆ!";"Деңгей аяқталды!";"លេវែលចប់!";"레벨 완료!";"ຜ່ານດ່ານແລ້ວ!";"Līmenis pabeigts!";"Lygis baigtas!";"Нивото е готово!";"Tahap selesai!";"ലെവൽ പൂർത്തിയായി!";"स्तर पूर्ण!";"Түвшин дууслаа!";"लेभल पूरा!";"Nivå fullført!";"ଲେଭେଲ୍ ସମ୍ପୂର୍ଣ୍ଣ!";"مرحله تمام شد!";"Poziom ukończony!";"Nível concluído!";"ਲੈਵਲ ਪੂਰਾ!";"Nivel terminat!";"Уровень пройден!";"Nivo završen!";"මට්ටම ඉවරයි!";"Úroveň hotová!";"Stopnja končana!";"¡Nivel completado!";"Kiwango kimekamilika!";"Nivån klar!";"நிலை முடிந்தது!";"లెవెల్ పూర్తి!";"ผ่านด่านแล้ว!";"རིམ་པ་ཚར!";"Seviye tamam!";"Рівень пройдено!";"لیول مکمل!";"دەرىجە تامام!";"Bosqich tugadi!";"Hoàn thành màn!";"Lefel wedi’i chwblhau!";"Izinga liphelile!"
"result.stopped";"";"On the end-of-level card: a title, or a button under it. Aim for 22 characters or fewer.";"Paused";"Gepauzeerd";"Gepouseer";"Ndalur";"ቆሟል";"متوقف مؤقتًا";"Դադարեցված";"ৰৈ আছে";"Dayandırılıb";"Pausatuta";"Прыпынена";"থামানো";"Pauzirano";"На пауза";"ခဏရပ်ထားတယ်";"Pausat";"已暂停";"Pauzirano";"Pozastaveno";"Sat på pause";"Pausil";"Steðgað";"Tauolla";"En pause";"En pausa";"შეჩერებულია";"Pausiert";"Σε παύση";"થોભેલું";"מושהה";"रुका हुआ";"Szünetel";"Í bið";"Dijeda";"Ar sos";"In pausa";"一時停止中";"ನಿಲ್ಲಿಸಲಾಗಿದೆ";"Кідіртілді";"បានផ្អាក";"일시정지";"ຢຸດໄວ້";"Apturēts";"Pristabdyta";"Паузирано";"Dijeda";"നിർത്തിവച്ചു";"थांबवले";"Түр зогссон";"रोकिएको";"Pause";"ବିରତିରେ";"متوقف";"Wstrzymano";"Em pausa";"ਰੁਕਿਆ";"În pauză";"Пауза";"Pauzirano";"විරාමයි";"Pozastavené";"Začasno ustavljeno";"En pausa";"Imesitishwa";"Pausad";"நிறுத்தப்பட்டது";"ఆగింది";"พักอยู่";"མཚམས་བཞག";"Duraklatıldı";"Призупинено";"روکا گیا";"توختىتىلدى";"Pauzada";"Tạm dừng";"Wedi oedi";"Kumisiwe"
"settings.character";"";"A row or title in the settings sheet. Aim for 30 characters or fewer.";"Character";"Personage";"Karakter";"Personazhi";"ገጸ ባሕሪ";"الشخصية";"Կերպար";"চৰিত্ৰ";"Personaj";"Pertsonaia";"Герой";"চরিত্র";"Lik";"Герой";"ဇာတ်ကောင်";"Personatge";"角色";"Lik";"Postavička";"Figur";"Tegelane";"Figurur";"Hahmo";"Personnage";"Personaxe";"პერსონაჟი";"Figur";"Χαρακτήρας";"પાત્ર";"דמות";"पात्र";"Figura";"Persóna";"Karakter";"Carachtar";"Personaggio";"キャラクター";"ಪಾತ್ರ";"Кейіпкер";"តួអង្គ";"캐릭터";"ຕົວລະຄອນ";"Tēls";"Veikėjas";"Лик";"Watak";"കഥാപാത്രം";"पात्र";"Дүр";"पात्र";"Figur";"ପାତ୍ର";"شخصیت";"Postać";"Personagem";"ਕਿਰਦਾਰ";"Personaj";"Персонаж";"Lik";"චරිතය";"Postavička";"Junak";"Personaje";"Mhusika";"Figur";"கதாபாத்திரம்";"పాత్ర";"ตัวละคร";"མི་སྣ";"Karakter";"Персонаж";"کردار";"قەھرىمان";"Qahramon";"Nhân vật";"Cymeriad";"Umlingiswa"
"settings.characterInfo";"";"In the settings sheet. The info lines sit under a group and may wrap. Aim for 90 characters or fewer.";"Every animal brings its own color theme to the whole game.";"Elk dier geeft het hele spel zijn eigen kleurenthema.";"Elke dier gee die hele spel sy eie kleurtema.";"Çdo kafshë i jep gjithë lojës temën e vet me ngjyra.";"እያንዳንዱ እንስሳ ለጨዋታው በሙሉ የራሱን የቀለም ገጽታ ያመጣል።";"يمنح كل حيوان اللعبة كلها ألوانه الخاصة.";"Յուրաքանչյուր կենդանի ամբողջ խաղին տալիս է իր գունային ձևավորումը։";"প্ৰতিটো জন্তুৱে গোটেই খেললৈ নিজৰ ৰঙৰ থিম আনে।";"Hər heyvan bütün oyuna öz rəng mövzusunu gətirir.";"Animalia bakoitzak bere kolore-gaia ematen dio joko osoari.";"Кожная жывёла дадае гульні сваю каляровую тэму.";"প্রতিটি প্রাণী পুরো খেলায় নিজের রঙের থিম আনে।";"Svaka životinja daje cijeloj igri svoju temu boja.";"Всяко животно дава своя цветна тема на цялата игра.";"တိရစ္ဆာန်တစ်ကောင်စီက ဂိမ်းတစ်ခုလုံးကို သူ့အရောင်ပုံစံနဲ့ ပြောင်းပေးတယ်။";"Cada animal dona al joc el seu propi tema de colors.";"每种动物都会给整个游戏带来自己的配色。";"Svaka životinja cijeloj igri daje svoju temu boja.";"Každé zvíře přinese celé hře vlastní barevný motiv.";"Hvert dyr giver hele spillet sit eget farvetema.";"Iga loom annab kogu mängule oma värviteema.";"Hvørt dýr gevur øllum spælinum sítt egna litaevni.";"Jokainen eläin tuo koko peliin oman väriteemansa.";"Chaque animal donne son propre thème de couleurs à tout le jeu.";"Cada animal dálle ao xogo o seu propio tema de cores.";"თითოეული ცხოველი მთელ თამაშს საკუთარ ფერთა თემას აძლევს.";"Jedes Tier gibt dem ganzen Spiel sein eigenes Farbthema.";"Κάθε ζωάκι δίνει στο παιχνίδι το δικό του χρωματικό θέμα.";"દરેક પ્રાણી આખી રમતમાં પોતાનો રંગ લાવે છે.";"כל חיה מעניקה למשחק כולו ערכת צבעים משלה.";"हर जानवर पूरे खेल को अपना रंग देता है।";"Minden állat saját színvilágot ad az egész játéknak.";"Hvert dýr gefur öllum leiknum sitt eigið litaþema.";"Setiap hewan memberi tema warna sendiri pada seluruh permainan.";"Tugann gach ainmhí a théama dathanna féin don chluiche ar fad.";"Ogni animale dà a tutto il gioco il proprio tema di colori.";"動物ごとに、ゲーム全体の色テーマが変わります。";"ಪ್ರತಿ ಪ್ರಾಣಿಯೂ ಇಡೀ ಆಟಕ್ಕೆ ತನ್ನದೇ ಬಣ್ಣದ ಥೀಮ್ ನೀಡುತ್ತದೆ.";"Әр жануар бүкіл ойынға өз түс тақырыбын береді.";"សត្វនីមួយៗផ្តល់ពណ៌រចនាប័ទ្មផ្ទាល់ខ្លួនដល់ហ្គេមទាំងមូល។";"동물마다 게임 전체에 자기만의 색 테마를 더해요.";"ສັດແຕ່ລະໂຕມີຊຸດສີຂອງຕົນເອງສຳລັບທັງເກມ.";"Katrs dzīvnieks visai spēlei piešķir savu krāsu motīvu.";"Kiekvienas gyvūnas visam žaidimui suteikia savo spalvų temą.";"Секое животно ѝ дава своја тема со бои на целата игра.";"Setiap haiwan membawa tema warnanya sendiri ke seluruh permainan.";"ഓരോ മൃഗവും കളിക്ക് സ്വന്തം നിറത്തീം നൽകും.";"प्रत्येक प्राणी संपूर्ण खेळाला स्वतःची रंगसंगती देतो.";"Амьтан бүр тоглоомд өөрийн өнгөний загварыг өгнө.";"हरेक जनावरले पूरै खेलमा आफ्नै रङको थिम ल्याउँछ।";"Hvert dyr gir hele spillet sitt eget fargetema.";"ପ୍ରତ୍ୟେକ ପଶୁ ସମ୍ପୂର୍ଣ୍ଣ ଖେଳକୁ ନିଜର ରଙ୍ଗୀନ ଥିମ୍ ଦିଏ।";"هر حیوان، رنگ‌وبوی خودش را به کل بازی می‌دهد.";"Każde zwierzę nadaje całej grze własny motyw kolorystyczny.";"Cada animal dá ao jogo inteiro o seu próprio tema de cores.";"ਹਰ ਜਾਨਵਰ ਪੂਰੀ ਖੇਡ ਲਈ ਆਪਣਾ ਰੰਗੀਨ ਥੀਮ ਲਿਆਉਂਦਾ ਹੈ।";"Fiecare animal aduce propria temă de culori în tot jocul.";"Каждое животное меняет цветовую тему всей игры.";"Svaka životinja daje celoj igri svoju temu boja.";"සෑම සතෙකුම මුළු ක්‍රීඩාවටම තමන්ගේම වර්ණ තේමාවක් දෙයි.";"Každé zviera prinesie do celej hry vlastnú farebnú tému.";"Vsaka žival obarva celotno igro s svojo barvno temo.";"Cada animal da su propio tema de color a todo el juego.";"Kila mnyama huupa mchezo mzima mandhari yake ya rangi.";"Varje djur ger hela spelet sitt eget färgtema.";"ஒவ்வொரு விலங்கும் முழு விளையாட்டிற்கும் தனித்த நிறத் தோற்றத்தைத் தரும்.";"ప్రతి జంతువు ఆట మొత్తానికి తనదైన రంగుల రూపాన్ని ఇస్తుంది.";"สัตว์แต่ละตัวมีธีมสีของตัวเองทั้งเกม";"སྲོག་ཆགས་རེས་རྩེད་མོ་ཧྲིལ་པོར་རང་གི་ཁ་དོག་གི་བཟོ་ལྟ་སྟེར།";"Her hayvan tüm oyuna kendi renk temasını getirir.";"Кожна тварина додає грі власну кольорову тему.";"ہر جانور پورے کھیل کو اپنا رنگین تھیم دیتا ہے۔";"ھەر بىر ھايۋان پۈتۈن ئويۇنغا ئۆزىنىڭ رەڭ ئۇسلۇبىنى بېرىدۇ.";"Har bir hayvon butun o‘yinga o‘z rang mavzusini beradi.";"Mỗi con vật mang một chủ đề màu riêng cho toàn bộ trò chơi.";"Mae pob anifail yn rhoi ei thema liw ei hun i'r gêm gyfan.";"Isilwane ngasinye sinikeza wonke umdlalo imibala yaso."
"settings.customMinutes %lld";"";"A row or title in the settings sheet. Aim for 30 characters or fewer. Keep 1× %lld (a number).";"Custom: %lld min";"Aangepast: %lld min";"Pasgemaak: %lld min";"Personalizuar: %lld min";"ብጁ፦ %lld ደቂቃ";"مخصص: %lld د";"Հատուկ՝ %lld ր";"নিজৰ মতে: %lld মিনিট";"Fərdi: %lld dəq";"Pertsonalizatua: %lld min";"Свая мэта: %lld хв";"নিজের মতো: %lld মিনিট";"Prilagođeno: %lld min";"По избор: %lld мин";"စိတ်ကြိုက်: %lld မိနစ်";"Personalitzat: %lld min";"自定义：%lld 分钟";"Prilagođeno: %lld min";"Vlastní: %lld min";"Tilpasset: %lld min";"Kohandatud: %lld min";"Sersniðið: %lld min";"Oma: %lld min";"Personnalisé : %lld min";"Personalizado: %lld min";"მორგებული: %lld წთ";"Eigene Wahl: %lld Min.";"Προσαρμογή: %lld λεπ.";"તમારી પસંદ: %lld મિનિટ";"מותאם: %lld דק׳";"कस्टम: %lld मिनट";"Egyéni: %lld perc";"Sérsniðið: %lld mín.";"Khusus: %lld mnt";"Saincheaptha: %lld nóim";"Personalizzato: %lld min";"カスタム：%lld分";"ಕಸ್ಟಮ್: %lld ನಿಮಿ";"Өзгеше: %lld мин";"កំណត់ផ្ទាល់៖ %lld នាទី";"사용자 설정: %lld분";"ກຳນົດເອງ: %lld ນາທີ";"Pielāgots: %lld min";"Pasirinkta: %lld min";"Прилагодено: %lld мин";"Tersuai: %lld min";"ഇഷ്ടാനുസരണം: %lld മിനിറ്റ്";"सानुकूल: %lld मि.";"Өөрийн: %lld мин";"आफ्नै: %lld मिनेट";"Egendefinert: %lld min";"ନିଜ ପସନ୍ଦ: %lld ମିନିଟ୍";"دلخواه: %lld دقیقه";"Własny: %lld min";"Personalizado: %lld min";"ਆਪਣਾ: %lld ਮਿੰਟ";"Personalizat: %lld min";"Своё: %lld мин";"Prilagođeno: %lld min";"අභිරුචි: මිනි %lld";"Vlastné: %lld min";"Po meri: %lld min";"Personalizado: %lld min";"Maalum: dakika %lld";"Anpassat: %lld min";"தனிப்பயன்: %lld நிமி";"అనుకూలం: %lld నిమి";"กำหนดเอง: %lld นาที";"རང་སྒྲིག %lld སྐར་མ";"Özel: %lld dk";"Власна ціль: %lld хв";"حسبِ مرضی: %lld منٹ";"ئۆزگىچە: %lld مىن";"Maxsus: %lld daq";"Tùy chỉnh: %lld phút";"Personol: %lld mun";"Okwakho: %lld imin"
"settings.dailyGoal";"";"A row or title in the settings sheet. Aim for 30 characters or fewer.";"Daily goal";"Dagelijks doel";"Daaglikse doel";"Objektivi ditor";"የቀን ግብ";"الهدف اليومي";"Օրական նպատակ";"দৈনিক লক্ষ্য";"Gündəlik hədəf";"Eguneko helburua";"Штодзённая мэта";"দৈনিক লক্ষ্য";"Dnevni cilj";"Дневна цел";"နေ့စဉ်ပန်းတိုင်";"Objectiu diari";"每日目标";"Dnevni cilj";"Denní cíl";"Dagligt mål";"Päevaeesmärk";"Dagligt mál";"Päivätavoite";"Objectif quotidien";"Obxectivo diario";"დღიური მიზანი";"Tagesziel";"Καθημερινός στόχος";"દૈનિક લક્ષ્ય";"יעד יומי";"रोज़ का लक्ष्य";"Napi cél";"Daglegt markmið";"Target harian";"Sprioc laethúil";"Obiettivo giornaliero";"毎日の目標";"ದೈನಂದಿನ ಗುರಿ";"Күндік мақсат";"គោលដៅប្រចាំថ្ងៃ";"매일 목표";"ເປົ້າໝາຍລາຍວັນ";"Dienas mērķis";"Dienos tikslas";"Дневна цел";"Sasaran harian";"ദിവസലക്ഷ്യം";"दररोजचे ध्येय";"Өдрийн зорилго";"दैनिक लक्ष्य";"Daglig mål";"ଦୈନିକ ଲକ୍ଷ୍ୟ";"هدف روزانه";"Cel dzienny";"Meta diária";"ਰੋਜ਼ਾਨਾ ਟੀਚਾ";"Obiectiv zilnic";"Цель на день";"Dnevni cilj";"දිනපතා ඉලක්කය";"Denný cieľ";"Dnevni cilj";"Objetivo diario";"Lengo la kila siku";"Dagsmål";"தினசரி இலக்கு";"రోజువారీ లక్ష్యం";"เป้าหมายรายวัน";"ཉིན་རེའི་དམིགས་ཡུལ";"Günlük hedef";"Щоденна ціль";"روزانہ ہدف";"كۈندىلىك نىشان";"Kunlik maqsad";"Mục tiêu hằng ngày";"Nod dyddiol";"Umgomo wansuku zonke"
"settings.goalInfo";"";"In the settings sheet. The info lines sit under a group and may wrap. Aim for 103 characters or fewer.";"The streak goal starts at 5 minutes per day. Only active playtime counts.";"Het streakdoel begint bij 5 minuten per dag. Alleen actieve speeltijd telt mee.";"Die reeksdoel begin by 5 minute per dag. Net aktiewe speeltyd tel.";"Objektivi i serisë nis me 5 minuta në ditë. Numërohet vetëm koha aktive e lojës.";"የተከታታይ ቀን ግብ በቀን ከ5 ደቂቃ ይጀምራል። የሚቆጠረው ንቁ የጨዋታ ጊዜ ብቻ ነው።";"يبدأ هدف الاستمرار بـ5 دقائق يوميًا. يُحسب وقت اللعب الفعلي فقط.";"Շարքի նպատակը սկսվում է օրական 5 րոպեից։ Հաշվվում է միայն ակտիվ խաղաժամանակը։";"একেৰাহে খেলাৰ লক্ষ্য দিনে ৫ মিনিটৰ পৰা আৰম্ভ। কেৱল সক্ৰিয় খেলৰ সময় গণনা হয়।";"Ardıcıl gün hədəfi gündə 5 dəqiqədən başlayır. Yalnız aktiv oyun vaxtı sayılır.";"Segidaren helburua eguneko 5 minututan hasten da. Jolas-denbora aktiboa bakarrik zenbatzen da.";"Мэта серыі пачынаецца з 5 хвілін штодня. Залічваецца толькі час актыўнай гульні.";"ধারাবাহিকতার লক্ষ্য দিনে ৫ মিনিট থেকে শুরু হয়। শুধু সক্রিয় খেলার সময় গোনা হয়।";"Cilj niza počinje s 5 minuta dnevno. Računa se samo aktivno vrijeme igranja.";"Целта за поредица започва от 5 минути на ден. Брои се само активното време за игра.";"ဆက်တိုက်ပန်းတိုင်က တစ်နေ့ ၅ မိနစ်ကနေ စတယ်။ တကယ်ကစားတဲ့အချိန်ပဲ ရေတွက်မယ်။";"L’objectiu de ratxa comença amb 5 minuts al dia. Només compta el temps de joc actiu.";"连续目标从每天 5 分钟开始。只有实际游戏时间才会计入。";"Cilj niza počinje s 5 minuta dnevno. Broji se samo aktivno vrijeme igranja.";"Cíl série začíná na 5 minutách denně. Počítá se jen aktivní hraní.";"Målet for din serie starter ved 5 minutter om dagen. Kun aktiv spilletid tæller.";"Järjepidevuse eesmärk algab 5 minutist päevas. Arvesse läheb ainult aktiivne mänguaeg.";"Raðmálið byrjar við 5 minuttum um dagin. Bara virkin spælitíð telur.";"Putkitavoite alkaa viidestä minuutista päivässä. Vain aktiivinen peliaika lasketaan.";"L’objectif de série commence à 5 minutes par jour. Seul le temps de jeu actif compte.";"O obxectivo da serie comeza en 5 minutos ao día. Só conta o tempo de xogo activo.";"ზედიზედ დღეების მიზანი დღეში 5 წუთიდან იწყება. ითვლება მხოლოდ აქტიური თამაშის დრო.";"Das Serienstreckenziel beginnt bei 5 Minuten pro Tag. Nur aktive Spielzeit zählt.";"Ο στόχος σερί ξεκινά από 5 λεπτά τη μέρα. Μετρά μόνο ο ενεργός χρόνος παιχνιδιού.";"સળંગ રમવાનું લક્ષ્ય દરરોજ 5 મિનિટથી શરૂ થાય છે. ફક્ત સક્રિય રમતનો સમય ગણાય છે.";"יעד הרצף מתחיל ב־5 דקות ביום. רק זמן משחק פעיל נחשב.";"लगातार खेलने का लक्ष्य रोज़ 5 मिनट से शुरू होता है। केवल खेलने का समय गिना जाता है।";"A sorozat célja napi 5 perccel indul. Csak az aktív játékidő számít.";"Raðmarkmiðið byrjar á 5 mínútum á dag. Aðeins virkur leiktími telst.";"Target rentetan dimulai dari 5 menit per hari. Hanya waktu bermain aktif yang dihitung.";"Tosaíonn sprioc na sraithe ag 5 nóiméad sa lá. Ní áirítear ach am imeartha gníomhach.";"L’obiettivo della serie parte da 5 minuti al giorno. Conta solo il tempo di gioco attivo.";"れんぞく目標は1日5分から。実際に遊んだ時間だけ数えます。";"ಸತತ ಆಟದ ಗುರಿ ದಿನಕ್ಕೆ 5 ನಿಮಿಷದಿಂದ ಆರಂಭವಾಗುತ್ತದೆ. ಸಕ್ರಿಯವಾಗಿ ಆಡಿದ ಸಮಯ ಮಾತ್ರ ಲೆಕ್ಕಕ್ಕೆ ಸೇರುತ್ತದೆ.";"Күндер тізбегінің мақсаты күніне 5 минуттан басталады. Тек белсенді ойын уақыты есептеледі.";"គោលដៅលេងជាប់គ្នាចាប់ផ្តើមពី 5 នាទីក្នុងមួយថ្ងៃ។ រាប់តែពេលលេងសកម្មប៉ុណ្ណោះ។";"연속 목표는 하루 5분부터 시작해요. 실제로 플레이한 시간만 계산돼요.";"ເປົ້າໝາຍຕໍ່ເນື່ອງເລີ່ມທີ່ 5 ນາທີຕໍ່ມື້. ນັບສະເພາະເວລາທີ່ຫຼິ້ນຈິງ.";"Sērijas mērķis sākas ar 5 minūtēm dienā. Skaita tikai aktīvo spēles laiku.";"Dienos serijos tikslas prasideda nuo 5 minučių per dieną. Skaičiuojamas tik aktyvus žaidimo laikas.";"Целта за низа почнува со 5 минути дневно. Се брои само активното играње.";"Sasaran rentetan bermula pada 5 minit sehari. Hanya masa bermain aktif dikira.";"തുടർച്ചാ ലക്ഷ്യം ദിവസം 5 മിനിറ്റിൽ തുടങ്ങും. സജീവമായി കളിച്ച സമയം മാത്രം എണ്ണും.";"सलग खेळण्याचे ध्येय दररोज 5 मिनिटांपासून सुरू होते. फक्त प्रत्यक्ष खेळलेला वेळ मोजला जातो.";"Дарааллын зорилго өдөрт 5 минутаас эхэлнэ. Зөвхөн идэвхтэй тоглосон хугацааг тооцно.";"लगातार खेल्ने लक्ष्य दिनको ५ मिनेटबाट सुरु हुन्छ। सक्रिय खेल समय मात्र गनिन्छ।";"Rekkemålet starter på 5 minutter per dag. Bare aktiv spilletid teller.";"ଲଗାତାର ଖେଳ ଲକ୍ଷ୍ୟ ଦିନକୁ 5 ମିନିଟ୍‌ରୁ ଆରମ୍ଭ ହୁଏ। କେବଳ ସକ୍ରିୟ ଖେଳ ସମୟ ଗଣାଯାଏ।";"هدف زنجیره از روزی ۵ دقیقه شروع می‌شود. فقط زمان بازی فعال حساب می‌شود.";"Cel serii zaczyna się od 5 minut dziennie. Liczy się tylko aktywna gra.";"A meta da sequência começa nos 5 minutos por dia. Só conta o tempo de jogo ativo.";"ਲਗਾਤਾਰ ਖੇਡਣ ਦਾ ਟੀਚਾ ਹਰ ਰੋਜ਼ 5 ਮਿੰਟ ਤੋਂ ਸ਼ੁਰੂ ਹੁੰਦਾ ਹੈ। ਸਿਰਫ਼ ਸਰਗਰਮ ਖੇਡ ਸਮਾਂ ਗਿਣਿਆ ਜਾਂਦਾ ਹੈ।";"Seria începe cu 5 minute pe zi. Contează doar timpul în care te joci.";"Цель серии начинается с 5 минут в день. Учитывается только активное время игры.";"Cilj niza počinje sa 5 minuta dnevno. Računa se samo aktivno vreme igranja.";"අඛණ්ඩ ඉලක්කය දිනකට මිනිත්තු 5කින් පටන් ගනී. ක්‍රියාකාරී ක්‍රීඩා කාලය පමණක් ගණන් වේ.";"Cieľ série začína na 5 minútach denne. Počíta sa iba aktívny čas hrania.";"Cilj niza se začne pri 5 minutah na dan. Šteje le čas aktivnega igranja.";"La racha empieza con 5 minutos al día. Solo cuenta el tiempo de juego activo.";"Lengo la mfululizo huanza na dakika 5 kwa siku. Muda wa kucheza kwa bidii pekee ndio huhesabiwa.";"Svitmålet börjar på 5 minuter per dag. Bara aktiv speltid räknas.";"தொடர் இலக்கு நாளுக்கு 5 நிமிடங்களில் தொடங்கும். விளையாடிய நேரம் மட்டும் கணக்காகும்.";"వరుస లక్ష్యం రోజుకు 5 నిమిషాల నుంచి మొదలవుతుంది. చురుకుగా ఆడిన సమయం మాత్రమే లెక్కలోకి వస్తుంది.";"เป้าหมายต่อเนื่องเริ่มที่วันละ 5 นาที นับเฉพาะเวลาเล่นจริง";"བསྟུད་མར་རྩེ་བའི་དམིགས་ཡུལ་ཉིན་རེར་སྐར་མ་5 ནས་འགོ་འཛུགས། དངོས་སུ་རྩེ་བའི་དུས་ཚོད་ཁོ་ན་བརྩི།";"Seri hedefi günde 5 dakikayla başlar. Yalnızca aktif oyun süresi sayılır.";"Серія починається з 5 хвилин на день. Рахується лише активний час гри.";"مسلسل کھیل کا ہدف روز 5 منٹ سے شروع ہوتا ہے۔ صرف کھیلنے کا اصل وقت گنا جاتا ہے۔";"ئۇدا داۋاملاشتۇرۇش نىشانى كۈنىگە 5 مىنۇتتىن باشلىنىدۇ. پەقەت ئاكتىپ ئوينىغان ۋاقىت ھېسابلىنىدۇ.";"Ketma-ketlik maqsadi kuniga 5 daqiqadan boshlanadi. Faqat faol o‘yin vaqti hisoblanadi.";"Chuỗi ngày bắt đầu với mục tiêu 5 phút mỗi ngày. Chỉ thời gian chơi thực tế được tính.";"Mae nod y gyfres yn dechrau ar 5 munud y dydd. Dim ond amser chwarae gweithredol sy'n cyfrif.";"Umgomo wokulandelana uqala ngemizuzu emi-5 ngosuku. Kubalwa kuphela isikhathi sokudlala ngempela."
"settings.music";"";"A row or title in the settings sheet. Aim for 30 characters or fewer.";"Music";"Muziek";"Musiek";"Muzika";"ሙዚቃ";"الموسيقى";"Երաժշտություն";"সংগীত";"Musiqi";"Musika";"Музыка";"সংগীত";"Muzika";"Музика";"တေးဂီတ";"Música";"音乐";"Glazba";"Hudba";"Musik";"Muusika";"Tónleikur";"Musiikki";"Musique";"Música";"მუსიკა";"Musik";"Μουσική";"સંગીત";"מוזיקה";"संगीत";"Zene";"Tónlist";"Musik";"Ceol";"Musica";"音楽";"ಸಂಗೀತ";"Музыка";"តន្ត្រី";"음악";"ເພງ";"Mūzika";"Muzika";"Музика";"Muzik";"സംഗീതം";"संगीत";"Хөгжим";"संगीत";"Musikk";"ସଙ୍ଗୀତ";"موسیقی";"Muzyka";"Música";"ਸੰਗੀਤ";"Muzică";"Музыка";"Muzika";"සංගීතය";"Hudba";"Glasba";"Música";"Muziki";"Musik";"இசை";"సంగీతం";"เพลง";"རོལ་དབྱངས";"Müzik";"Музика";"موسیقی";"مۇزىكا";"Musiqa";"Nhạc";"Cerddoriaeth";"Umculo"
"settings.playGoals";"";"A row or title in the settings sheet. Aim for 30 characters or fewer.";"Play goals";"Speeldoelen";"Speeldoelwitte";"Objektivat e lojës";"የጨዋታ ግቦች";"أهداف اللعب";"Խաղի նպատակներ";"খেলৰ লক্ষ্য";"Oyun hədəfləri";"Jolas-helburuak";"Мэты гульні";"খেলার লক্ষ্য";"Ciljevi igranja";"Цели за игра";"ကစားချိန်ပန်းတိုင်များ";"Objectius de joc";"游戏目标";"Ciljevi igranja";"Herní cíle";"Spillemål";"Mängueesmärgid";"Spælimál";"Pelitavoitteet";"Objectifs de jeu";"Obxectivos de xogo";"თამაშის მიზნები";"Spielziele";"Στόχοι παιχνιδιού";"રમતના લક્ષ્યો";"יעדי משחק";"खेल लक्ष्य";"Játékcélok";"Spilamarkmið";"Target bermain";"Spriocanna imeartha";"Obiettivi di gioco";"あそぶ目標";"ಆಟದ ಗುರಿಗಳು";"Ойын мақсаттары";"គោលដៅលេង";"놀이 목표";"ເປົ້າໝາຍການຫຼິ້ນ";"Spēles mērķi";"Žaidimo tikslai";"Цели за играње";"Sasaran main";"കളിലക്ഷ്യങ്ങൾ";"खेळाची ध्येये";"Тоглох зорилгууд";"खेल लक्ष्य";"Spillemål";"ଖେଳ ଲକ୍ଷ୍ୟ";"هدف‌های بازی";"Cele gry";"Metas de jogo";"ਖੇਡਣ ਦੇ ਟੀਚੇ";"Obiective de joc";"Цели игры";"Ciljevi igranja";"ක්‍රීඩා ඉලක්ක";"Herné ciele";"Igralni cilji";"Objetivos de juego";"Malengo ya kucheza";"Spelmål";"விளையாட்டு இலக்குகள்";"ఆట లక్ష్యాలు";"เป้าหมายการเล่น";"རྩེད་མོའི་དམིགས་ཡུལ";"Oyun hedefleri";"Ігрові цілі";"کھیل کے اہداف";"ئويۇن نىشانلىرى";"O‘yin maqsadlari";"Mục tiêu chơi";"Nodau chwarae";"Imigomo yokudlala"
"settings.premiumUnlocked";"";"A row or title in the settings sheet. Aim for 38 characters or fewer.";"Premium unlocked. Thank you!";"Premium ontgrendeld. Bedankt!";"Premium ontsluit. Dankie!";"Premium u zhbllokua. Faleminderit!";"ፕሪሚየም ተከፍቷል። እናመሰግናለን!";"تم فتح المميز. شكرًا لك!";"Պրեմիումը բացված է։ Շնորհակալություն։";"প্ৰিমিয়াম খোলা হ’ল। ধন্যবাদ!";"Premium açıldı. Təşəkkürlər!";"Premium desblokeatuta. Eskerrik asko!";"Прэміум адкрыты. Дзякуй!";"প্রিমিয়াম আনলক হয়েছে। ধন্যবাদ!";"Premium je otključan. Hvala!";"Премиум е отключен. Благодарим!";"Premium ဖွင့်ပြီးပြီ။ ကျေးဇူးတင်ပါတယ်!";"Premium desbloquejat. Gràcies!";"高级版已解锁，谢谢！";"Premium je otključan. Hvala!";"Premium odemčeno. Děkujeme!";"Premium er låst op. Tak!";"Premium on avatud. Aitäh!";"Premium er latið upp. Takk!";"Premium avattu. Kiitos!";"Premium débloqué. Merci !";"Premium desbloqueado. Grazas!";"Premium გაიხსნა. გმადლობთ!";"Premium freigeschaltet. Danke!";"Το Premium ξεκλειδώθηκε. Ευχαριστούμε!";"પ્રીમિયમ ખૂલ્યું. આભાર!";"הפרימיום נפתח. תודה!";"प्रीमियम अनलॉक हो गया। धन्यवाद!";"Prémium feloldva. Köszönjük!";"Premium opnað. Takk!";"Premium terbuka. Terima kasih!";"Préimh díghlasáilte. Go raibh maith agat!";"Premium sbloccato. Grazie!";"プレミアムを使えるようになりました。ありがとう！";"ಪ್ರೀಮಿಯಂ ತೆರೆಯಿತು. ಧನ್ಯವಾದಗಳು!";"Premium ашылды. Рақмет!";"បានដោះសោព្រីមៀម។ អរគុណ!";"프리미엄이 열렸어요. 고마워요!";"ປົດລັອກພຣີມຽມແລ້ວ. ຂອບໃຈ!";"Premium atbloķēts. Paldies!";"Premium atrakinta. Ačiū!";"Премиум е отклучен. Благодариме!";"Premium dibuka. Terima kasih!";"പ്രീമിയം തുറന്നു. നന്ദി!";"प्रीमियम उघडलं. धन्यवाद!";"Премиум нээгдлээ. Баярлалаа!";"प्रिमियम खुल्यो। धन्यवाद!";"Premium er låst opp. Takk!";"Premium ଖୋଲିଗଲା। ଧନ୍ୟବାଦ!";"نسخهٔ ویژه باز شد. ممنون!";"Premium odblokowane. Dziękujemy!";"Premium desbloqueado. Obrigado!";"ਪ੍ਰੀਮੀਅਮ ਖੁੱਲ੍ਹ ਗਿਆ। ਧੰਨਵਾਦ!";"Premium deblocat. Mulțumim!";"Премиум открыт. Спасибо!";"Premium je otključan. Hvala!";"ප්‍රීමියම් විවෘතයි. ස්තුතියි!";"Premium odomknuté. Ďakujeme!";"Premium odklenjen. Hvala!";"Premium desbloqueado. ¡Gracias!";"Premium imefunguliwa. Asante!";"Premium upplåst. Tack!";"பிரீமியம் திறக்கப்பட்டது. நன்றி!";"ప్రీమియం తెరుచుకుంది. ధన్యవాదాలు!";"ปลดล็อกพรีเมียมแล้ว ขอบคุณ!";"Premium ཁ་ཕྱེ་ཟིན། ཐུགས་རྗེ་ཆེ།";"Premium açıldı. Teşekkürler!";"Преміум відкрито. Дякуємо!";"پریمیم کھل گیا۔ شکریہ!";"Premium ئېچىلدى. رەھمەت!";"Premium ochildi. Rahmat!";"Đã mở khóa Premium. Cảm ơn bạn!";"Premiwm wedi'i ddatgloi. Diolch!";"I-Premium ivuliwe. Siyabonga!"
"settings.sound";"";"A row or title in the settings sheet. Aim for 30 characters or fewer.";"Sound";"Geluid";"Klank";"Tingulli";"ድምፅ";"الصوت";"Ձայն";"শব্দ";"Səs";"Soinua";"Гук";"শব্দ";"Zvuk";"Звук";"အသံ";"So";"声音";"Zvuk";"Zvuk";"Lyd";"Heli";"Ljóð";"Äänet";"Son";"Son";"ხმა";"Ton";"Ήχος";"અવાજ";"צלילים";"आवाज़";"Hang";"Hljóð";"Suara";"Fuaim";"Suoni";"サウンド";"ಧ್ವನಿ";"Дыбыс";"សំឡេង";"소리";"ສຽງ";"Skaņa";"Garsas";"Звук";"Bunyi";"ശബ്ദം";"आवाज";"Дуу";"ध्वनि";"Lyd";"ଶବ୍ଦ";"صدا";"Dźwięk";"Som";"ਆਵਾਜ਼";"Sunet";"Звуки";"Zvuk";"ශබ්දය";"Zvuk";"Zvok";"Sonido";"Sauti";"Ljud";"ஒலி";"శబ్దం";"เสียง";"སྒྲ";"Ses";"Звук";"آواز";"ئاۋاز";"Ovoz";"Âm thanh";"Sain";"Umsindo"
"settings.soundEffects";"";"A row or title in the settings sheet. Aim for 30 characters or fewer.";"Music and effects";"Muziek en effecten";"Musiek en effekte";"Muzika dhe efektet";"ሙዚቃ እና ድምፆች";"الموسيقى والمؤثرات";"Երաժշտություն և էֆեկտներ";"সংগীত আৰু ইফেক্ট";"Musiqi və effektlər";"Musika eta efektuak";"Музыка і эфекты";"সংগীত ও ইফেক্ট";"Muzika i efekti";"Музика и ефекти";"တေးဂီတနဲ့ အသံများ";"Música i efectes";"音乐和音效";"Glazba i efekti";"Hudba a efekty";"Musik og effekter";"Muusika ja heliefektid";"Tónleikur og ljóð";"Musiikki ja äänet";"Musique et effets";"Música e efectos";"მუსიკა და ეფექტები";"Musik und Effekte";"Μουσική και εφέ";"સંગીત અને ઇફેક્ટ્સ";"מוזיקה ואפקטים";"संगीत और प्रभाव";"Zene és effektek";"Tónlist og hljóð";"Musik dan efek";"Ceol agus maisíochtaí";"Musica ed effetti";"音楽と効果音";"ಸಂಗೀತ ಮತ್ತು ಪರಿಣಾಮಗಳು";"Музыка мен әсерлер";"តន្ត្រី និងសំឡេង";"음악과 효과음";"ເພງ ແລະ ເອັບເຟັກ";"Mūzika un efekti";"Muzika ir efektai";"Музика и ефекти";"Muzik dan kesan";"സംഗീതവും ഇഫക്റ്റുകളും";"संगीत आणि ध्वनी";"Хөгжим ба эффект";"संगीत र प्रभाव";"Musikk og lyder";"ସଙ୍ଗୀତ ଓ ଇଫେକ୍ଟ";"موسیقی و افکت‌ها";"Muzyka i efekty";"Música e efeitos";"ਸੰਗੀਤ ਤੇ ਧੁਨੀ ਪ੍ਰਭਾਵ";"Muzică și efecte";"Музыка и звуки";"Muzika i efekti";"සංගීතය සහ ශබ්ද";"Hudba a efekty";"Glasba in učinki";"Música y efectos";"Muziki na athari";"Musik och effekter";"இசையும் ஒலிகளும்";"సంగీతం, ఎఫెక్ట్స్";"เพลงและเอฟเฟกต์";"རོལ་དབྱངས་དང་སྒྲ་ནུས";"Müzik ve efektler";"Музика й ефекти";"موسیقی اور ایفیکٹس";"مۇزىكا ۋە ئۈنلەر";"Musiqa va effektlar";"Nhạc và hiệu ứng";"Cerddoriaeth ac effeithiau";"Umculo nemisindo"
"settings.soundInfo";"";"In the settings sheet. The info lines sit under a group and may wrap. Aim for 93 characters or fewer.";"Turn the sound off to play quietly. The game works exactly the same.";"Zet het geluid uit om stil te spelen. Het spel werkt precies hetzelfde.";"Skakel die klank af om stil te speel. Die speletjie werk presies dieselfde.";"Fike tingullin për të luajtur në qetësi. Loja funksionon njësoj.";"በጸጥታ ለመጫወት ድምፁን አጥፋ። ጨዋታው እንደበፊቱ ይሰራል።";"أوقف الصوت لتلعب بهدوء. اللعبة تعمل بالطريقة نفسها.";"Անջատիր ձայնը՝ լուռ խաղալու համար։ Խաղը նույն կերպ է աշխատում։";"নিশব্দে খেলিবলৈ শব্দ বন্ধ কৰা। খেলখন একেই ধৰণে চলিব।";"Sakit oynamaq üçün səsi söndür. Oyun yenə eyni işləyir.";"Itzali soinua lasai jokatzeko. Jokoak berdin-berdin funtzionatzen du.";"Выключы гук, каб гуляць ціха. Гульня будзе працаваць гэтак жа.";"চুপচাপ খেলতে শব্দ বন্ধ করো। খেলাটি একইভাবে চলবে।";"Isključi zvuk za tihu igru. Igra radi potpuno isto.";"Изключи звука за тиха игра. Играта си остава същата.";"တိတ်တိတ်ကစားချင်ရင် အသံပိတ်ပါ။ ကစားပုံက အတူတူပါပဲ။";"Desactiva el so per jugar en silenci. El joc funciona igual.";"关闭声音，安静地玩。游戏玩法完全不变。";"Isključi zvuk za tihu igru. Igra ostaje potpuno ista.";"Vypni zvuk a hraj potichu. Hra funguje úplně stejně.";"Slå lyden fra for at spille stille. Spillet fungerer helt på samme måde.";"Vaikseks mängimiseks lülita heli välja. Mäng ise jääb samaks.";"Sløkk ljóðið fyri at spæla stillisliga. Spælið virkar júst eins.";"Poista äänet käytöstä, jos haluat pelata hiljaa. Peli toimii aivan samoin.";"Coupe le son pour jouer en silence. Le jeu reste exactement le même.";"Desactiva o son para xogar en silencio. O xogo funciona igual.";"ხმა გამორთე, თუ ჩუმად თამაში გინდა. თამაში ზუსტად ისე იმუშავებს.";"Schalte den Ton aus, um leise zu spielen. Das Spiel bleibt gleich.";"Κλείσε τον ήχο για να παίξεις ήσυχα. Το παιχνίδι μένει ίδιο.";"શાંતિથી રમવા અવાજ બંધ કરો. રમત એ જ રીતે ચાલશે.";"אפשר לכבות את הצלילים ולשחק בשקט. המשחק עובד בדיוק אותו דבר.";"शांत खेलना है तो आवाज़ बंद कर दो। खेल वैसे ही चलेगा।";"Kapcsold ki a hangot a csendes játékhoz. A játék ugyanúgy működik.";"Slökktu á hljóðinu til að spila hljóðlega. Leikurinn virkar alveg eins.";"Matikan suara agar bisa bermain tanpa suara. Gamenya tetap sama.";"Múch an fhuaim le himirt go ciúin. Oibríonn an cluiche mar an gcéanna.";"Disattiva i suoni per giocare in silenzio. Il gioco funziona allo stesso modo.";"音をオフにすると静かに遊べるよ。ゲームの遊び方は同じだよ。";"ಮೌನವಾಗಿ ಆಡಲು ಧ್ವನಿ ಆರಿಸು. ಆಟ ಹಾಗೆಯೇ ಕೆಲಸ ಮಾಡುತ್ತದೆ.";"Тыныш ойнау үшін дыбысты өшір. Ойын өзгермейді.";"បិទសំឡេងដើម្បីលេងស្ងាត់។ ហ្គេមនៅតែដំណើរការដូចគ្នា។";"조용히 놀고 싶다면 소리를 꺼요. 게임은 똑같이 즐길 수 있어요.";"ປິດສຽງເພື່ອຫຼິ້ນແບບງຽບໆ. ເກມຍັງຫຼິ້ນໄດ້ຄືເກົ່າ.";"Izslēdz skaņu, lai spēlētu klusi. Spēle darbojas tieši tāpat.";"Išjunk garsą ir žaisk tyliai. Žaidimas veiks lygiai taip pat.";"Исклучи го звукот за тивка игра. Играта останува иста.";"Matikan bunyi untuk bermain senyap. Permainan tetap sama.";"ശാന്തമായി കളിക്കാൻ ശബ്ദം ഓഫ് ചെയ്യൂ. കളി അതേപോലെ തന്നെ പ്രവർത്തിക്കും.";"शांतपणे खेळण्यासाठी आवाज बंद कर. खेळ तसाच चालेल.";"Дууг унтраавал чимээгүй тоглоно. Тоглоом хэвээрээ ажиллана.";"शान्त खेल्न ध्वनि बन्द गर। खेल उस्तै चल्छ।";"Slå av lyden for å spille stille. Spillet fungerer akkurat likt.";"ଚୁପଚାପ ଖେଳିବାକୁ ଶବ୍ଦ ବନ୍ଦ କର। ଖେଳ ସେହିଭଳି ଚାଲିବ।";"برای بازی بی‌صدا، صدا را خاموش کن. بازی همان‌طور کار می‌کند.";"Wyłącz dźwięk, by grać po cichu. Gra działa tak samo.";"Desliga o som para jogar em silêncio. O jogo funciona exatamente da mesma forma.";"ਚੁੱਪਚਾਪ ਖੇਡਣ ਲਈ ਆਵਾਜ਼ ਬੰਦ ਕਰੋ। ਖੇਡ ਓਹੀ ਰਹੇਗੀ।";"Oprește sunetul ca să joci în liniște. Jocul rămâne la fel.";"Выключи звук, чтобы играть тихо. Игра останется такой же.";"Isključi zvuk za tiho igranje. Igra radi potpuno isto.";"නිහඬව සෙල්ලම් කරන්න ශබ්දය අක්‍රිය කරන්න. ක්‍රීඩාව ඒ විදිහටම වැඩ කරයි.";"Vypni zvuk a hraj potichu. Hra funguje úplne rovnako.";"Izklopi zvok za tiho igranje. Igra ostane povsem enaka.";"Desactiva el sonido para jugar en silencio. El juego funciona igual.";"Zima sauti ili ucheze kimya. Mchezo utaendelea vilevile.";"Stäng av ljudet för att spela tyst. Spelet fungerar precis likadant.";"அமைதியாக விளையாட ஒலியை அணைக்கவும். விளையாட்டு அதேபோல இயங்கும்.";"నిశ్శబ్దంగా ఆడాలంటే శబ్దాన్ని ఆఫ్ చేయి. ఆట మాత్రం అలాగే ఉంటుంది.";"ปิดเสียงเพื่อเล่นเงียบ ๆ เกมยังเล่นเหมือนเดิม";"ཁུ་སིམ་པོར་རྩེ་བར་སྒྲ་ཁ་རྒྱོབ། རྩེད་མོ་འདྲ་མཚུངས་སུ་འགྲོ།";"Sessiz oynamak için sesi kapat. Oyun aynı şekilde devam eder.";"Вимкни звук, щоб грати тихо. Гра працюватиме так само.";"خاموشی سے کھیلنے کے لیے آواز بند کریں۔ کھیل بالکل ویسا ہی چلے گا۔";"جىم ئويناش ئۈچۈن ئاۋازنى ئۆچۈر. ئويۇن ئوخشاشلا ئىشلەيدۇ.";"Tinch o‘ynash uchun ovozni o‘chir. O‘yin xuddi shunday ishlaydi.";"Tắt âm thanh để chơi yên lặng. Trò chơi vẫn hoạt động như cũ.";"Diffodd y sain i chwarae’n dawel. Mae’r gêm yn gweithio yn union yr un fath.";"Vala umsindo ukuze udlale buthule. Umdlalo usebenza ngendlela efanayo."
"settings.title";"";"A row or title in the settings sheet. Aim for 30 characters or fewer.";"Settings";"Instellingen";"Instellings";"Cilësimet";"ቅንብሮች";"الإعدادات";"Կարգավորումներ";"ছেটিংছ";"Ayarlar";"Ezarpenak";"Налады";"সেটিংস";"Postavke";"Настройки";"ဆက်တင်များ";"Configuració";"设置";"Postavke";"Nastavení";"Indstillinger";"Seaded";"Stillingar";"Asetukset";"Réglages";"Axustes";"პარამეტრები";"Einstellungen";"Ρυθμίσεις";"સેટિંગ્સ";"הגדרות";"सेटिंग्स";"Beállítások";"Stillingar";"Pengaturan";"Socruithe";"Impostazioni";"設定";"ಸೆಟ್ಟಿಂಗ್‌ಗಳು";"Баптаулар";"ការកំណត់";"설정";"ການຕັ້ງຄ່າ";"Iestatījumi";"Nustatymai";"Поставки";"Tetapan";"ക്രമീകരണങ്ങൾ";"सेटिंग्ज";"Тохиргоо";"सेटिङ";"Innstillinger";"ସେଟିଂସ୍";"تنظیمات";"Ustawienia";"Definições";"ਸੈਟਿੰਗਾਂ";"Setări";"Настройки";"Podešavanja";"සැකසුම්";"Nastavenia";"Nastavitve";"Ajustes";"Mipangilio";"Inställningar";"அமைப்புகள்";"సెట్టింగ్‌లు";"การตั้งค่า";"སྒྲིག་འགོད";"Ayarlar";"Налаштування";"ترتیبات";"تەڭشەكلەر";"Sozlamalar";"Cài đặt";"Gosodiadau";"Izilungiselelo"
"streak.dayOne";"";"The play-goal bar in the menu header. Aim for 16 characters or fewer.";"Day 1";"Dag 1";"Dag 1";"Dita 1";"ቀን 1";"اليوم 1";"Օր 1";"১ম দিন";"1-ci gün";"1. eguna";"Дзень 1";"দিন ১";"1. dan";"Ден 1";"နေ့ 1";"Dia 1";"第 1 天";"Dan 1";"Den 1";"Dag 1";"1. päev";"Dagur 1";"Päivä 1";"Jour 1";"Día 1";"დღე 1";"Tag 1";"Ημέρα 1";"દિવસ 1";"יום 1";"दिन 1";"1. nap";"Dagur 1";"Hari 1";"Lá 1";"Giorno 1";"1日目";"ದಿನ 1";"1-күн";"ថ្ងៃទី 1";"1일 차";"ມື້ທີ 1";"1. diena";"1 diena";"Ден 1";"Hari 1";"ദിവസം 1";"दिवस 1";"1 дэх өдөр";"दिन १";"Dag 1";"ଦିନ 1";"روز ۱";"Dzień 1";"Dia 1";"ਦਿਨ 1";"Ziua 1";"День 1";"Dan 1";"දින 1";"1. deň";"1. dan";"Día 1";"Siku ya 1";"Dag 1";"நாள் 1";"1వ రోజు";"วันที่ 1";"ཉིན་1";"1. gün";"День 1";"دن 1";"1-كۈن";"1-kun";"Ngày 1";"Diwrnod 1";"Usuku 1"
"topic.addition";"";"A small button or pill in the menu. One line, no wrapping — the tightest spots in the app. Aim for 12 characters or fewer.";"Addition";"Optellen";"Optel";"Mbledhje";"መደመር";"الجمع";"Գումարում";"যোগ";"Toplama";"Batuketa";"Складанне";"যোগ";"Sabiranje";"Събиране";"ပေါင်းခြင်း";"Suma";"加法";"Zbrajanje";"Sčítání";"Plus";"Liitmine";"Pluss";"Yhteenlasku";"Addition";"Sumar";"მიმატება";"Addition";"Πρόσθεση";"સરવાળો";"חיבור";"जोड़";"Összeadás";"Samlagning";"Penjumlahan";"Suimiú";"Addizione";"たし算";"ಕೂಡಿಸುವುದು";"Қосу";"បូក";"덧셈";"ບວກ";"Saskaitīšana";"Sudėtis";"Собирање";"Tambah";"കൂട്ടൽ";"बेरीज";"Нэмэх";"जोड";"Addisjon";"ଯୋଗ";"جمع";"Dodawanie";"Somar";"ਜੋੜ";"Adunări";"Сложение";"Sabiranje";"එකතු කිරීම";"Sčítanie";"Seštevanje";"Sumas";"Kujumlisha";"Addition";"கூட்டல்";"కూడిక";"การบวก";"སྣོན་པ";"Toplama";"Додавання";"جمع";"قوشۇش";"Qo‘shish";"Phép cộng";"Adio";"Ukuhlanganisa"
"topic.addition.detail";"";"The one-line explanation under a topic button. Aim for 28 characters or fewer.";"Addition only";"Alleen optellen";"Net optel";"Vetëm mbledhje";"መደመር ብቻ";"الجمع فقط";"Միայն գումարում";"কেৱল যোগ";"Yalnız toplama";"Batuketak bakarrik";"Толькі складанне";"শুধু যোগ";"Samo sabiranje";"Само събиране";"ပေါင်းတာပဲ";"Només sumes";"只有加法";"Samo zbrajanje";"Jen sčítání";"Kun plus";"Ainult liitmine";"Bara pluss";"Vain yhteenlaskua";"Addition seulement";"Só sumar";"მხოლოდ მიმატება";"Nur Addition";"Μόνο πρόσθεση";"ફક્ત સરવાળો";"רק חיבור";"सिर्फ जोड़";"Csak összeadás";"Aðeins samlagning";"Hanya penjumlahan";"Suimiú amháin";"Solo addizioni";"たし算だけ";"ಕೂಡಿಸುವುದು ಮಾತ್ರ";"Тек қосу";"បូកតែប៉ុណ្ណោះ";"덧셈만";"ບວກເທົ່ານັ້ນ";"Tikai saskaitīšana";"Tik sudėtis";"Само собирање";"Tambah sahaja";"കൂട്ടൽ മാത്രം";"फक्त बेरीज";"Зөвхөн нэмэх";"जोड मात्र";"Bare addisjon";"କେବଳ ଯୋଗ";"فقط جمع";"Tylko dodawanie";"Só somar";"ਸਿਰਫ਼ ਜੋੜ";"Doar adunări";"Только сложение";"Samo sabiranje";"එකතු කිරීම පමණයි";"Len sčítanie";"Samo seštevanje";"Solo sumas";"Kujumlisha tu";"Bara addition";"கூட்டல் மட்டும்";"కూడిక మాత్రమే";"เฉพาะการบวก";"སྣོན་པ་ཁོ་ན";"Sadece toplama";"Лише додавання";"صرف جمع";"پەقەت قوشۇش";"Faqat qo‘shish";"Chỉ phép cộng";"Adio yn unig";"Ukuhlanganisa kuphela"
"topic.fractions";"";"A small button or pill in the menu. One line, no wrapping — the tightest spots in the app. Aim for 12 characters or fewer.";"Fractions";"Breuken";"Breuke";"Thyesa";"ክፍልፋዮች";"الكسور";"Կոտորակներ";"ভগ্নাংশ";"Kəsrlər";"Zatikiak";"Дробы";"ভগ্নাংশ";"Razlomci";"Дроби";"အပိုင်းကိန်း";"Fraccions";"分数";"Razlomci";"Zlomky";"Brøker";"Murrud";"Brot";"Murtoluvut";"Fractions";"Fraccións";"წილადები";"Brüche";"Κλάσματα";"અપૂર્ણાંક";"שברים";"भिन्न";"Törtek";"Brot";"Pecahan";"Codáin";"Frazioni";"分数";"ಭಿನ್ನರಾಶಿಗಳು";"Бөлшектер";"ប្រភាគ";"분수";"ເສດສ່ວນ";"Daļas";"Trupmenos";"Дропки";"Pecahan";"ഭിന്നങ്ങൾ";"अपूर्णांक";"Бутархай";"भिन्न";"Brøk";"ଭଗ୍ନାଂଶ";"کسرها";"Ułamki";"Frações";"ਭਿੰਨਾਂ";"Fracții";"Дроби";"Razlomci";"භාග";"Zlomky";"Ulomki";"Fracciones";"Sehemu";"Bråk";"பின்னங்கள்";"భిన్నాలు";"เศษส่วน";"ཆ་ཤས";"Kesirler";"Дроби";"کسر";"كەسىرلەر";"Kasrlar";"Phân số";"Ffracsiynau";"Amafrakshini"
"topic.fractions.detail";"";"The one-line explanation under a topic button. Aim for 28 characters or fewer.";"Division only";"Alleen delen";"Net deel";"Vetëm pjesëtim";"መካፈል ብቻ";"القسمة فقط";"Միայն բաժանում";"কেৱল ভাগ";"Yalnız bölmə";"Zatiketak bakarrik";"Толькі дзяленне";"শুধু ভাগ";"Samo dijeljenje";"Само деление";"စားတာပဲ";"Només divisions";"只有除法";"Samo dijeljenje";"Jen dělení";"Kun division";"Ainult jagamine";"Bara deiling";"Vain jakolaskua";"Division seulement";"Só dividir";"მხოლოდ გაყოფა";"Nur Division";"Μόνο διαίρεση";"ફક્ત ભાગાકાર";"רק חילוק";"सिर्फ भाग";"Csak osztás";"Aðeins deiling";"Hanya pembagian";"Roinnt amháin";"Solo divisioni";"わり算だけ";"ಭಾಗಿಸುವುದು ಮಾತ್ರ";"Тек бөлу";"ចែកតែប៉ុណ្ណោះ";"나눗셈만";"ຫານເທົ່ານັ້ນ";"Tikai dalīšana";"Tik dalyba";"Само делење";"Bahagi sahaja";"ഹരണം മാത്രം";"फक्त भागाकार";"Зөвхөн хуваах";"भाग मात्र";"Bare divisjon";"କେବଳ ଭାଗ";"فقط تقسیم";"Tylko dzielenie";"Só dividir";"ਸਿਰਫ਼ ਭਾਗ";"Doar împărțiri";"Только деление";"Samo deljenje";"බෙදීම පමණයි";"Len delenie";"Samo deljenje";"Solo divisiones";"Kugawanya tu";"Bara division";"வகுத்தல் மட்டும்";"భాగహారం మాత్రమే";"เฉพาะการหาร";"བགོ་བ་ཁོ་ན";"Sadece bölme";"Лише ділення";"صرف تقسیم";"پەقەت بۆلۈش";"Faqat bo‘lish";"Chỉ phép chia";"Rhannu yn unig";"Ukuhlukanisa kuphela"
"topic.mixed";"";"A small button or pill in the menu. One line, no wrapping — the tightest spots in the app. Aim for 12 characters or fewer.";"Supermix";"Supermix";"Supermengsel";"Supermix";"ሱፐርሚክስ";"مزيج خارق";"Սուպերմիքս";"ছুপাৰমিক্স";"Superqarışıq";"Supermix";"Супермікс";"সুপারমিক্স";"Supermiks";"Супермикс";"အကုန်ရော";"Supermix";"超级混合";"Supermiks";"Supermix";"Supermix";"Supermix";"Supermix";"Supermix";"Supermix";"Supermix";"სუპერმიქსი";"Supermix";"Σούπερ μιξ";"સુપરમિક્સ";"סופרמיקס";"सुपरमिक्स";"Szupermix";"Ofurblanda";"Supermix";"Sár-mheascán";"Supermix";"スーパーミックス";"ಸೂಪರ್‌ಮಿಕ್ಸ್";"Супераралас";"Supermix";"슈퍼믹스";"ຊູເປີມິກ";"Supermix";"Supermišinys";"Супермикс";"Supermix";"സൂപ്പർമിക്സ്";"सुपरमिक्स";"Супермикс";"सुपरमिक्स";"Supermiks";"ସୁପରମିକ୍ସ";"سوپرمیکس";"Supermix";"Supermix";"ਸੁਪਰਮਿਕਸ";"Supermix";"Супермикс";"Supermiks";"සුපර්මික්ස්";"Supermix";"Supermix";"Supermix";"Mchanganyiko";"Supermix";"சூப்பர் மிக்ஸ்";"సూపర్‌మిక్స్";"ซูเปอร์มิกซ์";"Supermix";"Süper miks";"Супермікс";"سپر مکس";"Supermix";"Supermix";"Siêu trộn";"Cymysgedd";"Ingxube"
"topic.mixed.detail";"";"The one-line explanation under a topic button. Aim for 28 characters or fewer.";"Mixed operations";"Gemengde sommen";"Gemengde bewerkings";"Veprime të përziera";"የተቀላቀሉ ስሌቶች";"عمليات مختلطة";"Խառը գործողություններ";"মিহলি অংক";"Qarışıq əməllər";"Eragiketa nahasiak";"Розныя дзеянні";"মিশ্র অঙ্ক";"Mješoviti zadaci";"Смесени действия";"ပေါင်းနုတ်မြှောက်စား ရော";"Operacions barrejades";"混合运算";"Miješane operacije";"Mix příkladů";"Blandede regnestykker";"Segatehted";"Blandaðar uppgávur";"Sekalaskuja";"Calculs mélangés";"Contas mesturadas";"შერეული მოქმედებები";"Gemischte Aufgaben";"Μικτές πράξεις";"મિક્સ દાખલા";"פעולות מעורבות";"मिले-जुले सवाल";"Vegyes műveletek";"Blandaðar aðgerðir";"Operasi campuran";"Oibríochtaí measctha";"Operazioni miste";"いろんな計算";"ಮಿಶ್ರ ಲೆಕ್ಕಗಳು";"Аралас амалдар";"លំហាត់ចម្រុះ";"섞인 연산";"ໂຈດປົນກັນ";"Jaukti uzdevumi";"Mišrūs veiksmai";"Мешани задачи";"Operasi bercampur";"കലർന്ന കണക്കുകൾ";"मिश्र गणिते";"Холимог үйлдэл";"मिश्रित हिसाब";"Blandede regnearter";"ମିଶ୍ରିତ ସମ";"عملیات ترکیبی";"Różne działania";"Contas misturadas";"ਮਿਲੇ-ਜੁਲੇ ਹਿਸਾਬ";"Operații mixte";"Разные действия";"Mešane računske radnje";"මිශ්‍ර ගණන්";"Zmiešané príklady";"Mešani računi";"Operaciones mixtas";"Hesabu mchanganyiko";"Blandade räknesätt";"கலந்த கணக்குகள்";"కలగలిపిన లెక్కలు";"โจทย์แบบผสม";"རྩིས་མཉམ་བསྲེས";"Karışık işlemler";"Різні дії";"ملے جلے سوال";"ئارىلاش ئەمەللەر";"Aralash amallar";"Nhiều phép tính";"Symiau cymysg";"Izibalo ezixubile"
"topic.percentages";"";"A small button or pill in the menu. One line, no wrapping — the tightest spots in the app. Aim for 15 characters or fewer.";"Percentages";"Procenten";"Persentasies";"Përqindje";"መቶኛ";"النسب المئوية";"Տոկոսներ";"শতাংশ";"Faizlər";"Ehunekoak";"Працэнты";"শতাংশ";"Procenti";"Проценти";"ရာခိုင်နှုန်း";"Percentatges";"百分数";"Postoci";"Procenta";"Procenter";"Protsendid";"Prosent";"Prosentit";"Pourcentages";"Porcentaxes";"პროცენტები";"Prozente";"Ποσοστά";"ટકા";"אחוזים";"प्रतिशत";"Százalékok";"Prósentur";"Persentase";"Céatadáin";"Percentuali";"パーセント";"ಶೇಕಡಾ";"Пайыздар";"ភាគរយ";"백분율";"ເປີເຊັນ";"Procenti";"Procentai";"Проценти";"Peratus";"ശതമാനം";"टक्केवारी";"Хувь";"प्रतिशत";"Prosent";"ଶତକଡ଼ା";"درصدها";"Procenty";"Percentagens";"ਪ੍ਰਤੀਸ਼ਤ";"Procente";"Проценты";"Procenti";"ප්‍රතිශත";"Percentá";"Odstotki";"Porcentajes";"Asilimia";"Procent";"சதவீதங்கள்";"శాతాలు";"เปอร์เซ็นต์";"བརྒྱ་ཆ";"Yüzdeler";"Відсотки";"فیصد";"پىرسەنت";"Foizlar";"Phần trăm";"Canrannau";"Amaphesenti"
"topic.percentages.detail";"";"The one-line explanation under a topic button. Aim for 28 characters or fewer.";"Percentages only";"Alleen percentages";"Net persentasies";"Vetëm përqindje";"መቶኛ ብቻ";"النسب المئوية فقط";"Միայն տոկոսներ";"কেৱল শতাংশ";"Yalnız faizlər";"Ehunekoak bakarrik";"Толькі працэнты";"শুধু শতাংশ";"Samo procenti";"Само проценти";"ရာခိုင်နှုန်းပဲ";"Només percentatges";"只有百分数";"Samo postoci";"Jen procenta";"Kun procenter";"Ainult protsendid";"Bara prosent";"Vain prosentteja";"Pourcentages seulement";"Só porcentaxes";"მხოლოდ პროცენტები";"Nur Prozente";"Μόνο ποσοστά";"ફક્ત ટકા";"רק אחוזים";"सिर्फ प्रतिशत";"Csak százalékok";"Aðeins prósentur";"Hanya persentase";"Céatadáin amháin";"Solo percentuali";"パーセントだけ";"ಶೇಕಡಾ ಮಾತ್ರ";"Тек пайыздар";"ភាគរយតែប៉ុណ្ណោះ";"백분율만";"ເປີເຊັນເທົ່ານັ້ນ";"Tikai procenti";"Tik procentai";"Само проценти";"Peratus sahaja";"ശതമാനം മാത്രം";"फक्त टक्केवारी";"Зөвхөн хувь";"प्रतिशत मात्र";"Bare prosent";"କେବଳ ଶତକଡ଼ା";"فقط درصد";"Tylko procenty";"Só percentagens";"ਸਿਰਫ਼ ਪ੍ਰਤੀਸ਼ਤ";"Doar procente";"Только проценты";"Samo procenti";"ප්‍රතිශත පමණයි";"Len percentá";"Samo odstotki";"Solo porcentajes";"Asilimia tu";"Bara procent";"சதவீதம் மட்டும்";"శాతాలు మాత్రమే";"เฉพาะเปอร์เซ็นต์";"བརྒྱ་ཆ་ཁོ་ན";"Sadece yüzdeler";"Лише відсотки";"صرف فیصد";"پەقەت پىرسەنت";"Faqat foizlar";"Chỉ phần trăm";"Canrannau yn unig";"Amaphesenti kuphela"
"topic.subtraction";"";"A small button or pill in the menu. One line, no wrapping — the tightest spots in the app. Aim for 15 characters or fewer.";"Subtraction";"Aftrekken";"Aftrek";"Zbritje";"መቀነስ";"الطرح";"Հանում";"বিয়োগ";"Çıxma";"Kenketa";"Адніманне";"বিয়োগ";"Oduzimanje";"Изваждане";"နုတ်ခြင်း";"Resta";"减法";"Oduzimanje";"Odčítání";"Minus";"Lahutamine";"Minus";"Vähennyslasku";"Soustraction";"Restar";"გამოკლება";"Subtraktion";"Αφαίρεση";"બાદબાકી";"חיסור";"घटाव";"Kivonás";"Frádráttur";"Pengurangan";"Dealú";"Sottrazione";"ひき算";"ಕಳೆಯುವುದು";"Азайту";"ដក";"뺄셈";"ລົບ";"Atņemšana";"Atimtis";"Одземање";"Tolak";"കുറയ്ക്കൽ";"वजाबाकी";"Хасах";"घटाउ";"Subtraksjon";"ବିୟୋଗ";"تفریق";"Odejmowanie";"Subtrair";"ਘਟਾਓ";"Scăderi";"Вычитание";"Oduzimanje";"අඩු කිරීම";"Odčítanie";"Odštevanje";"Restas";"Kutoa";"Subtraktion";"கழித்தல்";"తీసివేత";"การลบ";"འཐེན་པ";"Çıkarma";"Віднімання";"تفریق";"ئېلىش";"Ayirish";"Phép trừ";"Tynnu";"Ukususa"
"topic.subtraction.detail";"";"The one-line explanation under a topic button. Aim for 28 characters or fewer.";"Subtraction only";"Alleen aftrekken";"Net aftrek";"Vetëm zbritje";"መቀነስ ብቻ";"الطرح فقط";"Միայն հանում";"কেৱল বিয়োগ";"Yalnız çıxma";"Kenketak bakarrik";"Толькі адніманне";"শুধু বিয়োগ";"Samo oduzimanje";"Само изваждане";"နုတ်တာပဲ";"Només restes";"只有减法";"Samo oduzimanje";"Jen odčítání";"Kun minus";"Ainult lahutamine";"Bara minus";"Vain vähennyslaskua";"Soustraction seulement";"Só restar";"მხოლოდ გამოკლება";"Nur Subtraktion";"Μόνο αφαίρεση";"ફક્ત બાદબાકી";"רק חיסור";"सिर्फ घटाव";"Csak kivonás";"Aðeins frádráttur";"Hanya pengurangan";"Dealú amháin";"Solo sottrazioni";"ひき算だけ";"ಕಳೆಯುವುದು ಮಾತ್ರ";"Тек азайту";"ដកតែប៉ុណ្ណោះ";"뺄셈만";"ລົບເທົ່ານັ້ນ";"Tikai atņemšana";"Tik atimtis";"Само одземање";"Tolak sahaja";"കുറയ്ക്കൽ മാത്രം";"फक्त वजाबाकी";"Зөвхөн хасах";"घटाउ मात्र";"Bare subtraksjon";"କେବଳ ବିୟୋଗ";"فقط تفریق";"Tylko odejmowanie";"Só subtrair";"ਸਿਰਫ਼ ਘਟਾਓ";"Doar scăderi";"Только вычитание";"Samo oduzimanje";"අඩු කිරීම පමණයි";"Len odčítanie";"Samo odštevanje";"Solo restas";"Kutoa tu";"Bara subtraktion";"கழித்தல் மட்டும்";"తీసివేత మాత్రమే";"เฉพาะการลบ";"འཐེན་པ་ཁོ་ན";"Sadece çıkarma";"Лише віднімання";"صرف تفریق";"پەقەت ئېلىش";"Faqat ayirish";"Chỉ phép trừ";"Tynnu yn unig";"Ukususa kuphela"
"topic.tables";"";"A small button or pill in the menu. One line, no wrapping — the tightest spots in the app. Aim for 12 characters or fewer.";"Tables";"Tafels";"Tafels";"Tabelat";"ማባዣ ሰንጠረዦች";"الجداول";"Աղյուսակներ";"নামতা";"Vurma";"Taulak";"Табліцы";"নামতা";"Tablice";"Таблици";"အမြှောက်ဇယား";"Taules";"乘法表";"Tablice";"Násobení";"Tabeller";"Korrutustabel";"Tabellir";"Kertotaulut";"Tables";"Táboas";"ტაბულები";"Malreihen";"Προπαίδεια";"પાડા";"כפל";"पहाड़े";"Szorzótábla";"Töflur";"Perkalian";"Táblaí";"Tabelline";"九九";"ಪಾಠಗಳು";"Кестелер";"តារាងគុណ";"구구단";"ສູດຄູນ";"Reizrēķins";"Daugyba";"Таблички";"Sifir";"ഗുണനപ്പട്ടിക";"पाढे";"Хүрд";"पहाडा";"Ganging";"ନାମତା";"جدول ضرب";"Tabliczki";"Tabuadas";"ਪਹਾੜੇ";"Table";"Таблицы";"Tablice";"ගුණන වගු";"Násobilka";"Poštevanka";"Tablas";"Jedwali";"Tabeller";"வாய்ப்பாடுகள்";"పట్టికలు";"สูตรคูณ";"སྒྱུར་རེའུ";"Çarpım";"Множення";"پہاڑے";"جەدۋەل";"Karralar";"Bảng nhân";"Tablau";"Amathebula"
"topic.tables.detail";"";"The one-line explanation under a topic button. Aim for 30 characters or fewer.";"Multiplication only";"Alleen vermenigvuldigen";"Net vermenigvuldig";"Vetëm shumëzim";"ማባዛት ብቻ";"الضرب فقط";"Միայն բազմապատկում";"কেৱল পূৰণ";"Yalnız vurma";"Biderketak bakarrik";"Толькі множанне";"শুধু গুণ";"Samo množenje";"Само умножение";"မြှောက်တာပဲ";"Només multiplicacions";"只有乘法";"Samo množenje";"Jen násobení";"Kun gange";"Ainult korrutamine";"Bara falda við";"Vain kertolaskua";"Multiplication seulement";"Só multiplicar";"მხოლოდ გამრავლება";"Nur Multiplikation";"Μόνο πολλαπλασιασμός";"ફક્ત ગુણાકાર";"רק כפל";"सिर्फ गुणा";"Csak szorzás";"Aðeins margföldun";"Hanya perkalian";"Iolrú amháin";"Solo moltiplicazioni";"かけ算だけ";"ಗುಣಿಸುವುದು ಮಾತ್ರ";"Тек көбейту";"គុណតែប៉ុណ្ណោះ";"곱셈만";"ຄູນເທົ່ານັ້ນ";"Tikai reizināšana";"Tik daugyba";"Само множење";"Darab sahaja";"ഗുണനം മാത്രം";"फक्त गुणाकार";"Зөвхөн үржүүлэх";"गुणा मात्र";"Bare multiplikasjon";"କେବଳ ଗୁଣ";"فقط ضرب";"Tylko mnożenie";"Só multiplicar";"ਸਿਰਫ਼ ਗੁਣਾ";"Doar înmulțiri";"Только умножение";"Samo množenje";"ගුණ කිරීම පමණයි";"Len násobenie";"Samo množenje";"Solo multiplicaciones";"Kuzidisha tu";"Bara multiplikation";"பெருக்கல் மட்டும்";"గుణకారం మాత్రమే";"เฉพาะการคูณ";"སྒྱུར་བ་ཁོ་ན";"Sadece çarpma";"Лише множення";"صرف ضرب";"پەقەت كۆپەيتىش";"Faqat ko‘paytirish";"Chỉ phép nhân";"Lluosi yn unig";"Ukuphindaphinda kuphela"
"tutorial.notice.message";"";"A speech bubble during the guided first game, or the notice explaining why the tutorial cannot start. Aim for 158 characters or fewer.";"You are in the middle of a game. Finish it, or pick a level you have not started yet, to play the tutorial.";"Je zit midden in een spel. Maak het eerst af, of kies een level waar je nog niet in bezig bent, om de tutorial te spelen.";"Jy is reeds besig met 'n speletjie. Maak dit klaar, of kies 'n vlak wat jy nog nie begin het nie, om die tutoriaal te speel.";"Je në mes të një loje. Mbaroje ose zgjidh një nivel që s’e ke nisur, për të luajtur udhëzimin.";"ጨዋታ መሀል ነህ። መጀመሪያ ጨርሰው፣ ወይም ያልጀመርከውን ደረጃ ምረጥና መማሪያውን ተጫወት።";"أنت في منتصف لعبة. أنهِها أو اختر مستوى لم تبدأه بعد لتلعب التدريب.";"Դու խաղի մեջ ես։ Ավարտիր այն կամ ընտրիր չսկսած մակարդակ՝ ուսուցումը խաղալու համար։";"তুমি এতিয়া এটা খেলৰ মাজত আছা। প্ৰথমে শেষ কৰা, বা আৰম্ভ নকৰা লেভেল বাছি টিউটোৰিয়েল খেলা।";"Hazırda oyun oynayırsan. Əvvəl onu bitir və ya başlamadığın səviyyəni seç, sonra təlimi oyna.";"Joko baten erdian zaude. Amaitu, edo aukeratu hasi gabeko maila bat tutoriala egiteko.";"Ты ўжо гуляеш. Скончы гульню або выберы яшчэ не пачаты ўзровень, каб прайсці навучанне.";"তুমি এখন একটি খেলার মাঝখানে আছ। আগে সেটি শেষ করো, অথবা টিউটোরিয়ালের জন্য শুরু না করা একটি লেভেল বেছে নাও।";"Već igraš. Završi igru ili izaberi nivo koji još nisi započeo/la da pokreneš uputstvo.";"Вече играеш. Завърши играта или избери ниво, което още не си започнал, за да пуснеш урока.";"ဂိမ်းကစားနေတုန်းပါ။ အရင်ဆုံးပြီးအောင်ကစားပါ၊ ဒါမှမဟုတ် မစရသေးတဲ့ အဆင့်တစ်ခုရွေးပြီး သင်ခန်းစာကစားပါ။";"Estàs enmig d’una partida. Acaba-la o tria un nivell que encara no hagis començat per jugar el tutorial.";"你正在游戏中。先完成它，或选择一个还没开始的关卡，再开始教程。";"Usred si igre. Dovrši je ili odaberi razinu koju još nisi započeo pa pokreni upute.";"Už hraješ. Hru dokonči nebo vyber úroveň, kterou jsi ještě nezačal, a spusť návod.";"Du er midt i et spil. Gør det færdigt, eller vælg et niveau, du ikke er startet på endnu, for at spille guiden.";"Sul on mäng pooleli. Lõpeta see või vali tase, mida sa pole veel alustanud, et õpetust mängida.";"Tú ert mitt í einum spæli. Ger tað liðugt, ella vel eitt stig, tú ikki ert farin undir, fyri at spæla vegleiðingina.";"Olet jo kesken pelin. Pelaa se loppuun tai valitse taso, jota et ole vielä aloittanut, jotta voit pelata opastuksen.";"Tu es en pleine partie. Termine-la ou choisis un niveau que tu n’as pas encore commencé pour lancer le tutoriel.";"Estás no medio dunha partida. Remátaa ou escolle un nivel que aínda non empezaches para facer o tutorial.";"შუა თამაშში ხარ. ჯერ დაასრულე, ან აირჩიე დონე, რომელიც ჯერ არ დაგიწყია, და გაკვეთილი ითამაშე.";"Du bist mitten im Spiel. Beende es oder wähle ein noch nicht gestartetes Level, um das Tutorial zu spielen.";"Παίζεις ήδη ένα παιχνίδι. Τελείωσέ το ή διάλεξε επίπεδο που δεν έχεις ξεκινήσει για να παίξεις τον οδηγό.";"તમે રમતની વચ્ચે છો. પહેલાં પૂરી કરો અથવા ન શરૂ કરેલું લેવલ પસંદ કરીને ટ્યુટોરિયલ રમો.";"אתם באמצע משחק. סיימו אותו, או בחרו שלב שעוד לא התחלתם, כדי לשחק בהדרכה.";"तुम खेल के बीच में हो। पहले इसे पूरा करो, या ऐसा लेवल चुनो जो अभी शुरू नहीं किया है, फिर ट्यूटोरियल खेलो।";"Már játékban vagy. Fejezd be, vagy válassz egy még el nem kezdett pályát az oktatóhoz.";"Þú ert í miðjum leik. Kláraðu hann eða veldu borð sem þú hefur ekki byrjað á til að spila kennsluna.";"Kamu sedang bermain. Selesaikan dulu, atau pilih level yang belum kamu mulai untuk mengikuti tutorial.";"Tá tú i lár cluiche. Críochnaigh é, nó roghnaigh leibhéal nár thosaigh tú fós, chun an treoir a imirt.";"Stai già giocando. Finisci la partita o scegli un livello non iniziato per fare il tutorial.";"ゲームの途中だよ。まず終わらせるか、まだ始めていないレベルをえらんで、チュートリアルを始めよう。";"ನೀನು ಈಗ ಆಟದ ಮಧ್ಯದಲ್ಲಿದ್ದೀಯ. ಮೊದಲು ಅದನ್ನು ಮುಗಿಸು, ಅಥವಾ ಇನ್ನೂ ಆರಂಭಿಸದ ಹಂತವನ್ನು ಆರಿಸಿ ಟ್ಯುಟೋರಿಯಲ್ ಆಡು.";"Ойынның ортасындасың. Алдымен аяқта немесе әлі бастамаған деңгейді таңдап, үйретуді ойна.";"អ្នកកំពុងលេងហ្គេម។ លេងឱ្យចប់ ឬជ្រើសលេវែលដែលមិនទាន់ចាប់ផ្តើម ដើម្បីលេងការណែនាំ។";"게임 중이에요. 먼저 끝내거나 아직 시작하지 않은 레벨을 골라 튜토리얼을 해 보세요.";"ເຈົ້າກຳລັງຫຼິ້ນຢູ່. ຫຼິ້ນໃຫ້ຈົບ ຫຼື ເລືອກດ່ານທີ່ຍັງບໍ່ໄດ້ເລີ່ມ ເພື່ອຫຼິ້ນບົດສອນ.";"Tu jau spēlē. Pabeidz spēli vai izvēlies līmeni, kuru vēl neesi sācis, lai spēlētu pamācību.";"Jau žaidi. Pabaik žaidimą arba pasirink dar nepradėtą lygį, kad galėtum žaisti pamokėlę.";"Веќе играш. Заврши ја играта или избери ниво што не си го почнал за да го пуштиш упатството.";"Kamu sedang bermain. Habiskan dulu, atau pilih tahap yang belum dimulakan untuk bermain tutorial.";"നീ ഇപ്പോൾ ഒരു കളിയുടെ നടുവിലാണ്. അത് തീർക്കൂ, അല്ലെങ്കിൽ തുടങ്ങാത്തൊരു ലെവൽ തിരഞ്ഞെടുത്ത് ട്യൂട്ടോറിയൽ കളിക്കൂ.";"तू खेळाच्या मध्ये आहेस. आधी तो पूर्ण कर, किंवा सुरू न केलेला स्तर निवडून ट्युटोरियल खेळ.";"Чи тоглож байна. Эхлээд дуусга, эсвэл эхлээгүй түвшин сонгоод зааврыг тоглоорой.";"तिमी खेलकै बीचमा छौ। पहिले सकाऊ, वा सुरु नगरेको लेभल छान, अनि ट्युटोरियल खेल।";"Du er midt i et spill. Fullfør det, eller velg et nivå du ikke har startet ennå, for å spille veiledningen.";"ତୁମେ ଏବେ ଏକ ଖେଳ ମଝିରେ ଅଛ। ପ୍ରଥମେ ସେଟା ସାର, କିମ୍ବା ଆରମ୍ଭ ନକରା ଲେଭେଲ୍ ବାଛି ଟ୍ୟୁଟୋରିଆଲ୍ ଖେଳ।";"وسط بازی هستی. اول تمامش کن یا مرحله‌ای را انتخاب کن که هنوز شروع نکرده‌ای تا آموزش را بازی کنی.";"Jesteś w trakcie gry. Dokończ ją albo wybierz jeszcze nierozpoczęty poziom, aby uruchomić samouczek.";"Estás a meio de um jogo. Acaba-o primeiro ou escolhe um nível que ainda não começaste para fazer o tutorial.";"ਤੁਸੀਂ ਇੱਕ ਖੇਡ ਦੇ ਵਿਚਕਾਰ ਹੋ। ਪਹਿਲਾਂ ਇਸਨੂੰ ਪੂਰਾ ਕਰੋ ਜਾਂ ਕੋਈ ਨਾ-ਸ਼ੁਰੂ ਕੀਤਾ ਲੈਵਲ ਚੁਣੋ, ਫਿਰ ਟਿਊਟੋਰਿਅਲ ਖੇਡੋ।";"Ești în mijlocul unui joc. Termină-l sau alege un nivel neînceput ca să joci tutorialul.";"Ты уже играешь. Закончи игру или выбери ещё не начатый уровень, чтобы пройти обучение.";"Usred si igre. Završi je ili izaberi nivo koji još nisi počeo da bi pokrenuo uputstvo.";"ඔයා දැනටමත් ක්‍රීඩාවක් අතරමැද. ඒක ඉවර කරන්න, නැත්නම් තවම පටන් නොගත් මට්ටමක් තෝරලා පුහුණුව කරන්න.";"Už hráš hru. Dokonči ju alebo vyber úroveň, ktorú si ešte nezačal, a spusti návod.";"Sredi igre si. Dokončaj jo ali izberi stopnjo, ki je še nisi začel, da lahko odigraš vadnico.";"Ya estás jugando una partida. Termínala o elige un nivel que aún no hayas empezado para hacer el tutorial.";"Uko katikati ya mchezo. Maliza, au chagua kiwango ambacho hujaanza, ili kucheza mafunzo.";"Du är mitt i ett spel. Spela klart eller välj en nivå du inte har börjat på för att köra guiden.";"நீ ஏற்கனவே ஒரு விளையாட்டில் இருக்கிறாய். அதை முடி அல்லது தொடங்காத நிலையைத் தேர்ந்தெடுத்து பயிற்சியை விளையாடு.";"నువ్వు ఇప్పటికే ఆటలో ఉన్నావు. దాన్ని పూర్తి చేయి లేదా ఇంకా మొదలుపెట్టని లెవెల్ ఎంచుకుని ట్యుటోరియల్ ఆడు.";"กำลังเล่นอยู่ เล่นให้จบ หรือเลือกด่านที่ยังไม่ได้เริ่มเพื่อเล่นบทสอน";"ཁྱེད་ད་ལྟ་རྩེད་མོ་ཞིག་རྩེ་བཞིན་ཡོད། དེ་ཚར་བར་རྩེའམ། ཡང་ན་འགོ་མ་བཙུགས་པའི་རིམ་པ་ཞིག་བདམས་ནས་སློབ་ཁྲིད་རྩེས།";"Bir oyunun ortasındasın. Önce bitir ya da eğitim için henüz başlamadığın bir seviye seç.";"Ти вже граєш. Заверши гру або вибери рівень, який ще не починав, щоб пройти навчання.";"آپ ایک کھیل کے بیچ میں ہیں۔ اسے مکمل کریں، یا ایسا لیول چنیں جو ابھی شروع نہیں کیا، پھر ٹیوٹوریل کھیلیں۔";"سەن ھازىر ئويۇننىڭ ئوتتۇرىسىدا. ئالدى بىلەن تۈگەت ياكى باشلانمىغان دەرىجىنى تاللا، ئاندىن قوللانمىنى ئوينىغىن.";"Sen hozir o‘yin o‘ynayapsan. Avval uni tugat yoki boshlamagan bosqichni tanla, keyin o‘rgatishni boshlagin.";"Bạn đang chơi dở. Hãy chơi xong hoặc chọn một màn chưa bắt đầu để xem hướng dẫn.";"Rwyt ti yng nghanol gêm. Gorffen hi, neu ddewis lefel heb ei dechrau eto, i chwarae’r tiwtorial.";"Usaphakathi komdlalo. Qeda wona, noma ukhethe izinga ongakaliqali, ukuze udlale ukufundiswa."
"tutorial.notice.title";"";"A speech bubble during the guided first game, or the notice explaining why the tutorial cannot start. Aim for 110 characters or fewer.";"Only at the start of a game";"Alleen aan het begin van een spel";"Net aan die begin van 'n speletjie";"Vetëm në fillim të lojës";"በጨዋታ መጀመሪያ ብቻ";"فقط في بداية اللعبة";"Միայն խաղի սկզբում";"কেৱল খেলৰ আৰম্ভণিতে";"Yalnız oyunun əvvəlində";"Jokoaren hasieran bakarrik";"Толькі ў пачатку гульні";"শুধু খেলার শুরুতে";"Samo na početku igre";"Само в началото на игра";"ဂိမ်းစချိန်မှာပဲ";"Només a l’inici d’una partida";"只能在游戏开始时";"Samo na početku igre";"Jen na začátku hry";"Kun i starten af et spil";"Ainult mängu alguses";"Bara í byrjanini";"Vain pelin alussa";"Seulement au début d’une partie";"Só ao comezo da partida";"მხოლოდ თამაშის დასაწყისში";"Nur am Spielanfang";"Μόνο στην αρχή του παιχνιδιού";"ફક્ત રમતની શરૂઆતમાં";"רק בתחילת משחק";"सिर्फ खेल की शुरुआत में";"Csak a játék elején";"Aðeins í byrjun leiks";"Hanya di awal permainan";"Ag tús cluiche amháin";"Solo a inizio partita";"ゲームの最初だけ";"ಆಟದ ಆರಂಭದಲ್ಲಿ ಮಾತ್ರ";"Тек ойын басында";"បានតែនៅដើមហ្គេម";"게임 시작할 때만";"ໄດ້ສະເພາະຕອນເລີ່ມເກມ";"Tikai spēles sākumā";"Tik žaidimo pradžioje";"Само на почетокот";"Hanya pada awal permainan";"കളിയുടെ തുടക്കത്തിൽ മാത്രം";"फक्त खेळाच्या सुरुवातीला";"Зөвхөн тоглоомын эхэнд";"खेलको सुरुमा मात्र";"Bare ved starten av et spill";"କେବଳ ଖେଳ ଆରମ୍ଭରେ";"فقط اول بازی";"Tylko na początku gry";"Só no início de um jogo";"ਸਿਰਫ਼ ਖੇਡ ਦੀ ਸ਼ੁਰੂਆਤ ਵਿੱਚ";"Doar la începutul jocului";"Только в начале игры";"Samo na početku igre";"ක්‍රීඩාව පටන් ගන්නකොට විතරයි";"Len na začiatku hry";"Samo na začetku igre";"Solo al empezar una partida";"Mwanzoni mwa mchezo tu";"Bara i början av ett spel";"விளையாட்டின் தொடக்கத்தில் மட்டும்";"ఆట మొదట్లో మాత్రమే";"ใช้ได้ตอนเริ่มเกมเท่านั้น";"རྩེད་མོ་འགོ་འཛུགས་སྐབས་ཁོ་ན";"Sadece oyunun başında";"Лише на початку гри";"صرف کھیل کے آغاز میں";"پەقەت ئويۇن بېشىدا";"Faqat o‘yin boshida";"Chỉ khi bắt đầu trò chơi";"Dim ond ar ddechrau gêm";"Ekuqaleni komdlalo kuphela"
"tutorial.step1";"";"A speech bubble during the guided first game, or the notice explaining why the tutorial cannot start. Aim for 110 characters or fewer.";"Hold me and drag me up or down to fly through the air!";"Pak me vast en sleep me omhoog of omlaag. Zo vlieg ik door de lucht!";"Hou my vas en sleep my op of af om deur die lug te vlieg!";"Më mbaj dhe më tërhiq lart ose poshtë që të fluturoj!";"ያዘኝና ወደ ላይ ወይም ወደ ታች ጎትተኝ፤ በአየር ላይ እበራለሁ!";"أمسكني واسحبني لأعلى أو لأسفل كي أطير في الهواء!";"Բռնիր ինձ ու քաշիր վեր կամ վար, որ օդում թռչեմ։";"মোক ধৰি ওপৰলৈ বা তললৈ টানা, মই আকাশত উৰিম!";"Məni tut və yuxarı-aşağı sürüklə ki, havada uçum!";"Heldu niri eta arrastatu gora edo behera airean hegan egiteko!";"Трымай мяне і цягні ўверх або ўніз, каб я ляцеў!";"আমাকে ধরে ওপর বা নিচে টেনে নাও, তাহলে আমি আকাশে উড়ব!";"Drži me i povuci gore ili dolje da letim kroz zrak!";"Хвани ме и ме плъзни нагоре или надолу, за да полетя!";"ငါ့ကိုဖိထားပြီး အပေါ် သို့မဟုတ် အောက်ကိုဆွဲပါ။ လေထဲမှာ ပျံမယ်!";"Agafa’m i arrossega’m amunt o avall per volar per l’aire!";"按住我，上下拖动，让我在空中飞起来！";"Drži me i povuci gore ili dolje da letim kroz zrak!";"Chyť mě a táhni nahoru nebo dolů, ať můžu létat!";"Hold fast i mig, og træk mig op eller ned, så jeg kan flyve!";"Hoia minust kinni ja lohista üles või alla, et ma õhus lendaksin!";"Halt mær og drag meg upp ella niður, so eg kann flúgva!";"Pidä minusta kiinni ja vedä ylös tai alas, niin lennän ilmassa!";"Attrape-moi et fais-moi glisser vers le haut ou le bas pour me faire voler !";"Agárrame e arrástrame arriba ou abaixo para voar polo aire!";"დამიჭირე და ზემოთ ან ქვემოთ გამწიე, რომ ჰაერში ვიფრინო!";"Halte mich fest und zieh mich hoch oder runter, damit ich durch die Luft fliege!";"Κράτησέ με και σύρε με πάνω ή κάτω για να πετάξω στον αέρα!";"મને પકડીને ઉપર કે નીચે ખેંચો જેથી હું હવામાં ઉડી શકું!";"החזיקו אותי וגררו למעלה או למטה כדי שאעוף באוויר!";"मुझे पकड़कर ऊपर या नीचे खींचो, ताकि मैं हवा में उड़ सकूँ!";"Fogj meg, és húzz fel vagy le, hogy a levegőben repüljek!";"Haltu mér og dragðu mig upp eða niður svo ég geti flogið!";"Pegang aku lalu seret ke atas atau bawah agar aku terbang di udara!";"Coinnigh greim orm agus tarraing suas nó síos mé chun eitilt san aer!";"Afferrami e trascinami su o giù per farmi volare!";"ぼくを押さえて上下にドラッグすると、空を飛べるよ！";"ನನ್ನನ್ನು ಹಿಡಿದು ಮೇಲಕ್ಕೆ ಅಥವಾ ಕೆಳಕ್ಕೆ ಎಳೆ, ನಾನು ಗಾಳಿಯಲ್ಲಿ ಹಾರುತ್ತೇನೆ!";"Мені ұстап, жоғары не төмен сүйре — ауада ұшамын!";"ចាប់ខ្ញុំ ហើយអូសឡើងឬចុះ ដើម្បីឱ្យខ្ញុំហោះក្នុងអាកាស!";"나를 누른 채 위아래로 끌면 공중을 날 수 있어요!";"ຈັບຂ້ອຍແລ້ວລາກຂຶ້ນຫຼືລົງ ເພື່ອໃຫ້ຂ້ອຍບິນ!";"Turi mani un velc uz augšu vai leju, lai es lidotu!";"Laikyk mane ir tempk aukštyn arba žemyn, kad skrisčiau ore!";"Држи ме и повлечи ме нагоре или надолу за да летам!";"Pegang saya dan seret ke atas atau bawah supaya saya boleh terbang!";"എന്നെ പിടിച്ച് മുകളിലേക്കോ താഴേക്കോ വലിക്കൂ, ഞാൻ വായുവിലൂടെ പറക്കും!";"मला धरून वर किंवा खाली ओढ, म्हणजे मी हवेत उडेन!";"Намайг бариад дээш эсвэл доош чирвэл би агаарт ниснэ!";"मलाई समातेर माथि वा तल तान, म हावामा उड्छु!";"Hold meg og dra meg opp eller ned så jeg kan fly gjennom luften!";"ମୋତେ ଧରି ଉପରକୁ କିମ୍ବା ତଳକୁ ଟାଣ, ମୁଁ ଆକାଶରେ ଉଡିବି!";"من را بگیر و بالا یا پایین بکش تا در هوا پرواز کنم!";"Przytrzymaj mnie i przeciągnij w górę lub w dół, żebym leciał/a!";"Agarra-me e arrasta-me para cima ou para baixo para eu voar!";"ਮੈਨੂੰ ਫੜੋ ਅਤੇ ਉੱਪਰ ਜਾਂ ਹੇਠਾਂ ਖਿੱਚੋ ਤਾਂ ਕਿ ਮੈਂ ਹਵਾ ਵਿੱਚ ਉੱਡਾਂ!";"Ține-mă și trage-mă în sus sau în jos ca să zbor prin aer!";"Удерживай меня и тяни вверх или вниз, чтобы я летел по воздуху!";"Држи ме и повуци горе или доле да летим кроз ваздух!";"මාව අල්ලගෙන ඉහළට හෝ පහළට ඇදගෙන යන්න, එතකොට මම පියාඹනවා!";"Chyť ma a potiahni hore alebo dole, aby som mohol/la lietať!";"Primi me in me povleci gor ali dol, da bom letel/a po zraku!";"Agárrame y arrástrame hacia arriba o abajo para volar por el aire.";"Nishike na uniburute juu au chini ili niruke hewani!";"Håll i mig och dra mig upp eller ner så att jag flyger genom luften!";"என்னைப் பிடித்து மேலோ கீழோ இழு; நான் காற்றில் பறப்பேன்!";"నన్ను పట్టుకుని పైకి లేదా కిందికి లాగు; నేను గాల్లో ఎగురుతాను!";"กดค้างที่ฉันแล้วลากขึ้นหรือลง เพื่อให้ฉันบินไปในอากาศ!";"ང་འཇུས་ནས་ཡར་མར་འདྲུད། ང་མཁའ་ལ་འཕུར་ཐུབ།";"Beni tutup yukarı veya aşağı sürükle, havada uçayım!";"Тримай мене й тягни вгору або вниз, щоб я летів у повітрі!";"مجھے پکڑ کر اوپر یا نیچے کھینچیں تاکہ میں ہوا میں اڑ سکوں!";"مېنى تۇتۇپ ئۈستىگە ياكى ئاستىغا سۆرەڭ، مەن ھاۋادا ئۇچىمەن!";"Meni ushlab, yuqoriga yoki pastga torting, shunda havoda uchaman!";"Giữ và kéo tôi lên hoặc xuống để tôi bay trong không trung!";"Dalia fi a llusga fi i fyny neu i lawr er mwyn i mi hedfan!";"Ngibambe ungidonsele phezulu noma phansi ukuze ngindize emoyeni!"
"tutorial.step2";"";"A speech bubble during the guided first game, or the notice explaining why the tutorial cannot start. Aim for 110 characters or fewer.";"Tap above or below me. I’ll fly straight that way!";"Tik boven of onder me. Dan vlieg ik meteen die kant op!";"Tik bo of onder my. Ek vlieg reguit daardie kant toe!";"Prek sipër ose poshtë meje. Do të fluturoj drejt andej!";"ከላዬ ወይም ከታቼ ንካ። ቀጥታ ወደዚያ እበራለሁ!";"اضغط فوقي أو تحتي. سأطير مباشرة في ذلك الاتجاه!";"Հպիր ինձնից վեր կամ վար։ Ես ուղիղ այդ կողմ կթռչեմ։";"মোৰ ওপৰত বা তলত টেপ কৰা। মই পোনে সেইফালে উৰিম!";"Üstümə və ya altıma toxun. Düz həmin istiqamətə uçacağam!";"Ukitu nire gainean edo azpian. Zuzenean norabide horretan hegan egingo dut!";"Націсні вышэй або ніжэй мяне. Я палячу проста туды!";"আমার ওপর বা নিচে ট্যাপ করো। আমি সোজা সেদিকেই উড়ব!";"Tapni iznad ili ispod mene. Poletjet ću ravno tamo!";"Докосни над или под мен. Ще полетя право натам!";"ငါ့အပေါ် သို့မဟုတ် အောက်ကို တို့ပါ။ အဲဒီဘက်ကို တန်းပျံမယ်!";"Toca per sobre o per sota meu. Volaré recte cap allà!";"点我上方或下方，我会直接朝那个方向飞！";"Dotakni iznad ili ispod mene. Poletjet ću ravno tamo!";"Klepni nade mě nebo pode mě. Poletím přímo tím směrem!";"Tryk over eller under mig. Jeg flyver lige den vej!";"Puuduta minu kohal või all. Lendan otse selles suunas!";"Trýst oman fyri ella niðan fyri meg. Eg flúgvi beint tann vegin!";"Napauta ylä- tai alapuolelleni. Lennän suoraan siihen suuntaan!";"Touche au-dessus ou en dessous de moi. Je volerai tout droit dans cette direction !";"Toca por riba ou por baixo de min. Voarei directo cara alí!";"შემეხე ზემოთ ან ქვემოთ. პირდაპირ იმ მიმართულებით გავფრინდები!";"Tippe über oder unter mich. Ich fliege direkt in diese Richtung!";"Πάτησε πάνω ή κάτω από μένα. Θα πετάξω ευθεία προς τα εκεί!";"મારા ઉપર કે નીચે ટેપ કરો. હું સીધો એ દિશામાં ઉડીશ!";"הקישו מעליי או מתחתיי. אעוף ישר לכיוון הזה!";"मेरे ऊपर या नीचे टैप करो। मैं सीधे उसी तरफ उड़ूँगा!";"Koppints fölém vagy alám. Egyenesen arra repülök!";"Pikkaðu fyrir ofan eða neðan mig. Ég flýg beint þangað!";"Ketuk di atas atau bawahku. Aku akan terbang lurus ke arah itu!";"Tapáil os mo chionn nó fúm. Eitleoidh mé díreach sa treo sin!";"Tocca sopra o sotto di me. Volerò dritto in quella direzione!";"ぼくの上か下をタップしてね。その方向へまっすぐ飛ぶよ！";"ನನ್ನ ಮೇಲೋ ಕೆಳಗೋ ಟ್ಯಾಪ್ ಮಾಡು. ನಾನು ನೇರವಾಗಿ ಆ ದಿಕ್ಕಿಗೆ ಹಾರುತ್ತೇನೆ!";"Менің үстіме не астыма түрт. Сол жаққа тура ұшамын!";"ប៉ះខាងលើឬខាងក្រោមខ្ញុំ។ ខ្ញុំនឹងហោះត្រង់ទៅទិសនោះ!";"내 위나 아래를 탭하세요. 그쪽으로 곧장 날아갈게요!";"ແຕະເທິງຫຼືລຸ່ມຂ້ອຍ. ຂ້ອຍຈະບິນກົງໄປທາງນັ້ນ!";"Pieskaries virs vai zem manis. Es lidošu taisni tajā virzienā!";"Bakstelėk virš arba po manimi. Skrisiu tiesiai ta kryptimi!";"Допрете над или под мене. Ќе летам право во таа насока!";"Ketik di atas atau bawah saya. Saya akan terbang terus ke arah itu!";"എന്റെ മുകളിലോ താഴെയോ ടാപ്പ് ചെയ്യൂ. ഞാൻ നേരെ ആ ദിശയിൽ പറക്കും!";"माझ्या वर किंवा खाली टॅप कर. मी सरळ त्या दिशेने उडेन!";"Миний дээр эсвэл доор товш. Би шууд тэр зүг ниснэ!";"मेरो माथि वा तल ट्याप गर। म सीधै त्यतैतिर उड्छु!";"Trykk over eller under meg. Jeg flyr rett den veien!";"ମୋ ଉପରେ କିମ୍ବା ତଳେ ଟ୍ୟାପ୍ କର। ମୁଁ ସିଧା ସେହି ଦିଗକୁ ଉଡିବି!";"بالا یا پایین من بزن. مستقیم همان طرف پرواز می‌کنم!";"Dotknij nad lub pod mną. Polecę prosto w tę stronę!";"Toca acima ou abaixo de mim. Vou voar a direito nessa direção!";"ਮੇਰੇ ਉੱਪਰ ਜਾਂ ਹੇਠਾਂ ਟੈਪ ਕਰੋ। ਮੈਂ ਸਿੱਧਾ ਉਸੇ ਪਾਸੇ ਉੱਡਾਂਗਾ!";"Atinge deasupra sau dedesubtul meu. Voi zbura direct în acea direcție!";"Нажми выше или ниже меня. Я полечу прямо в ту сторону!";"Додирни изнад или испод мене. Полетећу право тамо!";"මගේ ඉහළින් හෝ පහළින් ටැප් කරන්න. මම කෙළින්ම ඒ දිශාවට පියාඹනවා!";"Ťukni nado mňa alebo podo mňa. Poletím priamo tým smerom!";"Tapni nad ali pod mano. Poletel/a bom naravnost v tisto smer!";"Toca encima o debajo de mí. Volaré en línea recta hacia allí.";"Gusa juu au chini yangu. Nitaruka moja kwa moja upande huo!";"Tryck ovanför eller under mig. Jag flyger rakt åt det hållet!";"என் மேலோ கீழோ தட்டு. நான் நேராக அந்தத் திசையில் பறப்பேன்!";"నా పైన లేదా కింద ట్యాప్ చేయి. నేను నేరుగా ఆ దిశలో ఎగురుతాను!";"แตะเหนือหรือใต้ตัวฉัน ฉันจะบินตรงไปทางนั้น!";"ངའི་སྟེང་ངམ་འོག་ལ་རེག ང་ཐད་ཀར་ཕྱོགས་དེར་འཕུར་གྱི་ཡིན།";"Üstüme veya altıma dokun. Doğruca o yöne uçacağım!";"Натисни вище або нижче мене. Я полечу прямо в той бік!";"میرے اوپر یا نیچے ٹیپ کریں۔ میں سیدھا اسی طرف اڑوں گا!";"مېنىڭ ئۈستۈمگە ياكى ئاستىمغا چېكىڭ. مەن توغرا شۇ تەرەپكە ئۇچىمەن!";"Ustimga yoki pastimga bosing. To‘g‘ri o‘sha tomonga uchaman!";"Chạm phía trên hoặc dưới tôi. Tôi sẽ bay thẳng theo hướng đó!";"Tapa uwchben neu islaw fi. Byddaf yn hedfan yn syth i’r cyfeiriad hwnnw!";"Thinta ngenhla noma ngezansi kwami. Ngizondiza ngiqonde kuleyo ndlela!"
"tutorial.step3";"";"A speech bubble during the guided first game, or the notice explaining why the tutorial cannot start. Aim for 110 characters or fewer.";"Can’t see the right answer? Dive underneath the hoops!";"Zie je het goede antwoord niet? Duik dan onder de hoepels door!";"Sien jy nie die regte antwoord nie? Duik onder die hoepels deur!";"S’e sheh përgjigjen e saktë? Zhytu poshtë rrathëve!";"ትክክለኛውን መልስ አላየህም? ከቀለበቶቹ በታች ግባ!";"لا ترى الإجابة الصحيحة؟ انخفض ومرّ من تحت الحلقات!";"Չե՞ս տեսնում ճիշտ պատասխանը։ Սուզվիր օղակների տակով։";"সঠিক উত্তৰ দেখা নাই? বলয়বোৰৰ তলেদি ডুব মাৰা!";"Düzgün cavabı görmürsən? Halqaların altından keç!";"Ez duzu erantzun zuzena ikusten? Murgildu uztai azpitik!";"Не бачыш правільны адказ? Нырні пад абручамі!";"সঠিক উত্তর দেখতে পাচ্ছ না? বলয়গুলোর নিচ দিয়ে চলে যাও!";"Ne vidiš tačan odgovor? Zaroni ispod obruča!";"Не виждаш верния отговор? Гмурни се под обръчите!";"အဖြေမှန် မမြင်ဘူးလား? ကွင်းတွေအောက်ကနေ လျှောဆင်းပါ!";"No veus la resposta correcta? Passa per sota dels cèrcols!";"看不到正确答案？从圆环下面钻过去！";"Ne vidiš točan odgovor? Zaroni ispod obruča!";"Nevidíš správnou odpověď? Proleť pod obručemi!";"Kan du ikke se det rigtige svar? Dyk under ringene!";"Õiget vastust ei näe? Sukeldu rõngaste alt läbi!";"Sært tú ikki rætta svarið? Kava undir ringarnar!";"Etkö näe oikeaa vastausta? Sukella vanteiden alta!";"Tu ne vois pas la bonne réponse ? Passe sous les cerceaux !";"Non ves a resposta correcta? Mergúllate por baixo dos aros!";"სწორ პასუხს ვერ ხედავ? ჩაყვინთე რგოლების ქვემოთ!";"Siehst du die richtige Antwort nicht? Tauch unter den Reifen durch!";"Δεν βλέπεις τη σωστή απάντηση; Βούτα κάτω από τα στεφάνια!";"સાચો જવાબ દેખાતો નથી? વલયો નીચે ડાઇવ કરો!";"לא רואים את התשובה הנכונה? צללו מתחת לחישוקים!";"सही जवाब नहीं दिख रहा? छल्लों के नीचे से निकल जाओ!";"Nem látod a helyes választ? Bukj a karikák alá!";"Sérðu ekki rétta svarið? Kafaðu undir hringina!";"Tidak melihat jawaban yang benar? Menyelamlah di bawah simpai!";"Ní fheiceann tú an freagra ceart? Tum faoi na fonsaí!";"Non vedi la risposta giusta? Passa sotto i cerchi!";"正しい答えが見えない？フープの下をくぐろう！";"ಸರಿಯಾದ ಉತ್ತರ ಕಾಣುತ್ತಿಲ್ಲವೇ? ವಲಯಗಳ ಕೆಳಗಿನಿಂದ ಹಾರಿ ಹೋಗು!";"Дұрыс жауап көрінбей ме? Шеңберлердің астынан сүңгі!";"មិនឃើញចម្លើយត្រឹមត្រូវទេ? ហោះចុះក្រោមរង្វង់!";"정답이 안 보여요? 후프 아래로 내려가세요!";"ບໍ່ເຫັນຄຳຕອບທີ່ຖືກບໍ? ບິນລົງລຸ່ມວົງ!";"Neredzi pareizo atbildi? Nirsti zem riņķiem!";"Nematai teisingo atsakymo? Nerk po lankais!";"Не го гледаш точниот одговор? Нурни под обрачите!";"Tak nampak jawapan betul? Terbang di bawah gelung!";"ശരിയായ ഉത്തരം കാണുന്നില്ലേ? വളയങ്ങളുടെ അടിയിലൂടെ പോകൂ!";"बरोबर उत्तर दिसत नाही? वलयांच्या खालून जा!";"Зөв хариу харагдахгүй байна уу? Цагиргуудын доогуур шумба!";"सही उत्तर देखिँदैन? घेराहरूको तलबाट जाऊ!";"Ser du ikke riktig svar? Dykk under ringene!";"ଠିକ୍ ଉତ୍ତର ଦେଖୁନାହିଁ? ବଳୟଗୁଡ଼ିକ ତଳେ ଯାଅ!";"جواب درست را نمی‌بینی؟ از زیر حلقه‌ها رد شو!";"Nie widzisz poprawnej odpowiedzi? Zanurkuj pod obręczami!";"Não vês a resposta certa? Mergulha por baixo dos aros!";"ਸਹੀ ਜਵਾਬ ਨਹੀਂ ਦਿਖ ਰਿਹਾ? ਛੱਲਿਆਂ ਦੇ ਹੇਠੋਂ ਲੰਘੋ!";"Nu vezi răspunsul corect? Treci pe sub cercuri!";"Не видишь правильный ответ? Нырни под обручами!";"Не видиш тачан одговор? Зарони испод обруча!";"හරි උත්තරය පේන්නේ නැද්ද? වළලු යටින් යන්න!";"Nevidíš správnu odpoveď? Ponor sa pod obruče!";"Ne vidiš pravilnega odgovora? Potopi se pod obroče!";"¿No ves la respuesta correcta? ¡Pasa por debajo de los aros!";"Huoni jibu sahihi? Pita chini ya vitanzi!";"Ser du inte rätt svar? Dyk under ringarna!";"சரியான பதில் தெரியவில்லையா? வளையங்களின் கீழே பறந்து செல்!";"సరైన సమాధానం కనిపించడంలేదా? వలయాల కింద నుంచి వెళ్లు!";"ไม่เห็นคำตอบที่ถูกใช่ไหม? บินลอดใต้ห่วงไปเลย!";"ལན་འགྲིག་པ་མཐོང་མི་ཐུབ་བམ། ཨ་ལོང་གི་འོག་ནས་འཕུར།";"Doğru cevabı göremiyor musun? Çemberlerin altından geç!";"Не бачиш правильної відповіді? Пірнай під обручами!";"صحیح جواب نظر نہیں آ رہا؟ حلقوں کے نیچے سے گزریں!";"توغرا جاۋاب كۆرۈنمەمدۇ؟ چەمبەرلەرنىڭ ئاستىدىن ئۆتۈڭ!";"To‘g‘ri javob ko‘rinmayaptimi? Chambarlar ostidan uching!";"Không thấy đáp án đúng? Hãy bay xuống dưới các vòng!";"Methu gweld yr ateb cywir? Plymia o dan y cylchoedd!";"Awuyiboni impendulo efanele? Ndiza ngaphansi kwamaringi!"
"tutorial.step4";"";"A speech bubble during the guided first game, or the notice explaining why the tutorial cannot start. Aim for 115 characters or fewer.";"Quickly solve the sum above the hoops! Fly through the correct answer and score 1 point.";"Reken snel de som boven de hoepels uit! Vlieg door het goede antwoord en pak 1 punt.";"Los vinnig die som bo die hoepels op! Vlieg deur die regte antwoord en kry 1 punt.";"Zgjidh shpejt veprimin mbi rrathë! Fluturo te përgjigjja e saktë dhe merr 1 pikë.";"ከቀለበቶቹ በላይ ያለውን ሂሳብ ፈጥነህ ፍታ! ትክክለኛውን መልስ አልፈህ 1 ነጥብ አግኝ።";"حل المسألة فوق الحلقات بسرعة! طر عبر الإجابة الصحيحة لتحصل على نقطة واحدة.";"Արագ լուծիր օղակների վերևի օրինակը։ Թռիր ճիշտ պատասխանի միջով և ստացիր 1 միավոր։";"বলয়ৰ ওপৰৰ অংকটো সোনকালে কৰা! সঠিক উত্তৰৰ মাজেৰে উৰি 1 পইণ্ট লোৱা।";"Halqaların üstündəki misalı tez həll et! Düzgün cavabdan uç və 1 xal qazan.";"Ebatzi azkar uztaien gaineko kalkulua! Hegan egin erantzun zuzenetik eta lortu puntu 1.";"Хутка рашы прыклад над абручамі! Праляці праз правільны адказ і атрымай 1 бал.";"বলয়ের ওপরের অঙ্কটি দ্রুত করো! সঠিক উত্তরের মধ্য দিয়ে উড়ে 1 পয়েন্ট পাও।";"Brzo riješi zadatak iznad obruča! Proleti kroz tačan odgovor i osvoji 1 bod.";"Реши бързо задачата над обръчите! Мини през верния отговор и вземи 1 точка.";"ကွင်းတွေအပေါ်က ပုစ္ဆာကို မြန်မြန်ဖြေပါ! အဖြေမှန်ကနေ ပျံပြီး 1 မှတ်ရယူပါ။";"Resol ràpid la suma sobre els cèrcols! Vola per la resposta correcta i guanya 1 punt.";"快算出圆环上方的算式！飞过正确答案，得 1 分。";"Brzo riješi zadatak iznad obruča! Proleti kroz točan odgovor i osvoji 1 bod.";"Rychle spočítej příklad nad obručemi! Proleť správnou odpovědí a získej 1 bod.";"Løs hurtigt regnestykket over ringene! Flyv gennem det rigtige svar og få 1 point.";"Lahenda kiiresti rõngaste kohal olev tehe! Lenda läbi õige vastuse ja saa 1 punkt.";"Rokna skjótt stykkið yvir ringunum! Flúgv gjøgnum rætta svarið og fá 1 stig.";"Ratkaise nopeasti vanteiden yllä oleva lasku! Lennä oikean vastauksen läpi ja saat 1 pisteen.";"Résous vite le calcul au-dessus des cerceaux ! Traverse la bonne réponse et marque 1 point.";"Resolve axiña a conta sobre os aros! Voa pola resposta correcta e gaña 1 punto.";"სწრაფად ამოხსენი რგოლების ზემოთ მაგალითი! გაიფრინე სწორ პასუხში და მიიღე 1 ქულა.";"Löse schnell die Aufgabe über den Reifen! Flieg durch die richtige Antwort und hol dir 1 Punkt.";"Λύσε γρήγορα την πράξη πάνω από τα στεφάνια! Πέτα από τη σωστή απάντηση και πάρε 1 πόντο.";"વલયો ઉપરનો દાખલો ઝડપથી ઉકેલો! સાચા જવાબમાંથી ઉડીને 1 પોઇન્ટ મેળવો.";"פתרו מהר את התרגיל שמעל החישוקים! עופו דרך התשובה הנכונה וקבלו נקודה אחת.";"छल्लों के ऊपर का सवाल जल्दी हल करो! सही जवाब से उड़कर 1 अंक पाओ।";"Gyorsan oldd meg a karikák fölötti feladatot! Repülj át a helyes válaszon, és szerezz 1 pontot.";"Leystu dæmið yfir hringjunum hratt! Fljúgðu í gegnum rétta svarið og fáðu 1 stig.";"Cepat selesaikan soal di atas simpai! Terbang lewat jawaban benar dan raih 1 poin.";"Réitigh an tsuim os cionn na bhfonsaí go tapa! Eitil tríd an bhfreagra ceart agus faigh 1 phointe.";"Risolvi in fretta il calcolo sopra i cerchi! Vola nella risposta giusta e ottieni 1 punto.";"フープの上の計算を急いで解こう！正しい答えを通ると1ポイント！";"ವಲಯಗಳ ಮೇಲಿನ ಲೆಕ್ಕವನ್ನು ಬೇಗ ಬಿಡಿಸು! ಸರಿಯಾದ ಉತ್ತರದ ಮೂಲಕ ಹಾರಿ 1 ಅಂಕ ಗಳಿಸು.";"Шеңберлер үстіндегі есепті тез шығар! Дұрыс жауаптан ұшып өтіп, 1 ұпай ал.";"ដោះស្រាយលំហាត់លើរង្វង់ឱ្យលឿន! ហោះកាត់ចម្លើយត្រឹមត្រូវ ហើយបាន 1 ពិន្ទុ។";"후프 위의 계산을 빨리 풀어요! 정답을 통과하면 1점을 얻어요.";"ແກ້ໂຈດເທິງວົງໃຫ້ໄວ! ບິນຜ່ານຄຳຕອບຖືກ ແລະໄດ້ 1 ຄະແນນ.";"Ātri atrisini piemēru virs riņķiem! Lido caur pareizo atbildi un iegūsti 1 punktu.";"Greitai išspręsk uždavinį virš lankų! Skrisk per teisingą atsakymą ir gauk 1 tašką.";"Брзо реши ја задачата над обрачите! Летај низ точниот одговор и освои 1 поен.";"Cepat selesaikan soalan di atas gelung! Terbang melalui jawapan betul dan dapat 1 mata.";"വളയങ്ങളുടെ മുകളിലെ കണക്ക് വേഗം ചെയ്യൂ! ശരിയുത്തരത്തിലൂടെ പറന്ന് 1 പോയിന്റ് നേടൂ.";"वलयांच्या वरचे गणित पटकन सोडव! बरोबर उत्तरातून उड आणि 1 गुण मिळव.";"Цагиргуудын дээрх бодлогыг хурдан бод! Зөв хариугаар нисээд 1 оноо аваарай.";"घेरामाथिको हिसाब छिटो गर! सही उत्तरबाट उडेर 1 अंक पाऊ।";"Løs raskt regnestykket over ringene! Fly gjennom riktig svar og få 1 poeng.";"ବଳୟ ଉପରର ଗଣିତ ଶୀଘ୍ର କର! ଠିକ୍ ଉତ୍ତର ଭିତରୁ ଉଡି 1 ପଏଣ୍ଟ ନିଅ।";"مسئلهٔ بالای حلقه‌ها را سریع حل کن! از جواب درست رد شو و ۱ امتیاز بگیر.";"Szybko rozwiąż działanie nad obręczami! Przeleć przez dobrą odpowiedź i zdobądź 1 punkt.";"Resolve depressa a conta acima dos aros! Voa pela resposta certa e ganha 1 ponto.";"ਛੱਲਿਆਂ ਉੱਪਰ ਵਾਲਾ ਹਿਸਾਬ ਜਲਦੀ ਕਰੋ! ਸਹੀ ਜਵਾਬ ਵਿੱਚੋਂ ਉੱਡ ਕੇ 1 ਅੰਕ ਲਵੋ।";"Rezolvă repede exercițiul deasupra cercurilor! Zboară prin răspunsul corect și ia 1 punct.";"Быстро реши пример над обручами! Пролети через правильный ответ и получи 1 очко.";"Брзо реши задатак изнад обруча! Пролети кроз тачан одговор и освоји 1 поен.";"වළලු උඩ තියෙන ගණන ඉක්මනින් විසඳන්න! හරි උත්තරයෙන් පියාඹලා ලකුණ 1ක් ගන්න.";"Rýchlo vyrieš príklad nad obručami! Preleť cez správnu odpoveď a získaj 1 bod.";"Hitro reši račun nad obroči! Poleti skozi pravilen odgovor in dobi 1 točko.";"¡Resuelve rápido la cuenta sobre los aros! Vuela por la respuesta correcta y gana 1 punto.";"Tatua haraka hesabu iliyo juu ya vitanzi! Pitia jibu sahihi na upate pointi 1.";"Lös snabbt talet ovanför ringarna! Flyg genom rätt svar och få 1 poäng.";"வளையங்களின் மேலுள்ள கணக்கை விரைவாக செய்! சரியான பதிலில் பறந்து 1 புள்ளி பெறு.";"వలయాల పైనున్న లెక్కను త్వరగా చేయి! సరైన సమాధానం గుండా ఎగిరి 1 పాయింట్ పొందు.";"รีบทำโจทย์เหนือห่วง! บินผ่านคำตอบที่ถูกแล้วรับ 1 คะแนน";"ཨ་ལོང་སྟེང་གི་རྩིས་མགྱོགས་པོ་བརྒྱབ། ལན་འགྲིག་པའི་ནང་ནས་འཕུར་ནས་སྐར 1 ལོན།";"Çemberlerin üstündeki işlemi hızlıca çöz! Doğru cevaptan uç ve 1 puan kazan.";"Швидко розв’яжи приклад над обручами! Пролети крізь правильну відповідь і отримай 1 бал.";"حلقوں کے اوپر والا سوال جلد حل کریں! صحیح جواب سے گزریں اور 1 پوائنٹ لیں۔";"چەمبەر ئۈستىدىكى ھېسابنى تېز يېشىڭ! توغرا جاۋابتىن ئۇچۇپ ئۆتۈپ 1 نومۇر ئېلىڭ.";"Chambarlar ustidagi misolni tez yeching! To‘g‘ri javobdan uchib o‘tib 1 ball oling.";"Giải nhanh phép tính phía trên các vòng! Bay qua đáp án đúng để được 1 điểm.";"Datrys y swm uwchben y cylchoedd yn gyflym! Hedfana drwy’r ateb cywir a chael 1 pwynt.";"Xazulula ngokushesha isibalo esingaphezu kwamaringi! Ndiza empendulweni efanele uthole iphuzu eli-1."
"tutorial.step5";"";"A speech bubble during the guided first game, or the notice explaining why the tutorial cannot start. Aim for 124 characters or fewer.";"Know the answer already? Tap the correct hoop for TURBO! Tap before the cone to score 2 points.";"Weet je het antwoord al? Tik op de juiste hoepel voor TURBO! Tik vóór de pion en pak 2 punten.";"Weet jy reeds die antwoord? Tik die regte hoepel vir TURBO! Tik voor die keël en kry 2 punte.";"E di përgjigjen? Prek rrethin e saktë për TURBO! Prek para konit dhe merr 2 pikë.";"መልሱን ታውቃለህ? ለTURBO ትክክለኛውን ቀለበት ንካ! ከኮኑ በፊት ንካና 2 ነጥብ አግኝ።";"تعرف الإجابة؟ اضغط الحلقة الصحيحة لـ TURBO! اضغط قبل المخروط لتحصل على نقطتين.";"Գիտե՞ս պատասխանը։ Հպիր ճիշտ օղակին TURBO-ի համար։ Հպիր մինչև կոնը և ստացիր 2 միավոր։";"উত্তৰ জানানে? TURBOৰ বাবে সঠিক বলয়ত টেপ কৰা! কনৰ আগতে টেপ কৰি 2 পইণ্ট লোৱা।";"Cavabı bilirsən? TURBO üçün düzgün halqaya toxun! Konusdan əvvəl toxun və 2 xal qazan.";"Badakizu erantzuna? Ukitu uztai zuzena TURBO lortzeko! Ukitu konoa baino lehen eta lortu 2 puntu.";"Ведаеш адказ? Націсні правільны абруч для TURBO! Націсні да конуса і атрымай 2 балы.";"উত্তর জানো? TURBO-এর জন্য সঠিক বলয়ে ট্যাপ করো! কোনের আগে ট্যাপ করে 2 পয়েন্ট পাও।";"Znaš odgovor? Tapni tačan obruč za TURBO! Tapni prije čunja i osvoji 2 boda.";"Знаеш отговора? Докосни верния обръч за TURBO! Докосни преди конуса и вземи 2 точки.";"အဖြေသိပြီလား? TURBO အတွက် ကွင်းမှန်ကိုတို့ပါ! ကွန်မတိုင်ခင်တို့ပြီး 2 မှတ်ရယူပါ။";"Ja saps la resposta? Toca el cèrcol correcte per al TURBO! Toca abans del con i guanya 2 punts.";"已经知道答案？点正确圆环开启 TURBO！在路锥前点中可得 2 分。";"Znaš odgovor? Dotakni točan obruč za TURBO! Dotakni prije čunja i osvoji 2 boda.";"Znáš odpověď? Klepni na správný obruč pro TURBO! Klepni před kuželem a získej 2 body.";"Kender du svaret? Tryk på den rigtige ring for TURBO! Tryk før keglen og få 2 point.";"Tead vastust? TURBO jaoks puuduta õiget rõngast! Puuduta enne koonust ja saa 2 punkti.";"Kennir tú svarið? Trýst á rætta ringin fyri TURBO! Trýst áðrenn keyluna og fá 2 stig.";"Tiedätkö vastauksen? Napauta oikeaa vannetta TURBOA varten! Napauta ennen kartiota ja saat 2 pistettä.";"Tu connais la réponse ? Touche le bon cerceau pour le TURBO ! Touche avant le cône et marque 2 points.";"Xa sabes a resposta? Toca o aro correcto para TURBO! Toca antes do cono e gaña 2 puntos.";"პასუხი უკვე იცი? TURBO-სთვის სწორ რგოლს შეეხე! კონუსამდე შეეხე და მიიღე 2 ქულა.";"Weißt du die Antwort? Tippe den richtigen Reifen für TURBO! Tippe vor dem Kegel und hol dir 2 Punkte.";"Ξέρεις την απάντηση; Πάτησε το σωστό στεφάνι για TURBO! Πάτησε πριν τον κώνο και πάρε 2 πόντους.";"જવાબ ખબર છે? TURBO માટે સાચા વલય પર ટેપ કરો! કોન પહેલાં ટેપ કરીને 2 પોઇન્ટ મેળવો.";"יודעים את התשובה? הקישו על החישוק הנכון ל-TURBO! הקישו לפני הקונוס וקבלו 2 נקודות.";"जवाब पता है? TURBO के लिए सही छल्ले पर टैप करो! कोन से पहले टैप करके 2 अंक पाओ।";"Tudod a választ? Koppints a jó karikára a TURBO-hoz! Koppints a bója előtt, és szerezz 2 pontot.";"Veistu svarið? Pikkaðu á rétta hringinn fyrir TURBO! Pikkaðu fyrir keiluna og fáðu 2 stig.";"Sudah tahu jawabannya? Ketuk simpai yang benar untuk TURBO! Ketuk sebelum kerucut dan raih 2 poin.";"An bhfuil an freagra ar eolas agat? Tapáil an fonsa ceart do TURBO! Tapáil roimh an gcón agus faigh 2 phointe.";"Sai già la risposta? Tocca il cerchio giusto per TURBO! Tocca prima del cono e ottieni 2 punti.";"答えが分かった？正しいフープをタップしてTURBO！コーンの手前でタップすると2ポイント！";"ಉತ್ತರ ಗೊತ್ತೇ? TURBOಗಾಗಿ ಸರಿಯಾದ ವಲಯ ಟ್ಯಾಪ್ ಮಾಡು! ಕೋನ್ ಮುಂಚೆ ಟ್ಯಾಪ್ ಮಾಡಿ 2 ಅಂಕ ಗಳಿಸು.";"Жауапты білесің бе? TURBO үшін дұрыс шеңберді түрт! Конусқа дейін түртіп, 2 ұпай ал.";"ដឹងចម្លើយហើយ? ប៉ះរង្វង់ត្រឹមត្រូវសម្រាប់ TURBO! ប៉ះមុនកោណ ហើយបាន 2 ពិន្ទុ។";"답을 알아요? TURBO를 위해 정답 후프를 탭하세요! 콘 전에 탭하면 2점을 얻어요.";"ຮູ້ຄຳຕອບແລ້ວ? ແຕະວົງທີ່ຖືກເພື່ອ TURBO! ແຕະກ່ອນກວຍແລ້ວໄດ້ 2 ຄະແນນ.";"Zini atbildi? Pieskaries pareizajam riņķim TURBO! Pieskaries pirms konusa un iegūsti 2 punktus.";"Žinai atsakymą? Bakstelėk teisingą lanką TURBO! Bakstelėk prieš kūgį ir gauk 2 taškus.";"Го знаеш одговорот? Допрете го точниот обрач за TURBO! Допрете пред конусот и освои 2 поени.";"Dah tahu jawapan? Ketik gelung betul untuk TURBO! Ketik sebelum kon dan dapat 2 mata.";"ഉത്തരം അറിയാമോ? TURBOയ്ക്ക് ശരിയായ വളയം ടാപ്പ് ചെയ്യൂ! കോണിന് മുമ്പ് ടാപ്പ് ചെയ്ത് 2 പോയിന്റ് നേടൂ.";"उत्तर माहीत आहे? TURBO साठी योग्य वलयावर टॅप कर! कोनच्या आधी टॅप करून 2 गुण मिळव.";"Хариуг мэдэж байна уу? TURBO-д зөв цагиргийг товш! Конусын өмнө товшоод 2 оноо аваарай.";"उत्तर थाहा छ? TURBO का लागि सही घेरामा ट्याप गर! कोनअघि ट्याप गरेर 2 अंक पाऊ।";"Vet du svaret? Trykk på riktig ring for TURBO! Trykk før kjeglen og få 2 poeng.";"ଉତ୍ତର ଜାଣିଛ? TURBO ପାଇଁ ଠିକ୍ ବଳୟ ଟ୍ୟାପ୍ କର! କୋନ୍ ପୂର୍ବରୁ ଟ୍ୟାପ୍ କରି 2 ପଏଣ୍ଟ ନିଅ।";"جواب را می‌دانی؟ برای TURBO روی حلقهٔ درست بزن! قبل از مخروط بزن و ۲ امتیاز بگیر.";"Znasz odpowiedź? Dotknij dobrej obręczy, by włączyć TURBO! Dotknij przed pachołkiem i zdobądź 2 punkty.";"Já sabes a resposta? Toca no aro certo para TURBO! Toca antes do cone e ganha 2 pontos.";"ਜਵਾਬ ਪਤਾ ਹੈ? TURBO ਲਈ ਸਹੀ ਛੱਲੇ 'ਤੇ ਟੈਪ ਕਰੋ! ਕੋਨ ਤੋਂ ਪਹਿਲਾਂ ਟੈਪ ਕਰਕੇ 2 ਅੰਕ ਲਵੋ।";"Știi răspunsul? Atinge cercul corect pentru TURBO! Atinge înainte de con și ia 2 puncte.";"Знаешь ответ? Нажми на правильный обруч для TURBO! Нажми до конуса и получи 2 очка.";"Знаш одговор? Додирни тачан обруч за TURBO! Додирни пре чуња и освоји 2 поена.";"උත්තරය දන්නවද? TURBO සඳහා හරි වළල්ල ටැප් කරන්න! කෝනයට කලින් ටැප් කරලා ලකුණු 2ක් ගන්න.";"Poznáš odpoveď? Ťukni na správny obruč pre TURBO! Ťukni pred kužeľom a získaj 2 body.";"Veš odgovor? Tapni pravi obroč za TURBO! Tapni pred stožcem in dobi 2 točki.";"¿Ya sabes la respuesta? Toca el aro correcto para TURBO. Toca antes del cono y gana 2 puntos.";"Unajua jibu? Gusa kitanzi sahihi kwa TURBO! Gusa kabla ya koni na upate pointi 2.";"Vet du svaret? Tryck på rätt ring för TURBO! Tryck före konen och få 2 poäng.";"பதில் தெரியுமா? TURBOக்கு சரியான வளையத்தைத் தட்டு! கோனுக்கு முன் தட்டி 2 புள்ளிகள் பெறு.";"సమాధానం తెలుసా? TURBO కోసం సరైన వలయాన్ని ట్యాప్ చేయి! కోన్‌కు ముందు ట్యాప్ చేసి 2 పాయింట్లు పొందు.";"รู้คำตอบแล้ว? แตะห่วงที่ถูกเพื่อใช้ TURBO! แตะก่อนกรวยแล้วรับ 2 คะแนน";"ལན་ཤེས་སམ། TURBO ཆེད་ཨ་ལོང་འགྲིག་པར་རེག ཀོན་གྱི་སྔོན་ལ་རེག་ནས་སྐར 2 ལོན།";"Cevabı biliyor musun? TURBO için doğru çembere dokun! Koniden önce dokun ve 2 puan kazan.";"Знаєш відповідь? Натисни правильний обруч для TURBO! Натисни до конуса й отримай 2 бали.";"جواب معلوم ہے؟ TURBO کے لیے صحیح حلقے پر ٹیپ کریں! کون سے پہلے ٹیپ کر کے 2 پوائنٹ لیں۔";"جاۋابنى بىلەمسىز؟ TURBO ئۈچۈن توغرا چەمبەرنى چېكىڭ! كوناكتىن بۇرۇن چېكىپ 2 نومۇر ئېلىڭ.";"Javobni bilasizmi? TURBO uchun to‘g‘ri chambarni bosing! Konusdan oldin bosib 2 ball oling.";"Biết đáp án rồi? Chạm vòng đúng để TURBO! Chạm trước cọc tiêu để được 2 điểm.";"Yn gwybod yr ateb? Tapa’r cylch cywir am TURBO! Tapa cyn y côn a chael 2 bwynt.";"Uyazi impendulo? Thinta iringi efanele ukuze uthole TURBO! Thinta ngaphambi kwekhoni uthole amaphuzu ama-2."
"tutorial.step6";"";"A speech bubble during the guided first game, or the notice explaining why the tutorial cannot start. Aim for 110 characters or fewer.";"Watch out! Fly through the wrong hoop and you’ll lose a life.";"Pas op! Vlieg je door een verkeerde hoepel, dan verlies je een leven.";"Pasop! Vlieg deur die verkeerde hoepel en jy verloor ’n lewe.";"Kujdes! Nëse kalon nëpër rrethin e gabuar, humbet një jetë.";"ተጠንቀቅ! በተሳሳተ ቀለበት ካለፍክ አንድ ሕይወት ታጣለህ።";"انتبه! إذا طرت عبر الحلقة الخاطئة فستفقد حياة.";"Զգույշ։ Սխալ օղակի միջով թռչելիս մեկ կյանք կկորցնես։";"সাৱধান! ভুল বলয়ৰ মাজেৰে উৰিলে এটা জীৱন হেৰুৱাবা।";"Diqqət! Səhv halqadan uçsan, bir can itirəcəksən.";"Kontuz! Uztai okerretik hegan eginez gero, bizitza bat galduko duzu.";"Асцярожна! Праляціш праз няправільны абруч — страціш жыццё.";"সাবধান! ভুল বলয়ের মধ্য দিয়ে উড়লে একটি জীবন হারাবে।";"Pazi! Ako proletiš kroz pogrešan obruč, izgubit ćeš jedan život.";"Внимавай! Ако минеш през грешния обръч, ще загубиш един живот.";"သတိထား! ကွင်းမှားကနေ ပျံသွားရင် အသက်တစ်ခု ဆုံးရှုံးမယ်။";"Compte! Si passes pel cèrcol equivocat, perdràs una vida.";"小心！飞过错误的圆环会失去一条命。";"Pazi! Ako proletiš kroz pogrešan obruč, izgubit ćeš jedan život.";"Pozor! Když proletíš špatným obručem, ztratíš jeden život.";"Pas på! Flyver du gennem den forkerte ring, mister du et liv.";"Ettevaatust! Vale rõnga läbimisel kaotad ühe elu.";"Varða teg! Flýgur tú gjøgnum skeivan ring, missir tú eitt lív.";"Varo! Jos lennät väärän vanteen läpi, menetät yhden elämän.";"Attention ! Si tu traverses le mauvais cerceau, tu perdras une vie.";"Ollo! Se voas polo aro incorrecto, perderás unha vida.";"ფრთხილად! თუ არასწორ რგოლში გაიფრენ, ერთ სიცოცხლეს დაკარგავ.";"Vorsicht! Fliegst du durch den falschen Reifen, verlierst du ein Leben.";"Πρόσεχε! Αν πετάξεις από το λάθος στεφάνι, θα χάσεις μια ζωή.";"સાવધાન! ખોટા વલયમાંથી ઉડશો તો એક જીવન ગુમાવશો.";"זהירות! אם תעופו דרך החישוק הלא נכון, תאבדו חיים.";"सावधान! गलत छल्ले से उड़ोगे तो एक जान चली जाएगी।";"Vigyázz! Ha rossz karikán repülsz át, elveszítesz egy életet.";"Passaðu þig! Ef þú flýgur í gegnum rangan hring missirðu eitt líf.";"Hati-hati! Jika terbang lewat simpai yang salah, kamu kehilangan satu nyawa.";"Seachain! Má eitlíonn tú tríd an bhfonsa mícheart, caillfidh tú beatha.";"Attenzione! Se voli nel cerchio sbagliato, perderai una vita.";"気をつけて！間違ったフープを通るとライフを1つ失うよ。";"ಎಚ್ಚರಿಕೆ! ತಪ್ಪು ವಲಯದ ಮೂಲಕ ಹಾರಿದರೆ ಒಂದು ಜೀವ ಕಳೆದುಕೊಳ್ಳುತ್ತೀಯ.";"Абайла! Қате шеңберден ұшсаң, бір өмір жоғалтасың.";"ប្រយ័ត្ន! បើហោះកាត់រង្វង់ខុស អ្នកនឹងបាត់បង់ជីវិតមួយ។";"조심해요! 틀린 후프를 통과하면 목숨 하나를 잃어요.";"ລະວັງ! ຖ້າບິນຜ່ານວົງຜິດ ຈະເສຍຊີວິດໜຶ່ງ.";"Uzmanies! Ja izlidosi caur nepareizo riņķi, zaudēsi vienu dzīvību.";"Atsargiai! Jei skrisi per neteisingą lanką, prarasi vieną gyvybę.";"Внимавај! Ако леташ низ погрешен обрач, ќе изгубиш еден живот.";"Awas! Jika terbang melalui gelung yang salah, kamu akan hilang satu nyawa.";"ശ്രദ്ധിക്കൂ! തെറ്റായ വളയത്തിലൂടെ പറന്നാൽ ഒരു ജീവൻ നഷ്ടപ്പെടും.";"सावध! चुकीच्या वलयातून उडालास तर एक जीव गमावशील.";"Болгоомжтой! Буруу цагиргаар нисвэл нэг амь алдана.";"होसियार! गलत घेराबाट उड्यौ भने एउटा जीवन गुमाउँछौ।";"Pass på! Flyr du gjennom feil ring, mister du ett liv.";"ସାବଧାନ! ଭୁଲ ବଳୟ ଭିତରୁ ଉଡିଲେ ଗୋଟିଏ ଜୀବନ ହରାଇବ।";"مواظب باش! اگر از حلقهٔ اشتباه رد شوی، یک جان از دست می‌دهی.";"Uważaj! Jeśli przelecisz przez złą obręcz, stracisz jedno życie.";"Cuidado! Se voares pelo aro errado, perdes uma vida.";"ਸਾਵਧਾਨ! ਗਲਤ ਛੱਲੇ ਵਿੱਚੋਂ ਉੱਡੇ ਤਾਂ ਇੱਕ ਜ਼ਿੰਦਗੀ ਗੁਆਓਗੇ।";"Atenție! Dacă zbori prin cercul greșit, pierzi o viață.";"Осторожно! Пролетишь через неверный обруч — потеряешь одну жизнь.";"Пази! Ако пролетиш кроз погрешан обруч, изгубићеш један живот.";"පරිස්සම්! වැරදි වළල්ලෙන් පියාඹුවොත් ජීවිතයක් අහිමි වෙනවා.";"Pozor! Ak preletíš cez nesprávny obruč, stratíš jeden život.";"Pazi! Če poletiš skozi napačen obroč, izgubiš eno življenje.";"¡Cuidado! Si vuelas por el aro equivocado, perderás una vida.";"Jihadhari! Ukipitia kitanzi kisicho sahihi, utapoteza uhai mmoja.";"Se upp! Flyger du genom fel ring förlorar du ett liv.";"கவனம்! தவறான வளையத்தில் பறந்தால் ஒரு உயிரை இழப்பாய்.";"జాగ్రత్త! తప్పు వలయం గుండా ఎగిరితే ఒక ప్రాణం కోల్పోతావు.";"ระวัง! ถ้าบินผ่านห่วงผิด คุณจะเสียชีวิตหนึ่งครั้ง";"གཟབ་གཟབ། ཨ་ལོང་ནོར་བའི་ནང་ནས་འཕུར་ན་ཚེ་གཅིག་ཤོར་གྱི་རེད།";"Dikkat! Yanlış çemberden uçarsan bir can kaybedersin.";"Обережно! Пролетиш крізь неправильний обруч — втратиш одне життя.";"خبردار! غلط حلقے سے گزریں گے تو ایک جان کھو دیں گے۔";"دىققەت! خاتا چەمبەردىن ئۇچسىڭىز بىر جاننى يوقىتىسىز.";"Ehtiyot bo‘ling! Noto‘g‘ri chambardan uchsangiz, bir jon yo‘qotasiz.";"Cẩn thận! Bay qua vòng sai và bạn sẽ mất một mạng.";"Gwylia allan! Hedfana drwy’r cylch anghywir a byddi di’n colli bywyd.";"Qaphela! Uma undiza eringini engalungile, uzolahlekelwa impilo eyodwa."
"tutorial.step7";"";"A speech bubble during the guided first game, or the notice explaining why the tutorial cannot start. Aim for 110 characters or fewer.";"You know everything! Time to fly. Good luck!";"Je weet alles! Tijd om te vliegen. Succes!";"Jy weet alles! Tyd om te vlieg. Sterkte!";"I di të gjitha! Koha për të fluturuar. Paç fat!";"ሁሉንም ታውቃለህ! የመብረር ጊዜ ነው። መልካም ዕድል!";"أصبحت تعرف كل شيء! حان وقت الطيران. بالتوفيق!";"Ամեն ինչ գիտես։ Թռչելու ժամանակն է։ Հաջողություն։";"তুমি সকলো জানিলা! এতিয়া উৰাৰ সময়। শুভকামনা!";"Hər şeyi bilirsən! Uçmaq vaxtıdır. Uğurlar!";"Dena dakizu! Hegan egiteko garaia. Zorte on!";"Ты ўсё ведаеш! Час ляцець. Поспехаў!";"সবই জানো! এবার উড়ার সময়। শুভকামনা!";"Sve znaš! Vrijeme je za let. Sretno!";"Вече знаеш всичко! Време е за полет. Успех!";"အားလုံးသိပြီ! ပျံဖို့အချိန်ရောက်ပြီ။ ကံကောင်းပါစေ!";"Ja ho saps tot! És hora de volar. Bona sort!";"你全都学会了！该起飞了。祝你好运！";"Sve znaš! Vrijeme je za let. Sretno!";"Všechno už víš! Čas letět. Hodně štěstí!";"Du ved det hele! Tid til at flyve. Held og lykke!";"Sa tead kõike! Aeg lennata. Edu!";"Nú veitst tú alt! Tíð at flúgva. Góða eydnu!";"Osaat kaiken! Aika lentää. Onnea!";"Tu sais tout ! Il est temps de voler. Bonne chance !";"Xa o sabes todo! Hora de voar. Boa sorte!";"ყველაფერი იცი! ფრენის დროა. წარმატებები!";"Du weißt alles! Zeit zu fliegen. Viel Glück!";"Τα ξέρεις όλα! Ώρα να πετάξεις. Καλή τύχη!";"તમને બધું આવડે છે! હવે ઉડવાનો સમય. શુભેચ્છા!";"אתם יודעים הכול! הגיע הזמן לעוף. בהצלחה!";"तुम सब जान गए! अब उड़ने का समय है। शुभकामनाएँ!";"Mindent tudsz! Ideje repülni. Sok sikert!";"Þú kannt þetta allt! Tími til að fljúga. Gangi þér vel!";"Kamu sudah tahu semuanya! Saatnya terbang. Semoga berhasil!";"Tá gach rud ar eolas agat! Am eitilt. Ádh mór!";"Sai tutto! È ora di volare. Buona fortuna!";"もう全部分かったね！さあ飛ぼう。がんばって！";"ಎಲ್ಲವೂ ಗೊತ್ತಾಯಿತು! ಈಗ ಹಾರುವ ಸಮಯ. ಶುಭವಾಗಲಿ!";"Бәрін білесің! Ұшатын уақыт келді. Сәттілік!";"អ្នកដឹងគ្រប់យ៉ាងហើយ! ដល់ពេលហោះ។ សំណាងល្អ!";"이제 다 알았어요! 날아갈 시간이에요. 행운을 빌어요!";"ເຈົ້າຮູ້ໝົດແລ້ວ! ເຖິງເວລາບິນ. ໂຊກດີ!";"Tu visu zini! Laiks lidot. Veiksmi!";"Viską žinai! Laikas skristi. Sėkmės!";"Знаеш сè! Време е за летање. Среќно!";"Kamu dah tahu semuanya! Masa untuk terbang. Semoga berjaya!";"എല്ലാം അറിയാം! ഇനി പറക്കാം. ആശംസകൾ!";"तुला सगळं कळलं! आता उडायची वेळ. शुभेच्छा!";"Чи бүгдийг мэдлээ! Нисэх цаг боллоо. Амжилт!";"तिमीलाई सबै थाहा भयो! अब उड्ने समय। शुभकामना!";"Du kan alt! Tid for å fly. Lykke til!";"ସବୁ ଜାଣିଗଲା! ଏବେ ଉଡିବାର ସମୟ। ଶୁଭେଚ୍ଛା!";"همه‌چیز را بلدی! وقت پرواز است. موفق باشی!";"Wiesz już wszystko! Czas lecieć. Powodzenia!";"Já sabes tudo! Está na hora de voar. Boa sorte!";"ਤੁਹਾਨੂੰ ਸਭ ਪਤਾ ਹੈ! ਹੁਣ ਉੱਡਣ ਦਾ ਸਮਾਂ। ਸ਼ੁਭਕਾਮਨਾਵਾਂ!";"Știi tot! E timpul să zbori. Succes!";"Ты всё знаешь! Пора лететь. Удачи!";"Све знаш! Време је за лет. Срећно!";"ඔයාට හැමදේම දන්නවා! දැන් පියාඹමු. සුබ පැතුම්!";"Už vieš všetko! Čas letieť. Veľa šťastia!";"Vse veš! Čas je za letenje. Srečno!";"¡Ya lo sabes todo! Hora de volar. ¡Buena suerte!";"Unajua kila kitu! Wakati wa kuruka. Bahati njema!";"Du kan allt! Dags att flyga. Lycka till!";"எல்லாம் தெரிந்துவிட்டது! இப்போது பறக்கும் நேரம். வாழ்த்துகள்!";"అన్నీ తెలుసుకున్నావు! ఇప్పుడు ఎగరాల్సిన సమయం. శుభాకాంక్షలు!";"รู้ครบแล้ว! ได้เวลาบิน ขอให้โชคดี!";"ཚང་མ་ཤེས་སོང་། ད་འཕུར་རན་སོང་། བཀྲ་ཤིས།";"Her şeyi biliyorsun! Uçma zamanı. Bol şans!";"Ти все знаєш! Час летіти. Удачі!";"آپ سب جانتے ہیں! اب اڑنے کا وقت ہے۔ نیک تمنائیں!";"ھەممىنى بىلدىڭىز! ئۇچىدىغان ۋاقىت كەلدى. ئامەت!";"Hammasini bilasiz! Uchish vaqti. Omad!";"Bạn biết hết rồi! Đến lúc bay. Chúc may mắn!";"Rwyt ti’n gwybod popeth! Amser hedfan. Pob lwc!";"Usukwazi konke! Isikhathi sokundiza. Inhlanhla!"
