"key";"form";"instruction";"en";"nl";"af";"sq";"am";"ar";"hy";"as";"az";"eu";"bn";"my";"bs";"bg";"ca";"zh";"da";"de";"et";"fo";"fi";"fr";"gl";"ka";"el";"gu";"he";"hi";"hu";"ga";"is";"id";"it";"ja";"kn";"kk";"km";"ko";"hr";"lo";"lv";"lt";"mk";"ms";"ml";"mr";"mn";"ne";"no";"uk";"or";"ug";"uz";"fa";"pl";"pt";"pa";"ro";"ru";"sr";"si";"sk";"sl";"es";"sw";"ta";"te";"th";"bo";"cs";"tr";"ur";"vi";"cy";"be";"zu";"sv"
"character.bear";"";"An animal's name. Appears on its own under the artwork and inside sentences such as ""3 more flies to unlock …"". Aim for 14 characters or fewer.";"Bear";"Beer";"Beer";"Ari";"ድብ";"دب";"Արջ";"ভালুক";"Ayı";"Hartza";"ভালুক";"ဝက်ဝံ";"Medvjed";"Мечка";"Ós";"熊";"Bjørn";"Bär";"Karu";"Bjørn";"Karhu";"Ours";"Oso";"დათვი";"Αρκούδα";"રીંછ";"דוב";"भालू";"Medve";"Béar";"Björn";"Beruang";"Orso";"クマ";"ಕರಡಿ";"Аю";"ខ្លាឃ្មុំ";"곰";"Medvjed";"ໝີ";"Lācis";"Lokys";"Мечка";"Beruang";"കരടി";"अस्वल";"Баавгай";"भालु";"Bjørn";"Ведмідь";"ଭାଲୁ";"ئېيىق";"Ayiq";"خرس";"Niedźwiedź";"Urso";"ਭਾਲੂ";"Urs";"Медведь";"Medved";"වලහා";"Medveď";"Medved";"Oso";"Dubu";"கரடி";"ఎలుగుబంటి";"หมี";"དོམ";"Medvěd";"Ayı";"ریچھ";"Gấu";"Arth";"Мядзведзь";"Ibhere";"Björn"
"character.bunny";"";"An animal's name. Appears on its own under the artwork and inside sentences such as ""3 more flies to unlock …"". Aim for 14 characters or fewer.";"Bunny";"Konijn";"Hasie";"Lepur";"ጥንቸል";"أرنب";"Նապաստակ";"খৰগোশ";"Dovşan";"Untxia";"খরগোশ";"ယုန်ကလေး";"Zeko";"Зайче";"Conill";"兔子";"Kanin";"Hase";"Jänku";"Kanina";"Pupu";"Lapin";"Coello";"კურდღელი";"Λαγός";"સસલું";"ארנב";"खरगोश";"Nyuszi";"Coinín";"Kanína";"Kelinci";"Coniglio";"ウサギ";"ಮೊಲ";"Қоян";"ទន្សាយ";"토끼";"Zeko";"ກະຕ່າຍ";"Zaķis";"Zuikutis";"Зајак";"Arnab";"മുയൽ";"ससा";"Туулай";"खरायो";"Kanin";"Зайчик";"ଖରଗୋଶ";"توشقان";"Quyon";"خرگوش";"Królik";"Coelho";"ਖਰਗੋਸ਼";"Iepuraș";"Зайка";"Zeka";"හාවා";"Zajačik";"Zajček";"Conejo";"Sungura";"முயல்";"కుందేలు";"กระต่าย";"རི་བོང";"Králík";"Tavşan";"خرگوش";"Thỏ";"Cwningen";"Зайчык";"Unogwaja";"Kanin"
"character.crab";"";"An animal's name. Appears on its own under the artwork and inside sentences such as ""3 more flies to unlock …"". Aim for 14 characters or fewer.";"Crab";"Krab";"Krap";"Gaforre";"ሸርጣን";"سلطعون";"Խեցգետին";"কেঁকোৰা";"Krab";"Karramarroa";"কাঁকড়া";"ကဏန်း";"Rak";"Рак";"Cranc";"螃蟹";"Krabbe";"Krabbe";"Krabi";"Krabbi";"Rapu";"Crabe";"Cangrexo";"კიბორჩხალა";"Καβούρι";"કરચલો";"סרטן";"केकड़ा";"Rák";"Portán";"Krabbi";"Kepiting";"Granchio";"カニ";"ಏಡಿ";"Теңізшаян";"ក្តាម";"게";"Rak";"ປູ";"Krabis";"Krabas";"Рак";"Ketam";"ഞണ്ട്";"खेकडा";"Хавч";"केकडा";"Krabbe";"Краб";"କଙ୍କଡ଼ା";"قىسقۇچپاقا";"Qisqichbaqa";"خرچنگ";"Krab";"Caranguejo";"ਕੇਕੜਾ";"Crab";"Краб";"Rak";"කකුළුවා";"Krab";"Rak";"Cangrejo";"Kaa";"நண்டு";"పీత";"ปู";"སྡིག་སྲིན";"Krab";"Yengeç";"کیکڑا";"Cua";"Cranc";"Краб";"Inkalankala";"Krabba"
"character.dog";"";"An animal's name. Appears on its own under the artwork and inside sentences such as ""3 more flies to unlock …"". Aim for 14 characters or fewer.";"Dog";"Hond";"Hond";"Qen";"ውሻ";"كلب";"Շուն";"কুকুৰ";"İt";"Txakurra";"কুকুর";"ခွေး";"Pas";"Куче";"Gos";"狗";"Hund";"Hund";"Koer";"Hundur";"Koira";"Chien";"Can";"ძაღლი";"Σκύλος";"કૂતરો";"כלב";"कुत्ता";"Kutya";"Madra";"Hundur";"Anjing";"Cane";"イヌ";"ನಾಯಿ";"Ит";"ឆ្កែ";"개";"Pas";"ໝາ";"Suns";"Šuo";"Куче";"Anjing";"നായ";"कुत्रा";"Нохой";"कुकुर";"Hund";"Пес";"କୁକୁର";"ئىت";"It";"سگ";"Pies";"Cão";"ਕੁੱਤਾ";"Câine";"Пёс";"Pas";"බල්ලා";"Pes";"Pes";"Perro";"Mbwa";"நாய்";"కుక్క";"หมา";"ཁྱི";"Pes";"Köpek";"کتا";"Chó";"Ci";"Сабака";"Inja";"Hund"
"character.elephant";"";"An animal's name. Appears on its own under the artwork and inside sentences such as ""3 more flies to unlock …"". Aim for 14 characters or fewer.";"Elephant";"Olifant";"Olifant";"Elefant";"ዝሆን";"فيل";"Փիղ";"হাতী";"Fil";"Elefantea";"হাতি";"ဆင်";"Slon";"Слон";"Elefant";"大象";"Elefant";"Elefant";"Elevant";"Fílur";"Norsu";"Éléphant";"Elefante";"სპილო";"Ελέφαντας";"હાથી";"פיל";"हाथी";"Elefánt";"Eilifint";"Fíll";"Gajah";"Elefante";"ゾウ";"ಆನೆ";"Піл";"ដំរី";"코끼리";"Slon";"ຊ້າງ";"Zilonis";"Dramblys";"Слон";"Gajah";"ആന";"हत्ती";"Заан";"हात्ती";"Elefant";"Слон";"ହାତୀ";"پىل";"Fil";"فیل";"Słoń";"Elefante";"ਹਾਥੀ";"Elefant";"Слон";"Slon";"අලියා";"Slon";"Slon";"Elefante";"Tembo";"யானை";"ఏనుగు";"ช้าง";"གླང་ཆེན";"Slon";"Fil";"ہاتھی";"Voi";"Eliffant";"Слон";"Indlovu";"Elefant"
"character.fox";"";"An animal's name. Appears on its own under the artwork and inside sentences such as ""3 more flies to unlock …"". Aim for 14 characters or fewer.";"Fox";"Vos";"Jakkals";"Dhelpër";"ቀበሮ";"ثعلب";"Աղվես";"শিয়াল";"Tülkü";"Azeria";"শিয়াল";"မြေခွေး";"Lisica";"Лисица";"Guineu";"狐狸";"Ræv";"Fuchs";"Rebane";"Revur";"Kettu";"Renard";"Raposo";"მელა";"Αλεπού";"શિયાળ";"שועל";"लोमड़ी";"Róka";"Sionnach";"Refur";"Rubah";"Volpe";"キツネ";"ನರಿ";"Түлкі";"កញ្ជ្រោង";"여우";"Lisica";"ໝາຈອກ";"Lapsa";"Lapė";"Лисица";"Rubah";"കുറുക്കൻ";"कोल्हा";"Үнэг";"स्याल";"Rev";"Лис";"ଖଞ୍ଜନା";"تۈلكە";"Tulki";"روباه";"Lis";"Raposa";"ਲੂੰਬੜੀ";"Vulpe";"Лис";"Lisica";"නරියා";"Líška";"Lisica";"Zorro";"Mbweha";"நரி";"నక్క";"จิ้งจอก";"ཝ";"Liška";"Tilki";"لومڑی";"Cáo";"Llwynog";"Ліса";"Impungushe";"Räv"
"character.frog";"";"An animal's name. Appears on its own under the artwork and inside sentences such as ""3 more flies to unlock …"". Aim for 14 characters or fewer.";"Frog";"Kikker";"Padda";"Bretkosë";"እንቁራሪት";"ضفدع";"Գորտ";"ভেকুলী";"Qurbağa";"Igela";"ব্যাঙ";"ဖား";"Žaba";"Жаба";"Granota";"青蛙";"Frø";"Frosch";"Konn";"Froskur";"Sammakko";"Grenouille";"Ra";"ბაყაყი";"Βάτραχος";"દેડકો";"צפרדע";"मेंढक";"Béka";"Frog";"Froskur";"Katak";"Rana";"カエル";"ಕಪ್ಪೆ";"Бақа";"កង្កែប";"개구리";"Žaba";"ກົບ";"Varde";"Varlė";"Жаба";"Katak";"തവള";"बेडूक";"Мэлхий";"भ्यागुतो";"Frosk";"Жаба";"ବେଙ୍ଗ";"پاقا";"Qurbaqa";"قورباغه";"Żaba";"Sapo";"ਡੱਡੂ";"Broască";"Лягушка";"Žaba";"ගෙම්බා";"Žaba";"Žaba";"Rana";"Chura";"தவளை";"కప్ప";"กบ";"སྦལ་པ";"Žába";"Kurbağa";"مینڈک";"Ếch";"Broga";"Жаба";"Ixoxo";"Groda"
"character.lion";"";"An animal's name. Appears on its own under the artwork and inside sentences such as ""3 more flies to unlock …"". Aim for 14 characters or fewer.";"Lion";"Leeuw";"Leeu";"Luan";"አንበሳ";"أسد";"Առյուծ";"সিংহ";"Şir";"Lehoia";"সিংহ";"ခြင်္သေ့";"Lav";"Лъв";"Lleó";"狮子";"Løve";"Löwe";"Lõvi";"Leyva";"Leijona";"Lion";"León";"ლომი";"Λιοντάρι";"સિંહ";"אריה";"शेर";"Oroszlán";"Leon";"Ljón";"Singa";"Leone";"ライオン";"ಸಿಂಹ";"Арыстан";"តោ";"사자";"Lav";"ສິງ";"Lauva";"Liūtas";"Лав";"Singa";"സിംഹം";"सिंह";"Арслан";"सिंह";"Løve";"Лев";"ସିଂହ";"شىر";"Arslon";"شیر";"Lew";"Leão";"ਸ਼ੇਰ";"Leu";"Лев";"Lav";"සිංහයා";"Lev";"Lev";"León";"Simba";"சிங்கம்";"సింహం";"สิงโต";"སེང་གེ";"Lev";"Aslan";"شیر";"Sư tử";"Llew";"Леў";"Ibhubesi";"Lejon"
"character.octopus";"";"An animal's name. Appears on its own under the artwork and inside sentences such as ""3 more flies to unlock …"". Aim for 14 characters or fewer.";"Octopus";"Inktvis";"Seekat";"Oktapod";"ኦክቶፐስ";"أخطبوط";"Ութոտնուկ";"অক্টোপাছ";"Ahtapot";"Olagarroa";"অক্টোপাস";"ရေဘဝဲ";"Hobotnica";"Октопод";"Pop";"章鱼";"Blæksprutte";"Oktopus";"Kaheksajalg";"Høgguslokkur";"Mustekala";"Poulpe";"Polbo";"რვაფეხა";"Χταπόδι";"ઓક્ટોપસ";"תמנון";"ऑक्टोपस";"Polip";"Ochtapas";"Kolkrabbi";"Gurita";"Polpo";"タコ";"ಆಕ್ಟೋಪಸ್";"Сегізаяқ";"មឹក";"문어";"Hobotnica";"ປາໝຶກ";"Astoņkājis";"Aštuonkojis";"Октопод";"Kurita";"നീരാളി";"ऑक्टोपस";"Наймаалж";"अक्टोपस";"Blekksprut";"Восьминіг";"ଅକ୍ଟୋପସ୍";"سەككىزئاياغ";"Ahtapot";"هشت‌پا";"Ośmiornica";"Polvo";"ਆਕਟੋਪਸ";"Caracatiță";"Осьминог";"Hobotnica";"බූවල්ලා";"Chobotnica";"Hobotnica";"Pulpo";"Pweza";"ஆக்டோபஸ்";"ఆక్టోపస్";"หมึกยักษ์";"ཉ་ལག་བརྒྱད";"Chobotnice";"Ahtapot";"آکٹوپس";"Bạch tuộc";"Octopws";"Васьміног";"Ingwane";"Bläckfisk"
"character.penguin";"";"An animal's name. Appears on its own under the artwork and inside sentences such as ""3 more flies to unlock …"". Aim for 14 characters or fewer.";"Penguin";"Pinguïn";"Pikkewyn";"Pinguin";"ፔንግዊን";"بطريق";"Պինգվին";"পেংগুইন";"Pinqvin";"Pinguinoa";"পেঙ্গুইন";"ပင်ဂွင်း";"Pingvin";"Пингвин";"Pingüí";"企鹅";"Pingvin";"Pinguin";"Pingviin";"Pingvinur";"Pingviini";"Pingouin";"Pingüín";"პინგვინი";"Πιγκουίνος";"પેંગ્વિન";"פינגווין";"पेंगुइन";"Pingvin";"Piongain";"Mörgæs";"Pinguin";"Pinguino";"ペンギン";"ಪೆಂಗ್ವಿನ್";"Пингвин";"ភេនឃ្វីន";"펭귄";"Pingvin";"ເພນກວິນ";"Pingvīns";"Pingvinas";"Пингвин";"Penguin";"പെൻഗ്വിൻ";"पेंग्विन";"Оцон шувуу";"पेन्गुइन";"Pingvin";"Пінгвін";"ପେଙ୍ଗୁଇନ୍";"پىنگۋىن";"Pingvin";"پنگوئن";"Pingwin";"Pinguim";"ਪੇਂਗੁਇਨ";"Pinguin";"Пингвин";"Pingvin";"පෙන්ගුවියා";"Tučniak";"Pingvin";"Pingüino";"Pengwini";"பென்குயின்";"పెంగ్విన్";"เพนกวิน";"པེང་གུན";"Tučňák";"Penguen";"پینگوئن";"Chim cánh cụt";"Pengwin";"Пінгвін";"Iphengwini";"Pingvin"
"common.cancel";"";"A button label, reused across the app. Aim for 14 characters or fewer.";"Cancel";"Annuleren";"Kanselleer";"Anulo";"ሰርዝ";"إلغاء";"Չեղարկել";"বাতিল";"Ləğv et";"Utzi";"বাতিল";"မလုပ်တော့";"Otkaži";"Отказ";"Cancel·la";"取消";"Annuller";"Abbrechen";"Loobu";"Angra";"Peruuta";"Annuler";"Cancelar";"გაუქმება";"Ακύρωση";"રદ કરો";"ביטול";"रद्द करें";"Mégse";"Cealaigh";"Hætta við";"Batal";"Annulla";"キャンセル";"ರದ್ದು";"Бас тарту";"បោះបង់";"취소";"Odustani";"ຍົກເລີກ";"Atcelt";"Atšaukti";"Откажи";"Batal";"റദ്ദാക്കുക";"रद्द";"Цуцлах";"रद्द";"Avbryt";"Скасувати";"ବାତିଲ୍";"بىكار قىل";"Bekor qilish";"لغو";"Anuluj";"Cancelar";"ਰੱਦ ਕਰੋ";"Anulează";"Отмена";"Otkaži";"අවලංගු";"Zrušiť";"Prekliči";"Cancelar";"Ghairi";"ரத்துசெய்";"రద్దు";"ยกเลิก";"ཕྱིར་འཐེན";"Zrušit";"İptal";"منسوخ";"Hủy";"Canslo";"Скасаваць";"Khansela";"Avbryt"
"common.continue";"";"A button label, reused across the app. Aim for 14 characters or fewer.";"Continue";"Verder";"Gaan voort";"Vazhdo";"ቀጥል";"متابعة";"Շարունակել";"আগলৈ";"Davam et";"Jarraitu";"এগিয়ে";"ဆက်ရန်";"Nastavi";"Напред";"Continua";"继续";"Fortsæt";"Weiter";"Jätka";"Víðari";"Jatka";"Continuer";"Continuar";"გაგრძელება";"Συνέχεια";"આગળ";"המשך";"आगे";"Tovább";"Ar aghaidh";"Áfram";"Lanjut";"Continua";"つづける";"ಮುಂದೆ";"Жалғастыру";"បន្ត";"계속";"Nastavi";"ຕໍ່ໄປ";"Turpināt";"Tęsti";"Продолжи";"Teruskan";"തുടരുക";"पुढे";"Үргэлжлүүлэх";"अगाडि";"Fortsett";"Далі";"ଆଗକୁ";"داۋاملاشتۇر";"Davom et";"ادامه";"Dalej";"Continuar";"ਅੱਗੇ";"Continuă";"Дальше";"Nastavi";"ඉදිරියට";"Ďalej";"Naprej";"Continuar";"Endelea";"தொடர்";"కొనసాగించు";"ต่อไป";"མུ་མཐུད";"Pokračovat";"Devam";"جاری";"Tiếp tục";"Parhau";"Далей";"Qhubeka";"Fortsätt"
"common.done";"";"A button label, reused across the app. Aim for 14 characters or fewer.";"Done";"Klaar";"Klaar";"Gati";"ጨርሷል";"تم";"Պատրաստ է";"হ’ল";"Hazır";"Eginda";"হয়ে গেছে";"ပြီးပြီ";"Gotovo";"Готово";"Fet";"完成";"Færdig";"Fertig";"Valmis";"Liðugt";"Valmis";"Terminé";"Feito";"მზადაა";"Έτοιμο";"થઈ ગયું";"סיום";"हो गया";"Kész";"Déanta";"Búið";"Selesai";"Fatto";"できた";"ಆಯಿತು";"Дайын";"រួចរាល់";"완료";"Gotovo";"ສຳເລັດ";"Gatavs";"Baigta";"Готово";"Selesai";"പൂർത്തിയായി";"झालं";"Боллоо";"सकियो";"Ferdig";"Готово";"ହେଲା";"بولدى";"Tayyor";"تمام";"Gotowe";"Pronto";"ਹੋ ਗਿਆ";"Gata";"Готово";"Gotovo";"හරි";"Hotovo";"Končano";"Listo";"Tayari";"முடிந்தது";"పూర్తి";"เสร็จ";"ཚར";"Hotovo";"Bitti";"ہو گیا";"Xong";"Wedi gorffen";"Гатова";"Kwenziwe";"Klar"
"common.minutesShort %lld %lld";"";"A button label, reused across the app. Aim for 23 characters or fewer. Keep 2× %lld (a number). Several values are substituted, so number them: %1$…, %2$… in whatever order your language reads.";"%1$lld/%2$lld min";"%1$lld/%2$lld min";"%lld/%lld min";"%lld/%lld min";"%lld/%lld ደቂቃ";"%lld/%lld د";"%lld/%lld ր";"%lld/%lld মিনিট";"%lld/%lld dəq";"%lld/%lld min";"%lld/%lld মিনিট";"%lld/%lld မိနစ်";"%lld/%lld min";"%lld/%lld мин";"%lld/%lld min";"%lld/%lld 分钟";"%lld/%lld min";"%lld/%lld Min.";"%lld/%lld min";"%lld/%lld min";"%lld/%lld min";"%lld/%lld min";"%lld/%lld min";"%lld/%lld წთ";"%lld/%lld λεπ.";"%lld/%lld મિનિટ";"%lld/%lld דק׳";"%lld/%lld मिनट";"%lld/%lld perc";"%lld/%lld nóim";"%lld/%lld mín.";"%lld/%lld mnt";"%lld/%lld min";"%lld/%lld分";"%lld/%lld ನಿಮಿ";"%lld/%lld мин";"%lld/%lld នាទី";"%lld/%lld분";"%lld/%lld min";"%lld/%lld ນາທີ";"%lld/%lld min";"%lld/%lld min";"%lld/%lld мин";"%lld/%lld min";"%lld/%lld മിനിറ്റ്";"%lld/%lld मि.";"%lld/%lld мин";"%lld/%lld मिनेट";"%lld/%lld min";"%lld/%lld хв";"%lld/%lld ମିନିଟ୍";"%lld/%lld مىن";"%lld/%lld daq";"%lld/%lld دقیقه";"%lld/%lld min";"%lld/%lld min";"%lld/%lld ਮਿੰਟ";"%lld/%lld min";"%lld/%lld мин";"%lld/%lld min";"%lld/%lld මිනි";"%lld/%lld min";"%lld/%lld min";"%lld/%lld min";"%lld/%lld min";"%lld/%lld நிமி";"%lld/%lld నిమి";"%lld/%lld นาที";"%lld/%lld སྐར་མ";"%lld/%lld min";"%lld/%lld dk";"%lld/%lld منٹ";"%lld/%lld phút";"%lld/%lld mun";"%lld/%lld хв";"%lld/%lld imin";"%lld/%lld min"
"common.ok";"";"A button label, reused across the app. Aim for 14 characters or fewer.";"OK";"Oké";"OK";"OK";"እሺ";"حسنًا";"Լավ";"ঠিক আছে";"OK";"Ados";"ঠিক আছে";"အိုကေ";"U redu";"OK";"D’acord";"OK";"OK";"OK";"OK";"Í lagi";"OK";"OK";"OK";"კარგი";"ΟΚ";"ઓકે";"אוקיי";"ठीक";"OK";"OK";"Í lagi";"OK";"OK";"OK";"ಸರಿ";"OK";"យល់ព្រម";"확인";"U redu";"ຕົກລົງ";"Labi";"Gerai";"ОК";"OK";"ശരി";"ठीक";"OK";"ठीक छ";"OK";"ОК";"ଠିକ୍";"ماقۇل";"OK";"باشه";"OK";"OK";"ਠੀਕ ਹੈ";"OK";"ОК";"U redu";"හරි";"OK";"OK";"OK";"Sawa";"சரி";"సరే";"ตกลง";"འགྲིག";"OK";"Tamam";"ٹھیک ہے";"OK";"Iawn";"ОК";"Kulungile";"OK"
"common.save";"";"A button label, reused across the app. Aim for 14 characters or fewer.";"Save";"Opslaan";"Stoor";"Ruaj";"አስቀምጥ";"حفظ";"Պահել";"সংৰক্ষণ";"Yadda saxla";"Gorde";"সংরক্ষণ";"သိမ်းရန်";"Sačuvaj";"Запази";"Desa";"保存";"Gem";"Speichern";"Salvesta";"Goym";"Tallenna";"Enregistrer";"Gardar";"შენახვა";"Αποθήκευση";"સાચવો";"שמירה";"सहेजें";"Mentés";"Sábháil";"Vista";"Simpan";"Salva";"ほぞん";"ಉಳಿಸು";"Сақтау";"រក្សាទុក";"저장";"Spremi";"ບັນທຶກ";"Saglabāt";"Išsaugoti";"Зачувај";"Simpan";"സേവ്";"जतन";"Хадгалах";"सेभ";"Lagre";"Зберегти";"ସେଭ୍";"ساقلا";"Saqlash";"ذخیره";"Zapisz";"Guardar";"ਸੰਭਾਲੋ";"Salvează";"Сохранить";"Sačuvaj";"සුරකින්න";"Uložiť";"Shrani";"Guardar";"Hifadhi";"சேமி";"సేవ్";"บันทึก";"ཉར";"Uložit";"Kaydet";"محفوظ کریں";"Lưu";"Cadw";"Захаваць";"Londoloza";"Spara"
"game.combo %lld";"";"A small banner that flashes over the game board. Very little room. Aim for 16 characters or fewer. Keep 1× %lld (a number).";"Combo! +%lld";"Combo! +%lld";"Reeks! +%lld";"Kombinim! +%lld";"ኮምቦ! +%lld";"سلسلة! +%lld";"Կոմբո! +%lld";"কম্বো! +%lld";"Kombo! +%lld";"Konboa! +%lld";"কম্বো! +%lld";"ဆက်တိုက်! +%lld";"Kombo! +%lld";"Комбо! +%lld";"Combo! +%lld";"连击！+%lld";"Combo! +%lld";"Combo! +%lld";"Kombo! +%lld";"Combo! +%lld";"Combo! +%lld";"Combo ! +%lld";"Combo! +%lld";"კომბო! +%lld";"Σερί! +%lld";"કોમ્બો! +%lld";"רצף! +%lld";"कॉम्बो! +%lld";"Kombó! +%lld";"Combo! +%lld";"Runa! +%lld";"Combo! +%lld";"Combo! +%lld";"コンボ！ +%lld";"ಕಾಂಬೋ! +%lld";"Комбо! +%lld";"កុំបូ! +%lld";"콤보! +%lld";"Combo! +%lld";"ຄອມໂບ! +%lld";"Kombo! +%lld";"Serija! +%lld";"Комбо! +%lld";"Kombo! +%lld";"കോമ്പോ! +%lld";"कॉम्बो! +%lld";"Комбо! +%lld";"कम्बो! +%lld";"Kombo! +%lld";"Комбо! +%lld";"କମ୍ବୋ! +%lld";"Combo! +%lld";"Kombo! +%lld";"کمبو! +%lld";"Seria! +%lld";"Combo! +%lld";"ਕੌਂਬੋ! +%lld";"Combo! +%lld";"Комбо! +%lld";"Niz! +%lld";"කොම්බෝ! +%lld";"Kombo! +%lld";"Kombinacija! +%lld";"¡Combo! +%lld";"Kombo! +%lld";"காம்போ! +%lld";"కాంబో! +%lld";"คอมโบ! +%lld";"Combo! +%lld";"Kombo! +%lld";"Kombo! +%lld";"کومبو! +%lld";"Combo! +%lld";"Cyfuniad! +%lld";"Комба! +%lld";"I-Combo! +%lld";"Kombo! +%lld"
"game.encouragement.0";"";"One line under the result title, wrapping over at most two lines. These ten messages climb from a weak score to a strong one — keep that progression. Aim for 30 characters or fewer.";"Good try";"Goed geprobeerd";"Mooi probeer";"Përpjekje e mirë";"ጥሩ ሙከራ";"محاولة جيدة";"Լավ փորձ էր";"ভাল চেষ্টা";"Yaxşı cəhd";"Saiakera ona";"ভালো চেষ্টা";"ကြိုးစားတာ ကောင်းတယ်";"Dobar pokušaj";"Добър опит";"Bon intent";"不错的尝试";"Godt forsøgt";"Guter Versuch";"Tubli katse";"Gott roynt";"Hyvä yritys";"Bien essayé";"Bo intento";"კარგი ცდაა";"Καλή προσπάθεια";"સારો પ્રયાસ";"ניסיון יפה";"अच्छी कोशिश";"Szép próbálkozás";"Iarracht mhaith";"Góð tilraun";"Usaha bagus";"Bel tentativo";"よくがんばったね";"ಒಳ್ಳೆಯ ಪ್ರಯತ್ನ";"Жақсы талпыныс";"ព្យាយាមបានល្អ";"잘했어요";"Dobar pokušaj";"ລອງໄດ້ດີ";"Labs mēģinājums";"Geras bandymas";"Добар обид";"Cubaan bagus";"നല്ല ശ്രമം";"छान प्रयत्न";"Сайн оролдлоо";"राम्रो प्रयास";"Godt forsøk";"Гарна спроба";"ଭଲ ଚେଷ୍ଟା";"ياخشى سىناق";"Yaxshi urinish";"تلاش خوبی بود";"Dobra próba";"Boa tentativa";"ਵਧੀਆ ਕੋਸ਼ਿਸ਼";"Bună încercare";"Хорошая попытка";"Dobar pokušaj";"හොඳ උත්සාහයක්";"Dobrý pokus";"Dober poskus";"Buen intento";"Umejaribu vizuri";"நல்ல முயற்சி";"మంచి ప్రయత్నం";"พยายามได้ดี";"ཚོད་ལྟ་ཡག་པོ།";"Dobrý pokus";"Güzel deneme";"اچھی کوشش";"Cố gắng tốt";"Cais da";"Добрая спроба";"Uzamile kahle";"Bra försök"
"game.encouragement.1";"";"One line under the result title, wrapping over at most two lines. These ten messages climb from a weak score to a strong one — keep that progression. Aim for 30 characters or fewer.";"It's a start";"Het begin is er";"Dis ’n begin";"Është një fillim";"ጥሩ ጅምር";"بداية موفقة";"Սա սկիզբն է";"আৰম্ভণি হৈছে";"Başlanğıcdır";"Hasiera bat da";"শুরু তো হলো";"စတင်နိုင်ပြီ";"To je početak";"Добро начало";"És un començament";"这是个好开始";"Det er en start";"Ein guter Anfang";"Algus on tehtud";"Ein góð byrjan";"Hyvä alku";"C’est un début";"É un comezo";"დასაწყისი კარგია";"Μια καλή αρχή";"શરૂઆત તો થઈ";"זו התחלה";"अच्छी शुरुआत";"Ez már valami";"Sin tús maith";"Þetta er byrjun";"Awal yang bagus";"È un buon inizio";"いいスタート";"ಇದು ಒಳ್ಳೆಯ ಆರಂಭ";"Басы жаман емес";"ជាការចាប់ផ្តើម";"좋은 시작이에요";"To je početak";"ເລີ່ມໄດ້ດີ";"Labs sākums";"Tai jau pradžia";"Добар почеток";"Baru bermula";"നല്ല തുടക്കം";"चांगली सुरुवात";"Сайхан эхлэл";"सुरु त भयो";"En god start";"Це вже початок";"ଭଲ ଆରମ୍ଭ";"باشلىنىشى ياخشى";"Boshlanishi yaxshi";"شروع خوبی است";"Dobry początek";"É um começo";"ਸ਼ੁਰੂਆਤ ਹੋ ਗਈ";"E un început";"Начало положено";"Dobar početak";"හොඳ ආරම්භයක්";"To je začiatok";"Dober začetek";"Es un comienzo";"Mwanzo mzuri";"நல்ல தொடக்கம்";"మంచి మొదలు";"เริ่มต้นได้ดี";"འགོ་ཚུགས་སོང་།";"Dobrý začátek";"İyi bir başlangıç";"اچھی شروعات";"Khởi đầu tốt";"Mae'n ddechrau";"Добры пачатак";"Yisiqalo";"En bra början"
"game.encouragement.2";"";"One line under the result title, wrapping over at most two lines. These ten messages climb from a weak score to a strong one — keep that progression. Aim for 30 characters or fewer.";"Keep practicing";"Blijf oefenen";"Hou aan oefen";"Vazhdo të ushtrohesh";"ልምምድህን ቀጥል";"واصل التمرّن";"Շարունակի՛ր փորձել";"অভ্যাস কৰি থাকা";"Məşqə davam et";"Jarraitu praktikatzen";"অনুশীলন চালিয়ে যাও";"ဆက်လေ့ကျင့်ပါ";"Nastavi vježbati";"Продължавай да упражняваш";"Continua practicant";"继续练习";"Bliv ved med at øve";"Üb weiter";"Harjuta edasi";"Halt fram at venja";"Jatka harjoittelua";"Continue à t’entraîner";"Segue practicando";"განაგრძე ვარჯიში";"Συνέχισε την εξάσκηση";"અભ્યાસ ચાલુ રાખો";"המשיכו להתאמן";"अभ्यास करते रहो";"Gyakorolj tovább";"Lean ort ag cleachtadh";"Haltu áfram að æfa";"Terus berlatih";"Continua ad allenarti";"れんしゅうをつづけよう";"ಅಭ್ಯಾಸ ಮುಂದುವರಿಸು";"Жаттыға бер";"បន្តហាត់ទៀត";"계속 연습해요";"Nastavi vježbati";"ຝຶກຕໍ່ໄປ";"Turpini trenēties";"Mokykis toliau";"Продолжи да вежбаш";"Terus berlatih";"പരിശീലിച്ചുകൊണ്ടിരിക്കുക";"सराव करत राहा";"Дахин давтаарай";"अभ्यास गरिराख";"Fortsett å øve";"Тренуйся далі";"ଅଭ୍ୟାସ ଜାରି ରଖ";"داۋاملىق مەشىق قىل";"Mashq qilishda davom et";"به تمرین ادامه بده";"Ćwicz dalej";"Continua a praticar";"ਅਭਿਆਸ ਕਰਦੇ ਰਹੋ";"Continuă să exersezi";"Продолжай тренироваться";"Nastavi da vežbaš";"දිගටම පුහුණු වන්න";"Trénuj ďalej";"Vadi še naprej";"Sigue practicando";"Endelea kufanya mazoezi";"தொடர்ந்து பயிற்சி செய்";"సాధన చేస్తూ ఉండు";"ฝึกต่อไปนะ";"མུ་མཐུད་སྦྱོངས།";"Trénuj dál";"Çalışmaya devam";"مشق جاری رکھیں";"Tiếp tục luyện tập";"Dalia ati i ymarfer";"Працягвай вучыцца";"Qhubeka uzijwayeza";"Fortsätt öva"
"game.encouragement.3";"";"One line under the result title, wrapping over at most two lines. These ten messages climb from a weak score to a strong one — keep that progression. Aim for 30 characters or fewer.";"Not bad at all";"Lang niet slecht";"Glad nie sleg nie";"Aspak keq";"መጥፎ አይደለም";"ليس سيئًا";"Բոլորովին վատ չէ";"একেবাৰে বেয়া নহয়";"Heç də pis deyil";"Ez dago batere gaizki";"মন্দ নয়";"မဆိုးပါဘူး";"Nije uopće loše";"Изобщо не е зле";"Gens malament";"很不错哦";"Slet ikke dårligt";"Gar nicht schlecht";"Pole üldse paha";"Ikki so galið";"Ei hassumpaa";"Pas mal du tout";"Non está nada mal";"სულაც არაა ცუდი";"Καθόλου άσχημα";"બિલકુલ ખરાબ નથી";"לא רע בכלל";"बिल्कुल बुरा नहीं";"Egyáltalán nem rossz";"Ní dona ar chor ar bith";"Alls ekki slæmt";"Lumayan juga";"Niente male";"なかなかいいね";"ತುಂಬಾ ಕೆಟ್ಟಿಲ್ಲ";"Жаман емес";"មិនអន់ទេ";"꽤 잘했어요";"Uopće nije loše";"ບໍ່ຮ້າຍເລີຍ";"Nemaz nav slikti";"Visai neblogai";"Воопшто не е лошо";"Boleh tahan";"ഒട്ടും മോശമല്ല";"अगदीच वाईट नाही";"Муугүй шүү";"नराम्रो छैन";"Ikke verst";"Зовсім непогано";"ମୋଟେ ଖରାପ ନୁହେଁ";"يامان ئەمەس";"Yomon emas";"اصلاً بد نبود";"Całkiem nieźle";"Nada mal";"ਬਿਲਕੁਲ ਮਾੜਾ ਨਹੀਂ";"Nu e rău deloc";"Совсем неплохо";"Uopšte nije loše";"නරකම නැහැ";"Vôbec nie zlé";"Sploh ni slabo";"Nada mal";"Si vibaya hata kidogo";"மோசமில்லை";"అంత చెడ్డది కాదు";"ไม่เลวเลย";"དེ་ཙམ་ངན་པ་མ་རེད།";"Vůbec ne špatné";"Hiç fena değil";"بالکل برا نہیں";"Không tệ chút nào";"Ddim yn ddrwg o gwbl";"Зусім нядрэнна";"Akukubi neze";"Inte alls illa"
"game.encouragement.4";"";"One line under the result title, wrapping over at most two lines. These ten messages climb from a weak score to a strong one — keep that progression. Aim for 30 characters or fewer.";"Doing well";"Goed bezig";"Jy doen goed";"Po ecën mirë";"ጥሩ እየሠራህ ነው";"أداء جيد";"Լավ ես անում";"ভাল কৰি আছা";"Əla gedirsən";"Oso ondo";"ভালো করছ";"ကောင်းကောင်းလုပ်နေတယ်";"Dobro ti ide";"Справяш се добре";"Ho fas bé";"做得不错";"Godt på vej";"Gut gemacht";"Sul läheb hästi";"Tað gongur væl";"Hyvin menee";"Tu te débrouilles bien";"Vas moi ben";"კარგად მიდიხარ";"Τα πας καλά";"ખૂબ સારું";"כל הכבוד";"बहुत अच्छा";"Jól haladsz";"Ag éirí go maith leat";"Vel gert";"Bagus sekali";"Stai andando bene";"いいかんじ";"ಚೆನ್ನಾಗಿ ಮಾಡುತ್ತಿದ್ದೀಯ";"Жақсы орындаудасың";"ធ្វើបានល្អ";"잘하고 있어요";"Dobro ti ide";"ເຮັດໄດ້ດີ";"Tev labi sanāk";"Puikiai sekasi";"Одлично ти оди";"Bagus";"നന്നായി ചെയ്യുന്നു";"छान चाललंय";"Сайн байна";"राम्रो गर्दैछौ";"Bra jobbet";"Добре виходить";"ଭଲ କରୁଛ";"ياخشى كېتىۋاتىسەن";"Yaxshi ketyapti";"آفرین، خوب پیش می‌روی";"Dobrze ci idzie";"Muito bem";"ਵਧੀਆ ਕਰ ਰਹੇ ਹੋ";"Te descurci bine";"Отлично идёт";"Dobro ti ide";"හොඳට කරනවා";"Darí sa ti";"Dobro ti gre";"Vas muy bien";"Unafanya vizuri";"நன்றாக செய்கிறாய்";"బాగా చేస్తున్నావు";"ทำได้ดี";"ཡག་པོ་འགྲོ་གི་འདུག";"Jde ti to";"İyi gidiyorsun";"بہت خوب";"Làm tốt lắm";"Da iawn";"Добра ідзе";"Wenza kahle";"Bra jobbat"
"game.encouragement.5";"";"One line under the result title, wrapping over at most two lines. These ten messages climb from a weak score to a strong one — keep that progression. Aim for 30 characters or fewer.";"Nice performance";"Mooie prestatie";"Mooi gedoen";"Rezultat i bukur";"ጥሩ ውጤት";"أداء رائع";"Հիանալի արդյունք";"সুন্দৰ খেলিলা";"Gözəl nəticə";"Emaitza polita";"দারুণ ফল";"ကောင်းမွန်တဲ့ စွမ်းဆောင်မှု";"Lijep rezultat";"Чудесен резултат";"Bona actuació";"表现真棒";"Flot klaret";"Schöne Leistung";"Hea tulemus";"Flott avrik";"Hieno suoritus";"Belle performance";"Boa actuación";"კარგი შედეგია";"Ωραία επίδοση";"સરસ પ્રદર્શન";"ביצוע יפה";"शानदार प्रदर्शन";"Szép teljesítmény";"Sár-obair";"Flott frammistaða";"Permainan bagus";"Bella prova";"いいできだね";"ಚೆನ್ನಾದ ಸಾಧನೆ";"Керемет нәтиже";"លទ្ធផលល្អ";"멋진 실력이에요";"Lijep rezultat";"ຜົນງານດີ";"Lielisks sniegums";"Puikus rezultatas";"Убав резултат";"Prestasi bagus";"മികച്ച പ്രകടനം";"छान कामगिरी";"Сайхан тоглолоо";"राम्रो प्रदर्शन";"Flott innsats";"Чудовий результат";"ସୁନ୍ଦର ପ୍ରଦର୍ଶନ";"قالتىس نەتىجە";"Zo‘r natija";"عملکرد خوبی بود";"Świetny wynik";"Belo resultado";"ਵਧੀਆ ਪ੍ਰਦਰਸ਼ਨ";"Rezultat frumos";"Хороший результат";"Lep rezultat";"ලස්සන දක්ෂතාවක්";"Pekný výkon";"Lep dosežek";"Buena actuación";"Umefanya vizuri";"அருமையான ஆட்டம்";"చక్కని ప్రదర్శన";"ผลงานเยี่ยม";"ཡག་པོ་བྱས་སོང་།";"Pěkný výkon";"Güzel başarı";"اچھی کارکردگی";"Thành tích đẹp";"Perfformiad gwych";"Выдатны вынік";"Umsebenzi omuhle";"Snyggt jobbat"
"game.encouragement.6";"";"One line under the result title, wrapping over at most two lines. These ten messages climb from a weak score to a strong one — keep that progression. Aim for 30 characters or fewer.";"Well done";"Knap gedaan";"Goed gedoen";"Të lumtë";"ጎበዝ";"أحسنت";"Ապրե՛ս";"বঢ়িয়া";"Afərin";"Ongi egina";"শাবাশ";"တော်တယ်";"Bravo";"Браво";"Molt bé";"做得好";"Godt klaret";"Klasse gemacht";"Hästi tehtud";"Væl gjørt";"Hienosti tehty";"Bravo";"Moi ben";"ყოჩაღ";"Μπράβο";"શાબાશ";"עבודה מצוינת";"शाबाश";"Ügyes voltál";"Maith thú";"Vel gert";"Hebat";"Ben fatto";"よくできました";"ಚೆನ್ನಾಗಿ ಮಾಡಿದೆ";"Жарайсың";"ធ្វើបានល្អណាស់";"참 잘했어요";"Bravo";"ເກັ່ງຫຼາຍ";"Labi padarīts";"Šaunuolis";"Браво";"Syabas";"വളരെ നന്നായി";"शाब्बास";"Мундаг";"स्याबास";"Godt gjort";"Молодець";"ବହୁତ ଭଲ";"يارايسەن";"Barakalla";"آفرین";"Brawo";"Muito bem";"ਸ਼ਾਬਾਸ਼";"Bravo";"Молодец";"Bravo";"හොඳට කළා";"Výborne";"Odlično";"¡Bien hecho!";"Hongera";"சிறப்பாக செய்தாய்";"బాగా చేశావు";"เก่งมาก";"ཧ་ཅང་ལེགས།";"Výborně";"Aferin";"شاباش";"Giỏi lắm";"Da iawn ti";"Малайчына";"Wenze kahle";"Toppen!"
"game.encouragement.7";"";"One line under the result title, wrapping over at most two lines. These ten messages climb from a weak score to a strong one — keep that progression. Aim for 30 characters or fewer.";"Very well played";"Heel goed gespeeld";"Baie goed gespeel";"Shumë mirë";"በጣም ጥሩ";"لعب رائع جدًا";"Շատ լավ խաղացիր";"খুব ভাল খেলিলা";"Çox yaxşı oynadın";"Bikain jokatu duzu";"খুব ভালো খেলেছ";"အရမ်းကောင်းတယ်";"Odlično odigrano";"Много добра игра";"Molt ben jugat";"玩得真棒";"Virkelig flot spillet";"Sehr gut gespielt";"Väga hästi mängitud";"Sera væl spælt";"Todella hyvin";"Très bien joué";"Xogaches moi ben";"ძალიან კარგად ითამაშე";"Έπαιξες πολύ καλά";"ખૂબ સરસ રમ્યા";"משחק מעולה";"बहुत बढ़िया खेले";"Nagyon ügyes voltál";"Ar fheabhas ar fad";"Mjög vel gert";"Permainanmu hebat";"Hai giocato benissimo";"とってもよくできたね";"ತುಂಬಾ ಚೆನ್ನಾಗಿ ಆಡಿದೆ";"Өте жақсы ойнадың";"លេងបានល្អណាស់";"정말 잘했어요";"Odlično odigrano";"ຫຼິ້ນໄດ້ດີຫຼາຍ";"Ļoti labi nospēlēts";"Labai gerai sužaista";"Одлично одиграно";"Sangat bagus";"അതിമനോഹരമായി കളിച്ചു";"खूप छान खेळलास";"Маш сайн тоглолоо";"एकदम राम्रो खेल्यौ";"Kjempebra spilt";"Дуже добре зіграно";"ଖୁବ୍ ଭଲ ଖେଳିଲ";"بەك ياخشى ئوينىدىڭ";"Juda yaxshi o‘ynading";"خیلی خوب بازی کردی";"Świetnie ci poszło";"Jogaste muito bem";"ਬਹੁਤ ਵਧੀਆ ਖੇਡੇ";"Foarte bine";"Сыграно отлично";"Odlično odigrano";"ඉතා හොඳට කළා";"Veľmi dobre";"Zelo dobro odigrano";"¡Jugaste genial!";"Umecheza vizuri sana";"மிகச் சிறப்பாக ஆடினாய்";"చాలా బాగా ఆడావు";"เล่นได้เยี่ยม";"ཧ་ཅང་ཡག་པོ་རྩེད་སོང་།";"Moc pěkně";"Çok iyi oynadın";"بہت خوب کھیلے";"Chơi rất giỏi";"Chwarae gwych";"Выдатна згуляна";"Udlale kahle kakhulu";"Riktigt bra spelat"
"game.encouragement.8";"";"One line under the result title, wrapping over at most two lines. These ten messages climb from a weak score to a strong one — keep that progression. Aim for 30 characters or fewer.";"The finish is in sight";"Het einde is in zicht";"Die einde is in sig";"Fundi po afrohet";"መጨረሻው ቀርቧል";"النهاية قريبة";"Վերջը մոտ է";"শেষ দেখা গৈছে";"Finiş yaxındır";"Amaiera gertu dago";"শেষ দেখা যাচ্ছে";"ပန်းတိုင် နီးလာပြီ";"Cilj je na vidiku";"Финалът се вижда";"El final és a prop";"终点就在眼前";"Målet er i sigte";"Das Ziel ist in Sicht";"Lõpp juba paistab";"Málið er í eygsjón";"Maali häämöttää";"La fin est en vue";"Xa se ve a meta";"ფინიში უკვე ჩანს";"Το τέλος πλησιάζει";"અંત નજીક છે";"הסוף כבר קרוב";"मंज़िल पास है";"Már látszik a cél";"Tá an deireadh le feiceáil";"Endirinn er í sjónmáli";"Garis akhir sudah dekat";"Il traguardo è vicino";"ゴールはもうすぐ";"ಅಂತ್ಯ ಹತ್ತಿರದಲ್ಲಿದೆ";"Мәре жақын";"ជិតដល់ទីហើយ";"끝이 보여요";"Cilj je na vidiku";"ໃກ້ຮອດເສັ້ນໄຊແລ້ວ";"Finišs jau redzams";"Finišas jau arti";"Крајот е близу";"Garisan penamat dah dekat";"അവസാനം അടുത്തു";"शेवट जवळ आला";"Бариа ойрхон байна";"अन्त्य नजिकै छ";"Målet er i sikte";"Фініш уже близько";"ଶେଷ ପାଖେଇ ଆସିଲା";"ئاخىرى كۆرۈندى";"Marraga oz qoldi";"پایان نزدیک است";"Meta już blisko";"A meta está à vista";"ਅੰਤ ਨੇੜੇ ਹੈ";"Finalul e aproape";"Финиш уже близко";"Cilj je na vidiku";"අවසානය පේනවා";"Cieľ je na dohľad";"Cilj je že blizu";"La meta está cerca";"Mwisho unakaribia";"முடிவு நெருங்கிவிட்டது";"ముగింపు దగ్గరలోనే";"ใกล้ถึงเส้นชัยแล้ว";"མཇུག་མཐོང་གི་འདུག";"Cíl je na dohled";"Bitiş yaklaştı";"منزل قریب ہے";"Sắp về đích rồi";"Mae'r diwedd yn y golwg";"Фініш ужо блізка";"Usuzofika ekugcineni";"Målet är nära"
"game.encouragement.9";"";"One line under the result title, wrapping over at most two lines. These ten messages climb from a weak score to a strong one — keep that progression. Aim for 30 characters or fewer.";"You're almost there";"Je bent er bijna";"Jy is amper daar";"Edhe pak";"ልትደርስ ነው";"أوشكت على الوصول";"Գրեթե հասել ես";"আৰু অলপ বাকী";"Az qalıb";"Ia iritsi zara";"আর একটু বাকি";"ရောက်ခါနီးပြီ";"Još malo";"Почти успя";"Ja gairebé hi ets";"就快到了";"Du er næsten i mål";"Du bist fast da";"Oled peaaegu kohal";"Tú ert næstan komin";"Olet melkein perillä";"Tu y es presque";"Xa case estás";"თითქმის მორჩი";"Σχεδόν έφτασες";"તમે લગભગ પહોંચી ગયા";"כמעט הגעתם";"बस पहुँचने वाले हो";"Mindjárt megvagy";"Tá tú beagnach ann";"Þú ert næstum komin(n)";"Sedikit lagi";"Ci sei quasi";"あとちょっと";"ಇನ್ನೇನು ತಲುಪುತ್ತೀಯ";"Жетіп қалдың";"អ្នកជិតបានហើយ";"거의 다 왔어요";"Još malo";"ເກືອບຮອດແລ້ວ";"Tu esi gandrīz galā";"Beveik pasiekei";"Уште малку";"Hampir sampai";"ഇനി കുറച്ചേ ഉള്ളൂ";"तू जवळपास पोहोचलास";"Бараг боллоо";"अब लगभग पुग्यौ";"Du er nesten fremme";"Ти майже там";"ଆଉ ଟିକେ ବାକି";"ئاز قالدى";"Deyarli yetib kelding";"تقریباً رسیدی";"Już prawie";"Estás quase lá";"ਤੁਸੀਂ ਲਗਭਗ ਪਹੁੰਚ ਗਏ";"Aproape ai reușit";"Ты почти у цели";"Još malo";"තව ටිකයි";"Už si skoro tam";"Skoraj si tam";"Ya casi llegas";"Karibu umefika";"இன்னும் கொஞ்சம்தான்";"దాదాపు చేరుకున్నావు";"อีกนิดเดียว";"ཁྱེད་རང་ཕལ་ཆེར་སླེབས་སོང་།";"Už tam skoro jsi";"Neredeyse bitti";"آپ تقریباً پہنچ گئے";"Bạn gần tới rồi";"Rwyt ti bron yno";"Ты амаль дайшоў";"Usuzofika";"Du är nästan framme"
"game.encouragement.complete";"";"One line under the result title, wrapping over at most two lines. These ten messages climb from a weak score to a strong one — keep that progression. Aim for 30 characters or fewer.";"Perfect score!";"Perfect, alles goed!";"Perfek, alles reg!";"Rezultat perfekt!";"ሁሉም ትክክል!";"علامة كاملة!";"Կատարյալ արդյունք!";"একেবাৰে ঠিক!";"Əla! Hamısı düzdür!";"Puntuazio perfektua!";"একদম ঠিক!";"အမှတ်ပြည့်!";"Savršen rezultat!";"Всичко вярно!";"Perfecte, tot bé!";"满分！";"Perfekt, alt rigtigt!";"Perfekt, alles richtig!";"Täiuslik tulemus!";"Alt rætt!";"Täydet pisteet!";"Score parfait !";"Perfecto, todo ben!";"ყველაფერი სწორია!";"Τέλειο σκορ!";"બધું એકદમ સાચું!";"ציון מושלם!";"पूरे अंक!";"Minden tökéletes!";"Scór foirfe!";"Fullkomið!";"Nilai sempurna!";"Perfetto, tutto giusto!";"全問正解！";"ಎಲ್ಲವೂ ಸರಿಯಾಗಿದೆ!";"Керемет! Бәрі дұрыс!";"ពិន្ទុពេញ!";"완벽해!";"Sve točno!";"ຖືກທຸກຂໍ້!";"Izcili, viss pareizi!";"Puikiai! Viskas teisingai!";"Сè точно!";"Skor sempurna!";"പൂർണ്ണ സ്കോർ!";"पूर्ण गुण!";"Төгс оноо!";"सबै सही!";"Alt riktig!";"Ідеально!";"ସବୁଠି ଠିକ୍!";"ھەممىسى توغرا!";"Zo‘r, hammasi to‘g‘ri!";"امتیاز کامل!";"Idealnie!";"Pontuação perfeita!";"ਬਿਲਕੁਲ ਸਹੀ!";"Scor perfect!";"Идеально!";"Savršen rezultat!";"සියල්ල හරි!";"Perfektné, všetko správne!";"Vse pravilno!";"¡Puntuación perfecta!";"Alama kamili!";"அருமை, எல்லாம் சரி!";"అన్నీ కరెక్ట్!";"ยอดเยี่ยม ถูกหมด!";"ཡོངས་སུ་འགྲིག!";"Perfektní skóre!";"Kusursuz!";"پورے نمبر!";"Điểm tuyệt đối!";"Sgôr berffaith!";"Усё правільна!";"Konke kulungile!";"Perfekt resultat!"
"game.end.completionSubtitle";"";"One line under the result title, wrapping over at most two lines. These ten messages climb from a weak score to a strong one — keep that progression. Aim for 39 characters or fewer.";"You collected all the flies";"Je hebt alle vliegen verzameld";"Jy het elke punt verdien.";"I fitove të gjitha pikët.";"እያንዳንዱን ነጥብ አግኝተሃል።";"كسبت كل النقاط.";"Դու վաստակեցիր բոլոր միավորները։";"তুমি প্ৰতিটো পইণ্ট অৰ্জন কৰিলা।";"Bütün xalları qazandın.";"Puntu guztiak irabazi dituzu.";"প্রতিটি পয়েন্ট তুমি অর্জন করেছ।";"အမှတ်တိုင်းကို ကိုယ်တိုင်ရခဲ့တယ်။";"Osvojio/la si svaki bod.";"Спечели всяка точка.";"Has guanyat tots els punts.";"每一分都是你赢来的。";"Du har fortjent hvert point.";"Du hast jeden Punkt verdient.";"Sa teenisid kõik punktid välja.";"Tú vann hvørt einasta stig.";"Ansaitsit jokaisen pisteen.";"Tu as gagné chaque point.";"Gañaches cada punto.";"ყველა ქულა დაიმსახურე.";"Κέρδισες κάθε πόντο.";"તમે દરેક પોઈન્ટ મેળવ્યો.";"הרווחתם כל נקודה.";"तुमने हर अंक कमाया।";"Minden pontot megszereztél.";"Thuill tú gach pointe.";"Þú vannst inn hvert stig.";"Kamu meraih semua poin.";"Hai conquistato ogni punto.";"ぜんぶのポイントをとったよ。";"ಪ್ರತಿ ಅಂಕವನ್ನೂ ಗಳಿಸಿದ್ದೀಯ.";"Әр ұпайды өзің жинадың.";"អ្នករកបានគ្រប់ពិន្ទុ។";"모든 점수를 얻었어요.";"Svaki bod je tvoj.";"ເຈົ້າໄດ້ທຸກຄະແນນແລ້ວ.";"Tu nopelnīji katru punktu.";"Uždirbai kiekvieną tašką.";"Го освои секој поен.";"Kamu berjaya dapat semua mata.";"ഓരോ പോയിന്റും നീ നേടി.";"तू प्रत्येक गुण कमावलास.";"Чи бүх оноогоо авлаа.";"तिमीले हरेक अङ्क कमायौ।";"Du fortjente hvert poeng.";"Ти здобув усі бали.";"ତୁମେ ପ୍ରତ୍ୟେକ ପଏଣ୍ଟ ଜିତିଛ।";"ھەر بىر نومۇرغا لايىق بولدۇڭ.";"Har bir ballni qo‘lga kiritding.";"همهٔ امتیازها را به دست آوردی.";"Zdobywasz każdy punkt.";"Ganhaste todos os pontos.";"ਤੁਸੀਂ ਹਰ ਅੰਕ ਕਮਾਇਆ।";"Ai câștigat fiecare punct.";"Каждое очко заслужено.";"Zaslužio/la si svaki poen.";"හැම ලකුණක්ම ඔබ උපයාගත්තා.";"Získal si každý bod.";"Prislužil si si vsako točko.";"Te ganaste cada punto.";"Umeshinda kila pointi.";"ஒவ்வொரு புள்ளியையும் பெற்றாய்.";"ప్రతి పాయింట్ సంపాదించావు.";"เธอได้ทุกคะแนนด้วยตัวเอง";"སྐར་མ་ཚང་མ་ཁྱེད་ཀྱིས་ཐོབ་སོང་།";"Získal jsi všechny body.";"Her puanı hak ettin.";"آپ نے ہر پوائنٹ کمایا۔";"Bạn đã giành mọi điểm.";"Enillaist ti bob pwynt.";"Ты заслужыў кожны бал.";"Uthole wonke amaphuzu.";"Du fick alla poäng."
"game.end.completionSuffix";"";"On the end-of-level card: a title, or a button under it. Aim for 22 characters or fewer.";"complete!";"afgerond!";"voltooi!";"përfunduar!";"ተጠናቋል!";"اكتمل!";"ավարտված է։";"সম্পূৰ্ণ!";"tamamlandı!";"osatuta!";"সম্পূর্ণ!";"ပြီးပြီ!";"završeno!";"завършено!";"completat!";"完成！";"færdig!";"geschafft!";"valmis!";"liðugt!";"valmis!";"terminé !";"completado!";"დასრულებულია!";"ολοκληρώθηκε!";"પૂર્ણ!";"הושלם!";"पूरा!";"kész!";"críochnaithe!";"lokið!";"selesai!";"completato!";"クリア！";"ಪೂರ್ಣ!";"аяқталды!";"រួចរាល់!";"완료!";"završeno!";"ສຳເລັດ!";"pabeigts!";"baigta!";"завршено!";"selesai!";"പൂർത്തിയായി!";"पूर्ण!";"дууслаа!";"पूरा भयो!";"fullført!";"завершено!";"ସମ୍ପୂର୍ଣ୍ଣ!";"تامام!";"tugadi!";"کامل شد!";"ukończono!";"concluído!";"ਪੂਰਾ!";"complet!";"готово!";"završeno!";"සම්පූර්ණයි!";"hotovo!";"končano!";"¡completado!";"imekamilika!";"முடிந்தது!";"పూర్తయింది!";"เสร็จแล้ว!";"ཚར་སོང་!";"hotovo!";"tamamlandı!";"مکمل!";"hoàn thành!";"wedi'i gwblhau!";"завершана!";"kuqediwe!";"klart!"
"game.end.gameOverTitle";"";"On the end-of-level card: a title, or a button under it. Aim for 22 characters or fewer.";"Game over";"Game over";"Spel verby";"Loja mbaroi";"ጨዋታው አልቋል";"انتهت اللعبة";"Խաղն ավարտվեց";"খেল শেষ";"Oyun bitdi";"Jokoa amaitu da";"খেলা শেষ";"ဂိမ်းပြီးပြီ";"Kraj igre";"Край на играта";"Fi del joc";"游戏结束";"Spillet er slut";"Spiel vorbei";"Mäng läbi";"Spælið er liðugt";"Peli ohi";"Partie finie";"Fin do xogo";"თამაში დასრულდა";"Τέλος παιχνιδιού";"રમત પૂરી";"המשחק נגמר";"खेल खत्म";"Játék vége";"Cluiche thart";"Leik lokið";"Permainan selesai";"Game over";"ゲームオーバー";"ಆಟ ಮುಗಿತು";"Ойын аяқталды";"ចប់ហ្គេម";"게임 종료";"Kraj igre";"ເກມຈົບ";"Spēle beigusies";"Žaidimas baigtas";"Крај на играта";"Permainan tamat";"കളി കഴിഞ്ഞു";"खेळ संपला";"Тоглоом дууслаа";"खेल सकियो";"Spillet er slutt";"Гру завершено";"ଖେଳ ଶେଷ";"ئويۇن ئاخىرلاشتى";"O‘yin tugadi";"پایان بازی";"Koniec gry";"Fim do jogo";"ਖੇਡ ਖਤਮ";"Joc încheiat";"Игра окончена";"Kraj igre";"ක්‍රීඩාව අවසන්";"Koniec hry";"Konec igre";"Fin del juego";"Mchezo umeisha";"ஆட்டம் முடிந்தது";"ఆట ముగిసింది";"จบเกม";"རྩེད་མོ་ཚར་སོང་།";"Konec hry";"Oyun bitti";"کھیل ختم";"Hết lượt";"Diwedd y gêm";"Гульня скончана";"Umdlalo uphelile";"Spelet är slut"
"game.end.mainMenu";"";"On the end-of-level card: a title, or a button under it. Aim for 22 characters or fewer.";"Main menu";"Hoofdmenu";"Hoofkieslys";"Menyja kryesore";"ዋና ምናሌ";"القائمة الرئيسية";"Գլխավոր ընտրացանկ";"মূল মেনু";"Əsas menyu";"Menu nagusia";"মূল মেনু";"ပင်မမီနူး";"Glavni meni";"Главно меню";"Menú principal";"主菜单";"Hovedmenu";"Hauptmenü";"Peamenüü";"Høvuðsvalmynd";"Päävalikko";"Menu principal";"Menú principal";"მთავარი მენიუ";"Κύριο μενού";"મુખ્ય મેનુ";"תפריט ראשי";"मुख्य मेन्यू";"Főmenü";"Príomh-roghchlár";"Aðalvalmynd";"Menu utama";"Menu principale";"メインメニュー";"ಮುಖ್ಯ ಮೆನು";"Басты мәзір";"ម៉ឺនុយមេ";"메인 메뉴";"Glavni izbornik";"ເມນູຫຼັກ";"Galvenā izvēlne";"Pagrindinis meniu";"Главно мени";"Menu utama";"പ്രധാന മെനു";"मुख्य मेनू";"Үндсэн цэс";"मुख्य मेनु";"Hovedmeny";"Головне меню";"ମୁଖ୍ୟ ମେନୁ";"باش تىزىملىك";"Asosiy menyu";"منوی اصلی";"Menu główne";"Menu principal";"ਮੁੱਖ ਮੀਨੂ";"Meniu principal";"Главное меню";"Glavni meni";"ප්‍රධාන මෙනුව";"Hlavné menu";"Glavni meni";"Menú principal";"Menyu kuu";"முதன்மை மெனு";"ప్రధాన మెనూ";"เมนูหลัก";"གཙོ་ངོས";"Hlavní nabídka";"Ana menü";"مرکزی مینو";"Menu chính";"Prif ddewislen";"Галоўнае меню";"Imenyu enkulu";"Huvudmeny"
"game.end.playAgain";"";"On the end-of-level card: a title, or a button under it. Aim for 22 characters or fewer.";"Play again";"Nog een keer";"Speel weer";"Luaj përsëri";"እንደገና ተጫወት";"العب مجددًا";"Կրկին խաղալ";"আকৌ খেলা";"Yenidən oyna";"Jokatu berriro";"আবার খেলো";"ထပ်ကစား";"Igraj ponovo";"Играй пак";"Torna-hi";"再玩一次";"Spil igen";"Noch einmal";"Mängi uuesti";"Spæl aftur";"Pelaa uudelleen";"Rejouer";"Xogar de novo";"კიდევ ითამაშე";"Παίξε ξανά";"ફરી રમો";"לשחק שוב";"फिर खेलें";"Újra";"Imir arís";"Spila aftur";"Main lagi";"Gioca ancora";"もう一度";"ಮತ್ತೆ ಆಡು";"Қайта ойнау";"លេងម្តងទៀត";"다시 하기";"Igraj ponovno";"ຫຼິ້ນອີກ";"Spēlēt vēlreiz";"Žaisti dar kartą";"Играј пак";"Main lagi";"വീണ്ടും കളിക്കൂ";"पुन्हा खेळ";"Дахин тоглох";"फेरि खेल";"Spill igjen";"Ще раз";"ପୁଣି ଖେଳ";"قايتا ئوينا";"Yana o‘yna";"دوباره بازی کن";"Zagraj ponownie";"Jogar de novo";"ਫਿਰ ਖੇਡੋ";"Joacă din nou";"Ещё раз";"Igraj ponovo";"නැවත ක්‍රීඩා කරන්න";"Hrať znova";"Igraj znova";"Jugar otra vez";"Cheza tena";"மீண்டும் ஆடு";"మళ్లీ ఆడు";"เล่นอีกครั้ง";"ཡང་བསྐྱར་རྩེ";"Hrát znovu";"Tekrar oyna";"پھر کھیلیں";"Chơi lại";"Chwarae eto";"Яшчэ раз";"Dlala futhi";"Spela igen"
"game.highScore";"";"Shown over the game board while playing. Aim for 22 characters or fewer.";"Record";"Record";"Toptelling";"Rekordi";"ከፍተኛ ውጤት";"أعلى نتيجة";"Լավագույն հաշիվ";"সৰ্বোচ্চ স্ক’ৰ";"Rekord";"Errekorra";"সেরা স্কোর";"အမြင့်ဆုံးအမှတ်";"Rekord";"Рекорд";"Rècord";"最高分";"Topscore";"Bestleistung";"Rekord";"Met";"Ennätys";"Meilleur score";"Récord";"საუკეთესო ქულა";"Ρεκόρ";"ઉચ્ચ સ્કોર";"שיא";"सर्वोच्च स्कोर";"Rekord";"Scór is airde";"Met";"Rekor";"Record";"ハイスコア";"ಅತ್ಯುತ್ತಮ ಅಂಕ";"Үздік ұпай";"ពិន្ទុខ្ពស់";"최고 점수";"Rekord";"ຄະແນນສູງສຸດ";"Rekords";"Rekordas";"Рекорд";"Rekod";"മികച്ച സ്കോർ";"सर्वोच्च गुण";"Дээд оноо";"उच्च स्कोर";"Rekord";"Рекорд";"ସର୍ବୋଚ୍ଚ ସ୍କୋର";"ئەڭ يۇقىرى نومۇر";"Rekord";"رکورد";"Rekord";"Recorde";"ਸਭ ਤੋਂ ਵੱਧ ਸਕੋਰ";"Record";"Рекорд";"Rekord";"ඉහළම ලකුණු";"Rekord";"Rekord";"Récord";"Rekodi bora";"அதிகபட்ச மதிப்பெண்";"అత్యధిక స్కోరు";"คะแนนสูงสุด";"སྐར་མ་མཐོ་ཤོས";"Rekord";"Rekor";"بہترین اسکور";"Điểm cao";"Sgôr uchaf";"Рэкорд";"Irekhodi";"Rekord"
"game.intro.backToMainMenu";"";"The level-intro card. Titles are set in a large heavy face and shrink rather than wrap, so short is better. Aim for 32 characters or fewer.";"Back to the main menu";"Terug naar het hoofdmenu";"Terug na hoofkieslys";"Kthehu te menyja kryesore";"ወደ ዋና ምናሌ ተመለስ";"العودة للقائمة الرئيسية";"Դեպի գլխավոր ընտրացանկ";"মূল মেনুলৈ উভতি যাওক";"Əsas menyuya qayıt";"Menu nagusira";"মূল মেনুতে ফেরো";"ပင်မမီနူးသို့ ပြန်ရန်";"Natrag na glavni meni";"Към главното меню";"Torna al menú principal";"返回主菜单";"Tilbage til hovedmenuen";"Zurück zum Hauptmenü";"Tagasi peamenüüsse";"Aftur til høvuðsvalmynd";"Takaisin päävalikkoon";"Retour au menu principal";"Volver ao menú principal";"მთავარ მენიუში დაბრუნება";"Πίσω στο κύριο μενού";"મુખ્ય મેનુ પર પાછા";"חזרה לתפריט הראשי";"मुख्य मेन्यू पर वापस";"Vissza a főmenübe";"Ar ais chuig an bpríomh-roghchlár";"Til baka í aðalvalmynd";"Kembali ke menu utama";"Torna al menu principale";"メインメニューにもどる";"ಮುಖ್ಯ ಮೆನುಗೆ ಹಿಂತಿರುಗು";"Басты мәзірге қайту";"ត្រឡប់ទៅម៉ឺនុយមេ";"메인 메뉴로";"Natrag na glavni izbornik";"ກັບເມນູຫຼັກ";"Atpakaļ uz galveno izvēlni";"Grįžti į pagrindinį meniu";"Назад во главното мени";"Kembali ke menu utama";"പ്രധാന മെനുവിലേക്ക്";"मुख्य मेनूवर परत";"Үндсэн цэс рүү буцах";"मुख्य मेनुमा फर्क";"Tilbake til hovedmenyen";"Назад до меню";"ମୁଖ୍ୟ ମେନୁକୁ ଫେର";"باش تىزىملىككە قايت";"Asosiy menyuga qaytish";"بازگشت به منوی اصلی";"Wróć do menu głównego";"Voltar ao menu principal";"ਮੁੱਖ ਮੀਨੂ ਵੱਲ";"Înapoi la meniul principal";"В главное меню";"Nazad na glavni meni";"ප්‍රධාන මෙනුවට ආපසු";"Späť do hlavného menu";"Nazaj v glavni meni";"Volver al menú principal";"Rudi kwenye menyu kuu";"முதன்மை மெனுவுக்குத் திரும்பு";"ప్రధాన మెనూకు వెళ్లు";"กลับเมนูหลัก";"གཙོ་ངོས་སུ་ཕྱིར་ལོག";"Zpět do hlavní nabídky";"Ana menüye dön";"مرکزی مینو پر واپس";"Về menu chính";"Nôl i'r brif ddewislen";"У галоўнае меню";"Buyela kumenyu enkulu";"Till huvudmenyn"
"game.intro.continue";"";"The level-intro card. Titles are set in a large heavy face and shrink rather than wrap, so short is better. Aim for 20 characters or fewer.";"Continue";"Verdergaan";"Speel verder";"Vazhdo";"መጫወትህን ቀጥል";"متابعة اللعب";"Շարունակել";"আগবাঢ়া";"Davam et";"Jarraitu";"চালিয়ে যাও";"ဆက်ကစား";"Nastavi";"Продължи";"Continua";"继续";"Fortsæt";"Weiterspielen";"Jätka";"Halt fram";"Jatka";"Continuer";"Continuar";"გაგრძელება";"Συνέχεια";"આગળ રમો";"המשך";"आगे खेलें";"Folytatás";"Lean ar aghaidh";"Halda áfram";"Lanjut bermain";"Continua";"つづきから";"ಮುಂದುವರಿಸು";"Жалғастыру";"បន្តលេង";"계속하기";"Nastavi";"ຫຼິ້ນຕໍ່";"Turpināt";"Tęsti";"Продолжи";"Teruskan";"തുടർന്ന് കളിക്കൂ";"पुढे खेळ";"Үргэлжлүүлэн тоглох";"जारी राख";"Fortsett";"Продовжити";"ଆଗକୁ ଖେଳ";"داۋاملاشتۇر";"Davom et";"ادامه";"Graj dalej";"Continuar";"ਅੱਗੇ ਖੇਡੋ";"Continuă";"Продолжить";"Nastavi";"දිගටම ක්‍රීඩා කරන්න";"Pokračovať";"Nadaljuj";"Continuar";"Endelea";"தொடர்ந்து ஆடு";"కొనసాగించు";"เล่นต่อ";"མུ་མཐུད་རྩེ";"Pokračovat";"Devam et";"جاری رکھیں";"Chơi tiếp";"Parhau";"Працягнуць";"Qhubeka";"Fortsätt"
"game.intro.progressPaused";"";"The level-intro card. Titles are set in a large heavy face and shrink rather than wrap, so short is better. Aim for 36 characters or fewer.";"Your progress is paused.";"Je voortgang is gepauzeerd.";"Jou vordering is gepouseer.";"Progresi është ndalur.";"እድገትህ ቆሟል።";"توقف تقدمك مؤقتًا.";"Առաջընթացը դադարեցված է։";"তোমাৰ অগ্ৰগতি ৰৈ আছে।";"İrəliləyiş dayandırılıb.";"Zure aurrerapena pausatuta dago.";"তোমার অগ্রগতি থেমে আছে।";"တိုးတက်မှုကို ခဏရပ်ထားတယ်။";"Napredak je pauziran.";"Напредъкът е на пауза.";"El teu progrés està pausat.";"进度已暂停。";"Din fremgang er sat på pause.";"Dein Fortschritt pausiert.";"Sinu edenemine on pausil.";"Framstigið er steðgað.";"Edistymisesi on tauolla.";"Progression en pause.";"O teu progreso está en pausa.";"შენი პროგრესი შეჩერებულია.";"Η πρόοδός σου σταμάτησε.";"તમારી પ્રગતિ થોભી છે.";"ההתקדמות שלך מושהית.";"प्रगति रुकी है।";"A haladás szünetel.";"Tá do dhul chun cinn ar sos.";"Framvindan er í bið.";"Progresmu dijeda.";"Progressi in pausa.";"つづきは一時停止中。";"ನಿನ್ನ ಪ್ರಗತಿ ನಿಂತಿದೆ.";"Ойының кідіртілді.";"ការលេងបានផ្អាក។";"진행 일시정지";"Napredak je pauziran.";"ຄວາມຄືບໜ້າຖືກຢຸດໄວ້.";"Tavs progress ir apturēts.";"Tavo pažanga pristabdyta.";"Напредокот е паузиран.";"Kemajuan dijeda.";"നിന്റെ പുരോഗതി നിർത്തിവച്ചു.";"तुझी प्रगती थांबली आहे.";"Ахиц түр зогссон.";"तिम्रो प्रगति रोकिएको छ।";"Fremgangen er satt på pause.";"Прогрес призупинено.";"ତୁମର ପ୍ରଗତି ବିରତିରେ ଅଛି।";"ئىلگىرىلىشىڭ توختىتىلدى.";"O‘yining to‘xtab turibdi.";"پیشرفتت متوقف شده.";"Postęp wstrzymany.";"O teu progresso está em pausa.";"ਤੁਹਾਡੀ ਤਰੱਕੀ ਰੁਕੀ ਹੋਈ ਹੈ।";"Progresul e în pauză.";"Игра на паузе.";"Napredak je pauziran.";"ඔයාගේ ප්‍රගතිය නවත්තලා.";"Tvoj postup je pozastavený.";"Napredek je začasno ustavljen.";"Tu progreso está en pausa.";"Maendeleo yamesitishwa.";"உங்கள் முன்னேற்றம் நிறுத்தப்பட்டுள்ளது.";"నీ పురోగతి ఆగింది.";"พักความคืบหน้าไว้";"ཁྱེད་ཀྱི་མདུན་སྐྱོད་མཚམས་བཞག་ཡོད།";"Postup je pozastavený.";"İlerlemen duraklatıldı.";"آپ کی پیش رفت رکی ہوئی ہے۔";"Tiến độ đang tạm dừng.";"Mae dy gynnydd wedi’i oedi.";"Прагрэс прыпынены.";"Inqubekela phambili imisiwe.";"Dina framsteg är pausade."
"game.intro.start";"";"The level-intro card. Titles are set in a large heavy face and shrink rather than wrap, so short is better. Aim for 20 characters or fewer.";"Start";"Starten";"Begin vlak";"Fillo nivelin";"ደረጃውን ጀምር";"ابدأ المستوى";"Սկսել մակարդակը";"লেভেল আৰম্ভ";"Səviyyəyə başla";"Hasi maila";"লেভেল শুরু";"အဆင့်စရန်";"Pokreni nivo";"Начало на нивото";"Comença el nivell";"开始关卡";"Start bane";"Level starten";"Alusta taset";"Byrja stig";"Aloita taso";"Commencer le niveau";"Comezar nivel";"დონის დაწყება";"Έναρξη επιπέδου";"લેવલ શરૂ કરો";"התחלת שלב";"स्तर शुरू करें";"Szint indítása";"Tosaigh an leibhéal";"Byrja borð";"Mulai level";"Inizia il livello";"レベルをはじめる";"ಹಂತ ಆರಂಭಿಸು";"Деңгейді бастау";"ចាប់ផ្តើមកម្រិត";"레벨 시작";"Pokreni razinu";"ເລີ່ມດ່ານ";"Sākt līmeni";"Pradėti lygį";"Почни ниво";"Mula tahap";"ലെവൽ തുടങ്ങൂ";"स्तर सुरू कर";"Түвшинг эхлүүлэх";"लेभल सुरु";"Start nivå";"Почати рівень";"ଲେଭେଲ୍ ଆରମ୍ଭ";"دەرىجىنى باشلا";"Bosqichni boshlash";"شروع مرحله";"Zacznij poziom";"Começar nível";"ਲੈਵਲ ਸ਼ੁਰੂ ਕਰੋ";"Începe nivelul";"Начать уровень";"Pokreni nivo";"මට්ටම අරඹන්න";"Spustiť úroveň";"Začni stopnjo";"Empezar nivel";"Anza kiwango";"நிலையைத் தொடங்கு";"లెవల్ ప్రారంభించు";"เริ่มด่าน";"རིམ་པ་འགོ་འཛུགས";"Spustit úroveň";"Seviyeyi başlat";"لیول شروع کریں";"Bắt đầu màn";"Dechrau'r lefel";"Пачаць узровень";"Qala ileveli";"Starta nivån"
"game.intro.startTutorial";"";"The level-intro card. Titles are set in a large heavy face and shrink rather than wrap, so short is better. Aim for 20 characters or fewer.";"Start tutorial";"Start tutorial";"Begin tutoriaal";"Fillo udhëzimin";"መማሪያውን ጀምር";"ابدأ التدريب";"Սկսել ուսուցումը";"টিউটোৰিয়েল আৰম্ভ";"Təlimə başla";"Hasi tutoriala";"টিউটোরিয়াল শুরু";"သင်ခန်းစာ စမယ်";"Pokreni uputstvo";"Започни урока";"Inicia el tutorial";"开始教程";"Start guide";"Tutorial starten";"Alusta õpetust";"Byrja vegleiðing";"Aloita opastus";"Lancer le tuto";"Comezar tutorial";"გაკვეთილის დაწყება";"Ξεκίνα οδηγό";"ટ્યુટોરિયલ શરૂ કરો";"להתחיל הדרכה";"ट्यूटोरियल शुरू करो";"Oktató indítása";"Tosaigh an treoir";"Byrja kennslu";"Mulai tutorial";"Avvia tutorial";"チュートリアル開始";"ಟ್ಯುಟೋರಿಯಲ್ ಆರಂಭಿಸು";"Үйретуді бастау";"ចាប់ផ្តើមណែនាំ";"튜토리얼 시작";"Pokreni upute";"ເລີ່ມສອນ";"Sākt pamācību";"Pradėti pamokėlę";"Почни упатство";"Mula tutorial";"ട്യൂട്ടോറിയൽ തുടങ്ങൂ";"ट्युटोरियल सुरू करा";"Заавар эхлүүлэх";"ट्युटोरियल सुरु";"Start veiledning";"Почати навчання";"ଟ୍ୟୁଟୋରିଆଲ୍ ଆରମ୍ଭ";"قوللانمىنى باشلا";"O‘rgatishni boshlash";"شروع آموزش";"Start samouczka";"Iniciar tutorial";"ਟਿਊਟੋਰਿਅਲ ਸ਼ੁਰੂ ਕਰੋ";"Începe tutorialul";"Начать обучение";"Pokreni uputstvo";"පුහුණුව අරඹන්න";"Spustiť návod";"Začni vadnico";"Empezar tutorial";"Anza mafunzo";"பயிற்சி தொடங்கு";"ట్యుటోరియల్ మొదలు";"เริ่มสอนเล่น";"སློབ་ཁྲིད་འགོ་འཛུགས";"Spustit návod";"Eğitimi başlat";"ٹیوٹوریل شروع کریں";"Bắt đầu hướng dẫn";"Dechrau’r tiwtorial";"Пачаць навучанне";"Qala ukufundiswa";"Starta guide"
"game.streakBoost.title";"";"Shown over the game board while playing. Aim for 22 characters or fewer.";"Double points!";"Dubbele punten!";"Dubbelpunte!";"Pikë dyfish!";"ድርብ ነጥብ!";"نقاط مضاعفة!";"Կրկնակի միավորներ!";"দুগুণ পইণ্ট!";"İkiqat xal!";"Puntu bikoitzak!";"দ্বিগুণ পয়েন্ট!";"အမှတ်နှစ်ဆ!";"Dupli bodovi!";"Двойни точки!";"Punts dobles!";"双倍得分！";"Dobbelt point!";"Doppelte Punkte!";"Topeltpunktid!";"Tvístig!";"Tuplapisteet!";"Points doublés !";"Puntos dobres!";"ორმაგი ქულები!";"Διπλοί πόντοι!";"બમણા પોઇન્ટ!";"נקודות כפולות!";"दोगुने अंक!";"Dupla pont!";"Pointí dúbailte!";"Tvöföld stig!";"Poin ganda!";"Punti doppi!";"ポイント2倍！";"ಡಬಲ್ ಪಾಯಿಂಟ್‌ಗಳು!";"Екі есе ұпай!";"ពិន្ទុគុណពីរ!";"점수 2배!";"Dupli bodovi!";"ຄະແນນສອງເທົ່າ!";"Dubulti punkti!";"Dvigubi taškai!";"Двојни поени!";"Mata berganda!";"ഇരട്ടി പോയിന്റുകൾ!";"दुप्पट गुण!";"Давхар оноо!";"दोब्बर अंक!";"Doble poeng!";"Подвійні бали!";"ଦୁଇଗୁଣା ପଏଣ୍ଟ!";"قوش نومۇر!";"Ikki hissa ball!";"امتیاز دوبرابر!";"Podwójne punkty!";"Pontos a dobrar!";"ਦੁੱਗਣੇ ਅੰਕ!";"Puncte duble!";"Двойные очки!";"Dupli poeni!";"ලකුණු දෙගුණයි!";"Dvojité body!";"Dvojne točke!";"¡Puntos dobles!";"Pointi mara mbili!";"இரட்டை புள்ளிகள்!";"రెట్టింపు పాయింట్లు!";"คะแนนสองเท่า!";"སྐར་གྲངས་ཉིས་འགྱུར!";"Dvojnásobek bodů!";"Çifte puan!";"دگنے پوائنٹس!";"Gấp đôi điểm!";"Pwyntiau dwbl!";"Падвойныя балы!";"Amaphuzu aphindwe kabili!";"Dubbla poäng!"
"goal.period";"";"In the settings sheet. The info lines sit under a group and may wrap. Aim for 90 characters or fewer.";"Period";"Periode";"Doeltydperk";"Periudha e objektivit";"የግብ ጊዜ";"فترة الهدف";"Նպատակի շրջան";"লক্ষ্যৰ সময়";"Hədəf müddəti";"Helburu-epea";"লক্ষ্যের সময়কাল";"ပန်းတိုင်ကာလ";"Period cilja";"Период на целта";"Període de l’objectiu";"目标周期";"Målperiode";"Zielzeitraum";"Eesmärgi periood";"Málskeið";"Tavoitejakso";"Période de l’objectif";"Período do obxectivo";"მიზნის პერიოდი";"Περίοδος στόχου";"લક્ષ્ય સમયગાળો";"תקופת היעד";"लक्ष्य अवधि";"Cél időszaka";"Tréimhse sprice";"Marktímabil";"Periode target";"Periodo obiettivo";"目標の期間";"ಗುರಿಯ ಅವಧಿ";"Мақсат кезеңі";"រយៈពេលគោលដៅ";"목표 기간";"Razdoblje cilja";"ໄລຍະເປົ້າໝາຍ";"Mērķa periods";"Tikslo laikotarpis";"Период на целта";"Tempoh sasaran";"ലക്ഷ്യകാലം";"ध्येय कालावधी";"Зорилгын хугацаа";"लक्ष्य अवधि";"Målperiode";"Період цілі";"ଲକ୍ଷ୍ୟ ସମୟ";"نىشان مۇددىتى";"Maqsad davri";"بازهٔ هدف";"Okres celu";"Período da meta";"ਟੀਚੇ ਦੀ ਮਿਆਦ";"Perioada obiectivului";"Период цели";"Period cilja";"ඉලක්ක කාලය";"Obdobie cieľa";"Obdobje cilja";"Periodo del objetivo";"Kipindi cha lengo";"இலக்கு காலம்";"లక్ష్య కాలం";"ช่วงเป้าหมาย";"དམིགས་ཡུན";"Období cíle";"Hedef dönemi";"ہدف کی مدت";"Khoảng thời gian";"Cyfnod y nod";"Перыяд мэты";"Isikhathi somgomo";"Målperiod"
"goal.promptDaily";"";"In the settings sheet. The info lines sit under a group and may wrap. Aim for 90 characters or fewer.";"How many minutes a day would you like to play?";"Hoeveel minuten per dag wil je spelen?";"Hoeveel minute wil jy elke dag speel?";"Sa minuta dëshiron të luash çdo ditë?";"በቀን ስንት ደቂቃ መጫወት ትፈልጋለህ?";"كم دقيقة تريد أن تلعب يوميًا؟";"Օրական քանի՞ րոպե ես ուզում խաղալ։";"দিনে কিমান মিনিট খেলিব খোজা?";"Gündə neçə dəqiqə oynamaq istəyirsən?";"Zenbat minutuz jokatu nahi duzu egunean?";"প্রতিদিন কত মিনিট খেলতে চাও?";"တစ်နေ့ကို ဘယ်နှမိနစ် ကစားချင်လဲ။";"Koliko minuta želiš igrati dnevno?";"Колко минути искаш да играеш на ден?";"Quants minuts vols jugar cada dia?";"你每天想玩几分钟？";"Hvor mange minutter vil du spille om dagen?";"Wie viele Minuten möchtest du täglich spielen?";"Mitu minutit tahad päevas mängida?";"Hvussu nógvar minuttir vilt tú spæla um dagin?";"Kuinka monta minuuttia haluat pelata päivässä?";"Combien de minutes veux-tu jouer par jour ?";"Cantos minutos queres xogar ao día?";"დღეში რამდენი წუთი გინდა ითამაშო?";"Πόσα λεπτά θέλεις να παίζεις κάθε μέρα;";"તમે દરરોજ કેટલા મિનિટ રમવા માંગો છો?";"כמה דקות תרצו לשחק בכל יום?";"हर दिन कितने मिनट खेलना चाहते हो?";"Hány percet szeretnél játszani naponta?";"Cé mhéad nóiméad ar mhaith leat imirt gach lá?";"Hve margar mínútur viltu spila á dag?";"Berapa menit kamu ingin bermain setiap hari?";"Quanti minuti vuoi giocare al giorno?";"1日に何分あそびたい？";"ದಿನಕ್ಕೆ ಎಷ್ಟು ನಿಮಿಷ ಆಡಲು ಬಯಸುತ್ತೀಯ?";"Күніне неше минут ойнағың келеді?";"អ្នកចង់លេងប៉ុន្មាននាទីក្នុងមួយថ្ងៃ?";"하루에 몇 분 동안 놀고 싶나요?";"Koliko minuta želiš igrati svaki dan?";"ຢາກຫຼິ້ນມື້ລະຈັກນາທີ?";"Cik minūtes dienā vēlies spēlēt?";"Kiek minučių per dieną nori žaisti?";"Колку минути сакаш да играш дневно?";"Berapa minit kamu mahu bermain setiap hari?";"ദിവസം എത്ര മിനിറ്റ് കളിക്കണം?";"दररोज किती मिनिटे खेळायचे?";"Өдөрт хэдэн минут тоглох вэ?";"दिनमा कति मिनेट खेल्न चाहन्छौ?";"Hvor mange minutter vil du spille hver dag?";"Скільки хвилин на день ти хочеш грати?";"ଦିନକୁ କେତେ ମିନିଟ୍ ଖେଳିବାକୁ ଚାହୁଁଛ?";"كۈنىگە قانچە مىنۇت ئوينىماقچىسەن؟";"Kuniga necha daqiqa o‘ynashni xohlaysan?";"روزانه چند دقیقه می‌خواهی بازی کنی؟";"Ile minut dziennie chcesz grać?";"Quantos minutos queres jogar por dia?";"ਤੁਸੀਂ ਹਰ ਰੋਜ਼ ਕਿੰਨੇ ਮਿੰਟ ਖੇਡਣਾ ਚਾਹੁੰਦੇ ਹੋ?";"Câte minute vrei să te joci pe zi?";"Сколько минут в день ты хочешь играть?";"Koliko minuta želiš da igraš dnevno?";"දිනකට මිනිත්තු කීයක් ක්‍රීඩා කරන්නද?";"Koľko minút chceš hrať denne?";"Koliko minut želiš igrati na dan?";"¿Cuántos minutos quieres jugar al día?";"Unataka kucheza dakika ngapi kwa siku?";"ஒரு நாளில் எத்தனை நிமிடங்கள் விளையாட விரும்புகிறாய்?";"రోజుకు ఎన్ని నిమిషాలు ఆడాలనుకుంటున్నావు?";"อยากเล่นวันละกี่นาที?";"ཉིན་རེར་སྐར་མ་ག་ཚོད་རྩེ་འདོད་དམ།";"Kolik minut chceš hrát každý den?";"Günde kaç dakika oynamak istiyorsun?";"روز کتنے منٹ کھیلنا چاہتے ہیں؟";"Bạn muốn chơi bao nhiêu phút mỗi ngày?";"Sawl munud wyt ti eisiau chwarae bob dydd?";"Колькі хвілін ты хочаш гуляць штодня?";"Ufuna ukudlala imizuzu emingaki ngosuku?";"Hur många minuter vill du spela per dag?"
"goal.promptWeekly";"";"In the settings sheet. The info lines sit under a group and may wrap. Aim for 90 characters or fewer.";"How many minutes a week would you like to play?";"Hoeveel minuten per week wil je spelen?";"Hoeveel minute wil jy elke week speel?";"Sa minuta dëshiron të luash çdo javë?";"በሳምንት ስንት ደቂቃ መጫወት ትፈልጋለህ?";"كم دقيقة تريد أن تلعب أسبوعيًا؟";"Շաբաթական քանի՞ րոպե ես ուզում խաղալ։";"সপ্তাহত কিমান মিনিট খেলিব খোজা?";"Həftədə neçə dəqiqə oynamaq istəyirsən?";"Zenbat minutuz jokatu nahi duzu astean?";"প্রতি সপ্তাহে কত মিনিট খেলতে চাও?";"တစ်ပတ်ကို ဘယ်နှမိနစ် ကစားချင်လဲ။";"Koliko minuta želiš igrati sedmično?";"Колко минути искаш да играеш на седмица?";"Quants minuts vols jugar cada setmana?";"你每周想玩几分钟？";"Hvor mange minutter vil du spille om ugen?";"Wie viele Minuten möchtest du pro Woche spielen?";"Mitu minutit tahad nädalas mängida?";"Hvussu nógvar minuttir vilt tú spæla um vikuna?";"Kuinka monta minuuttia haluat pelata viikossa?";"Combien de minutes veux-tu jouer par semaine ?";"Cantos minutos queres xogar á semana?";"კვირაში რამდენი წუთი გინდა ითამაშო?";"Πόσα λεπτά θέλεις να παίζεις κάθε εβδομάδα;";"તમે દર અઠવાડિયે કેટલા મિનિટ રમવા માંગો છો?";"כמה דקות תרצו לשחק בכל שבוע?";"हर हफ्ते कितने मिनट खेलना चाहते हो?";"Hány percet szeretnél játszani hetente?";"Cé mhéad nóiméad ar mhaith leat imirt gach seachtain?";"Hve margar mínútur viltu spila á viku?";"Berapa menit kamu ingin bermain setiap minggu?";"Quanti minuti vuoi giocare alla settimana?";"1週間に何分あそびたい？";"ವಾರಕ್ಕೆ ಎಷ್ಟು ನಿಮಿಷ ಆಡಲು ಬಯಸುತ್ತೀಯ?";"Аптасына неше минут ойнағың келеді?";"អ្នកចង់លេងប៉ុន្មាននាទីក្នុងមួយសប្ដាហ៍?";"일주일에 몇 분 동안 놀고 싶나요?";"Koliko minuta želiš igrati svaki tjedan?";"ຢາກຫຼິ້ນອາທິດລະຈັກນາທີ?";"Cik minūtes nedēļā vēlies spēlēt?";"Kiek minučių per savaitę nori žaisti?";"Колку минути сакаш да играш неделно?";"Berapa minit kamu mahu bermain setiap minggu?";"ആഴ്ചയിൽ എത്ര മിനിറ്റ് കളിക്കണം?";"दर आठवड्याला किती मिनिटे खेळायचे?";"Долоо хоногт хэдэн минут тоглох вэ?";"हप्तामा कति मिनेट खेल्न चाहन्छौ?";"Hvor mange minutter vil du spille hver uke?";"Скільки хвилин на тиждень ти хочеш грати?";"ସପ୍ତାହକୁ କେତେ ମିନିଟ୍ ଖେଳିବାକୁ ଚାହୁଁଛ?";"ھەپتىگە قانچە مىنۇت ئوينىماقچىسەن؟";"Haftasiga necha daqiqa o‘ynashni xohlaysan?";"هفته‌ای چند دقیقه می‌خواهی بازی کنی؟";"Ile minut tygodniowo chcesz grać?";"Quantos minutos queres jogar por semana?";"ਤੁਸੀਂ ਹਰ ਹਫ਼ਤੇ ਕਿੰਨੇ ਮਿੰਟ ਖੇਡਣਾ ਚਾਹੁੰਦੇ ਹੋ?";"Câte minute vrei să te joci pe săptămână?";"Сколько минут в неделю ты хочешь играть?";"Koliko minuta želiš da igraš nedeljno?";"සතියකට මිනිත්තු කීයක් ක්‍රීඩා කරන්නද?";"Koľko minút chceš hrať týždenne?";"Koliko minut želiš igrati na teden?";"¿Cuántos minutos quieres jugar a la semana?";"Unataka kucheza dakika ngapi kwa wiki?";"ஒரு வாரத்தில் எத்தனை நிமிடங்கள் விளையாட விரும்புகிறாய்?";"వారానికి ఎన్ని నిమిషాలు ఆడాలనుకుంటున్నావు?";"อยากเล่นสัปดาห์ละกี่นาที?";"བདུན་རེར་སྐར་མ་ག་ཚོད་རྩེ་འདོད་དམ།";"Kolik minut chceš hrát každý týden?";"Haftada kaç dakika oynamak istiyorsun?";"ہفتے میں کتنے منٹ کھیلنا چاہتے ہیں؟";"Bạn muốn chơi bao nhiêu phút mỗi tuần?";"Sawl munud wyt ti eisiau chwarae bob wythnos?";"Колькі хвілін ты хочаш гуляць штотыдзень?";"Ufuna ukudlala imizuzu emingaki ngesonto?";"Hur många minuter vill du spela per vecka?"
"goal.title";"";"In the settings sheet. The info lines sit under a group and may wrap. Aim for 90 characters or fewer.";"Play goal";"Speeldoel";"Speeldoel";"Objektivi i lojës";"የጨዋታ ግብ";"هدف اللعب";"Խաղի նպատակ";"খেলৰ লক্ষ্য";"Oyun hədəfi";"Jolas-helburua";"খেলার লক্ষ্য";"ကစားချိန်ပန်းတိုင်";"Cilj igranja";"Цел за игра";"Objectiu de joc";"游戏目标";"Spillemål";"Spielziel";"Mängueesmärk";"Spælimál";"Pelitavoite";"Objectif de jeu";"Obxectivo de xogo";"თამაშის მიზანი";"Στόχος παιχνιδιού";"રમતનું લક્ષ્ય";"יעד משחק";"खेल लक्ष्य";"Játékcél";"Sprioc imeartha";"Spilamarkmið";"Target bermain";"Obiettivo di gioco";"あそぶ目標";"ಆಟದ ಗುರಿ";"Ойын мақсаты";"គោលដៅលេង";"놀이 목표";"Cilj igranja";"ເປົ້າໝາຍການຫຼິ້ນ";"Spēles mērķis";"Žaidimo tikslas";"Цел за играње";"Sasaran main";"കളിലക്ഷ്യം";"खेळाचे ध्येय";"Тоглох зорилго";"खेल लक्ष्य";"Spillemål";"Ігрова ціль";"ଖେଳ ଲକ୍ଷ୍ୟ";"ئويۇن نىشانى";"O‘yin maqsadi";"هدف بازی";"Cel gry";"Meta de jogo";"ਖੇਡਣ ਦਾ ਟੀਚਾ";"Obiectiv de joc";"Цель игры";"Cilj igranja";"ක්‍රීඩා ඉලක්කය";"Herný cieľ";"Igralni cilj";"Objetivo de juego";"Lengo la kucheza";"விளையாட்டு இலக்கு";"ఆట లక్ష్యం";"เป้าหมายการเล่น";"རྩེད་མོའི་དམིགས་ཡུལ";"Herní cíl";"Oyun hedefi";"کھیل کا ہدف";"Mục tiêu chơi";"Nod chwarae";"Мэта гульні";"Umgomo wokudlala";"Spelmål"
"goalPeriod.daily";"";"In the settings sheet. The info lines sit under a group and may wrap. Aim for 90 characters or fewer.";"Daily";"Dagelijks";"Daagliks";"Çdo ditë";"በየቀኑ";"يوميًا";"Օրական";"দৈনিক";"Gündəlik";"Egunero";"দৈনিক";"နေ့စဉ်";"Dnevno";"Всеки ден";"Diari";"每天";"Dagligt";"Täglich";"Iga päev";"Dagliga";"Päivittäin";"Chaque jour";"Diario";"ყოველდღე";"Καθημερινά";"દરરોજ";"יומי";"रोज़";"Naponta";"Gach lá";"Daglega";"Harian";"Giornaliero";"毎日";"ಪ್ರತಿದಿನ";"Күн сайын";"ប្រចាំថ្ងៃ";"매일";"Dnevno";"ລາຍວັນ";"Katru dienu";"Kasdien";"Дневно";"Harian";"ദിവസേന";"दररोज";"Өдөр бүр";"दैनिक";"Daglig";"Щодня";"ଦୈନିକ";"كۈندىلىك";"Har kuni";"روزانه";"Dziennie";"Diária";"ਰੋਜ਼ਾਨਾ";"Zilnic";"Ежедневно";"Dnevno";"දිනපතා";"Denne";"Dnevno";"Diario";"Kila siku";"தினமும்";"రోజువారీ";"รายวัน";"ཉིན་རེ";"Denně";"Günlük";"روزانہ";"Hằng ngày";"Bob dydd";"Штодня";"Nsuku zonke";"Dagligen"
"goalPeriod.weekly";"";"In the settings sheet. The info lines sit under a group and may wrap. Aim for 90 characters or fewer.";"Weekly";"Wekelijks";"Weekliks";"Çdo javë";"በየሳምንቱ";"أسبوعيًا";"Շաբաթական";"সাপ্তাহিক";"Həftəlik";"Astero";"সাপ্তাহিক";"အပတ်စဉ်";"Sedmično";"Всяка седмица";"Setmanal";"每周";"Ugentligt";"Wöchentlich";"Iga nädal";"Vikuliga";"Viikoittain";"Chaque semaine";"Semanal";"ყოველკვირა";"Εβδομαδιαία";"દર અઠવાડિયે";"שבועי";"हर हफ्ते";"Hetente";"Gach seachtain";"Vikulega";"Mingguan";"Settimanale";"毎週";"ಪ್ರತಿವಾರ";"Апта сайын";"ប្រចាំសប្ដាហ៍";"매주";"Tjedno";"ລາຍອາທິດ";"Katru nedēļu";"Kas savaitę";"Неделно";"Mingguan";"ആഴ്ചതോറും";"दर आठवड्याला";"Долоо хоног бүр";"साप्ताहिक";"Ukentlig";"Щотижня";"ସାପ୍ତାହିକ";"ھەپتىلىك";"Har hafta";"هفتگی";"Tygodniowo";"Semanal";"ਹਫ਼ਤਾਵਾਰੀ";"Săptămânal";"Еженедельно";"Nedeljno";"සතිපතා";"Týždenne";"Tedensko";"Semanal";"Kila wiki";"வாரமும்";"వారానికొకసారి";"รายสัปดาห์";"བདུན་རེ";"Týdně";"Haftalık";"ہفتہ وار";"Hằng tuần";"Bob wythnos";"Штотыдзень";"Masonto onke";"Varje vecka"
"home.cardsRemaining %lld";"";"In the menu header, beside a number. Extremely tight — this line must never wrap or truncate, and the layout shrinks it to fit. Aim for 12 characters or fewer. Keep 1× %lld (a number).";"%lld more";"nog %lld";"nog %lld";"edhe %lld";"ተጨማሪ %lld";"%lld أخرى";"ևս %lld";"আৰু %lld";"daha %lld";"%lld gehiago";"আর %lld";"နောက် %lld";"još %lld";"още %lld";"%lld més";"还差 %lld";"%lld mere";"noch %lld";"veel %lld";"%lld eftir";"vielä %lld";"Encore %lld";"%lld máis";"კიდევ %lld";"άλλα %lld";"હજુ %lld";"עוד %lld";"%lld और";"még %lld";"%lld eile";"%lld eftir";"%lld lagi";"%lld in più";"あと%lld";"ಇನ್ನೂ %lld";"Тағы %lld";"%lld ទៀត";"%lld개 더";"Još %lld";"ອີກ %lld";"vēl %lld";"dar %lld";"уште %lld";"%lld lagi";"ഇനി %lld";"आणखी %lld";"дахиад %lld";"अझै %lld";"%lld til";"ще %lld";"ଆଉ %lld";"يەنە %lld";"Yana %lld";"%lld تا دیگر";"jeszcze %lld";"mais %lld";"ਹੋਰ %lld";"încă %lld";"Ещё %lld";"još %lld";"තව %lld";"ešte %lld";"še %lld";"%lld más";"%lld zaidi";"இன்னும் %lld";"ఇంకా %lld";"อีก %lld";"ད་དུང %lld";"ještě %lld";"%lld daha";"مزید %lld";"Còn %lld";"%lld arall";"яшчэ %lld";"Kusele %lld";"%lld kvar"
"home.totalLabel";"";"In the menu header, beside a number. Extremely tight — this line must never wrap or truncate, and the layout shrinks it to fit. Aim for 12 characters or fewer.";"Total";"Totaal";"Totaal";"Gjithsej";"ጠቅላላ";"المجموع";"Ընդամենը";"মুঠ";"Cəmi";"Guztira";"মোট";"စုစုပေါင်း";"Ukupno";"Общо";"Total";"总计";"I alt";"Gesamt";"Kokku";"Í alt";"Yhteensä";"Total";"Total";"სულ";"Σύνολο";"કુલ";"סה״כ";"कुल";"Összesen";"Iomlán";"Samtals";"Total";"Totale";"合計";"ಒಟ್ಟು";"Барлығы";"សរុប";"합계";"Ukupno";"ລວມ";"Kopā";"Iš viso";"Вкупно";"Jumlah";"ആകെ";"एकूण";"Нийт";"जम्मा";"Totalt";"Усього";"ମୋଟ";"جەمئىي";"Jami";"مجموع";"Razem";"Total";"ਕੁੱਲ";"Total";"Всего";"Ukupno";"එකතුව";"Celkom";"Skupaj";"Total";"Jumla";"மொத்தம்";"మొత్తం";"รวม";"ཁྱོན་བསྡོམས";"Celkem";"Toplam";"کل";"Tổng";"Cyfanswm";"Усяго";"Isamba";"Totalt"
"info.mode.fractions.header";"";"The popup shown when a topic or mode button is tapped a second time. Aim for 55 characters or fewer.";"Parts";"Delen";"Dele";"Pjesë";"ክፍሎች";"الأجزاء";"Մասեր";"অংশ";"Hissələr";"Zatiak";"অংশ";"အပိုင်းများ";"Dijelovi";"Части";"Parts";"份数";"Dele";"Teile";"Osad";"Partar";"Osat";"Parts";"Partes";"ნაწილები";"Μέρη";"ભાગો";"חלקים";"भाग";"Részek";"Codanna";"Hlutar";"Bagian";"Parti";"パーツ";"ಭಾಗಗಳು";"Бөліктер";"ផ្នែក";"부분";"Dijelovi";"ສ່ວນ";"Daļas";"Dalys";"Делови";"Bahagian";"ഭാഗങ്ങൾ";"भाग";"Хэсэг";"भागहरू";"Deler";"Частини";"ଅଂଶ";"بۆلەكلەر";"Qismlar";"بخش‌ها";"Części";"Partes";"ਹਿੱਸੇ";"Părți";"Части";"Delovi";"කොටස්";"Časti";"Deli";"Partes";"Sehemu";"பகுதிகள்";"భాగాలు";"ส่วน";"ཆ་ཤས";"Části";"Parçalar";"حصے";"Phần";"Rhannau";"Часткі";"Izingxenye";"Delar"
"info.mode.fractions.multiple";"";"The popup shown when a topic or mode button is tapped a second time. Aim for 55 characters or fewer.";"Single and multiple parts";"Enkele en meerdere delen";"Een en meer dele";"Një ose disa pjesë";"አንድ እና ብዙ ክፍሎች";"جزء واحد أو عدة أجزاء";"Մեկ և մի քանի մաս";"এটা আৰু একাধিক অংশ";"Bir və bir neçə hissə";"Zati bat eta hainbat zati";"একটি ও একাধিক অংশ";"တစ်ပိုင်းနှင့် အပိုင်းများ";"Jedan ili više dijelova";"Една или няколко части";"Una o diverses parts";"一份或多份";"En eller flere dele";"Ein oder mehrere Teile";"Üks või mitu osa";"Ein og fleiri partar";"Yksi tai monta osaa";"Une ou plusieurs parts";"Unha ou varias partes";"ერთი და რამდენიმე ნაწილი";"Ένα ή περισσότερα μέρη";"એક અને ઘણા ભાગો";"חלק אחד או כמה חלקים";"एक या कई भाग";"Egy vagy több rész";"Cuid amháin nó níos mó";"Einn og fleiri hlutar";"Satu atau beberapa bagian";"Una o più parti";"1つまたはいくつかのパーツ";"ಒಂದು ಮತ್ತು ಹಲವು ಭಾಗಗಳು";"Бір және бірнеше бөлік";"មួយផ្នែក និងច្រើនផ្នែក";"한 부분과 여러 부분";"Jedan ili više dijelova";"ໜຶ່ງສ່ວນ ແລະ ຫຼາຍສ່ວນ";"Viena un vairākas daļas";"Viena ir kelios dalys";"Еден и повеќе делови";"Satu atau banyak bahagian";"ഒന്നോ പലതോ ഭാഗങ്ങൾ";"एक किंवा अनेक भाग";"Нэг болон олон хэсэг";"एक वा धेरै भाग";"Én eller flere deler";"Одна або кілька частин";"ଗୋଟିଏ ଓ ଅନେକ ଅଂଶ";"بىر ۋە كۆپ بۆلەك";"Bitta va bir nechta qism";"یک یا چند بخش";"Jedna lub kilka części";"Uma ou várias partes";"ਇੱਕ ਜਾਂ ਕਈ ਹਿੱਸੇ";"Una sau mai multe părți";"Одна или несколько частей";"Jedan ili više delova";"එකක් සහ කොටස් කිහිපයක්";"Jedna aj viac častí";"En ali več delov";"Una o varias partes";"Sehemu moja au nyingi";"ஒன்று அல்லது பல பகுதிகள்";"ఒకటి లేదా ఎక్కువ భాగాలు";"หนึ่งส่วนและหลายส่วน";"ཆ་ཤས་གཅིག་དང་མང་པོ";"Jedna i více částí";"Tek ve birden çok parça";"ایک اور کئی حصے";"Một hoặc nhiều phần";"Un rhan neu sawl rhan";"Адна і некалькі частак";"Ingxenye eyodwa neziningi";"En eller flera delar"
"info.mode.fractions.single";"";"The popup shown when a topic or mode button is tapped a second time. Aim for 55 characters or fewer.";"Always a single part";"Altijd een enkel deel";"Altyd een deel";"Gjithmonë një pjesë";"ሁልጊዜ አንድ ክፍል";"جزء واحد دائمًا";"Միշտ մեկ մաս";"সদায় এটা অংশ";"Həmişə bir hissə";"Beti zati bakarra";"সব সময় একটি অংশ";"အမြဲ တစ်ပိုင်းသာ";"Uvijek jedan dio";"Винаги една част";"Sempre una sola part";"总是一份";"Altid én del";"Immer nur ein Teil";"Alati üks osa";"Altíð ein partur";"Aina yksi osa";"Toujours une seule part";"Sempre unha soa parte";"ყოველთვის ერთი ნაწილი";"Πάντα ένα μέρος";"હંમેશા એક ભાગ";"תמיד חלק אחד";"हमेशा एक भाग";"Mindig egy rész";"Cuid amháin i gcónaí";"Alltaf einn hluti";"Selalu satu bagian";"Sempre una sola parte";"いつも1つのパーツ";"ಯಾವಾಗಲೂ ಒಂದು ಭಾಗ";"Әрқашан бір бөлік";"តែមួយផ្នែកជានិច្ច";"항상 한 부분";"Uvijek jedan dio";"ໜຶ່ງສ່ວນສະເໝີ";"Vienmēr viena daļa";"Visada viena dalis";"Секогаш еден дел";"Sentiasa satu bahagian";"എപ്പോഴും ഒരു ഭാഗം";"नेहमी एकच भाग";"Үргэлж нэг хэсэг";"सधैं एक भाग";"Alltid én del";"Завжди одна частина";"ସବୁବେଳେ ଗୋଟିଏ ଅଂଶ";"ھەمىشە بىر بۆلەك";"Har doim bitta qism";"همیشه یک بخش";"Zawsze jedna część";"Sempre uma parte";"ਹਮੇਸ਼ਾ ਇੱਕ ਹਿੱਸਾ";"Mereu o singură parte";"Всегда одна часть";"Uvek jedan deo";"හැමවිටම එක කොටසක්";"Vždy jedna časť";"Vedno en del";"Siempre una sola parte";"Daima sehemu moja";"எப்போதும் ஒரு பகுதி";"ఎప్పుడూ ఒక భాగం";"หนึ่งส่วนเสมอ";"རྟག་ཏུ་ཆ་ཤས་གཅིག";"Vždy jedna část";"Her zaman tek parça";"ہمیشہ ایک حصہ";"Luôn chỉ một phần";"Un rhan bob tro";"Заўсёды адна частка";"Njalo ingxenye eyodwa";"Alltid en del"
"info.mode.header";"";"The popup shown when a topic or mode button is tapped a second time. Aim for 55 characters or fewer.";"Order";"Volgorde";"Volgorde";"Rendi";"ቅደም ተከተል";"الترتيب";"Հերթականություն";"ক্ৰম";"Ardıcıllıq";"Ordena";"ক্রম";"အစဉ်";"Redoslijed";"Ред";"Ordre";"顺序";"Rækkefølge";"Reihenfolge";"Järjekord";"Raðfylgja";"Järjestys";"Ordre";"Orde";"თანმიმდევრობა";"Σειρά";"ક્રમ";"סדר";"क्रम";"Sorrend";"Ord";"Röð";"Urutan";"Ordine";"順番";"ಕ್ರಮ";"Реті";"លំដាប់";"순서";"Redoslijed";"ລຳດັບ";"Secība";"Tvarka";"Редослед";"Urutan";"ക്രമം";"क्रम";"Дараалал";"क्रम";"Rekkefølge";"Порядок";"କ୍ରମ";"تەرتىپ";"Tartib";"ترتیب";"Kolejność";"Ordem";"ਕ੍ਰਮ";"Ordine";"Порядок";"Redosled";"පිළිවෙළ";"Poradie";"Vrstni red";"Orden";"Mpangilio";"வரிசை";"క్రమం";"ลำดับ";"གོ་རིམ";"Pořadí";"Sıra";"ترتیب";"Thứ tự";"Trefn";"Парадак";"Ukuhleleka";"Ordning"
"info.mode.mixed";"";"The popup shown when a topic or mode button is tapped a second time. Aim for 55 characters or fewer.";"Mixed with lower levels";"Gemengd met lagere niveaus";"Gemeng met laer vlakke";"Përzier me nivele më të ulëta";"ከዝቅተኛ ደረጃዎች ጋር ድብልቅ";"مختلط مع المستويات السابقة";"Խառը՝ ավելի ցածր մակարդակների հետ";"আগৰ লেভেলৰ সৈতে মিশ্ৰ";"Aşağı səviyyələrlə qarışıq";"Beheko mailekin nahasita";"নিচের লেভেলসহ মিশ্র";"အောက်အဆင့်များနှင့် ရောစပ်";"Pomiješano s nižim nivoima";"Смесено с по-ниски нива";"Barrejat amb nivells anteriors";"混合较低关卡";"Blandet med lavere baner";"Mit niedrigeren Levels gemischt";"Koos varasemate tasemetega";"Blandað við lægri stigum";"Mukana alempia tasoja";"Mélangé avec les niveaux précédents";"Mesturado con niveis anteriores";"შერეული ქვედა დონეებთან";"Μίξη με προηγούμενα επίπεδα";"નીચલા લેવલ સાથે મિશ્ર";"מעורבב עם שלבים קודמים";"पिछले स्तरों के साथ मिक्स";"Alsóbb szintekkel vegyesen";"Measctha le leibhéil níos ísle";"Blandað við lægri borð";"Dicampur dengan level sebelumnya";"Misto con livelli precedenti";"前のレベルもまぜる";"ಕೆಳ ಹಂತಗಳೊಂದಿಗೆ ಮಿಶ್ರ";"Төменгі деңгейлермен аралас";"លាយជាមួយកម្រិតមុនៗ";"낮은 레벨과 섞기";"Miješano s nižim razinama";"ປະສົມກັບດ່ານທີ່ຕ່ຳກວ່າ";"Kopā ar zemākiem līmeņiem";"Kartu su žemesniais lygiais";"Измешано со пониски нивоа";"Campur dengan tahap lebih rendah";"താഴത്തെ ലെവലുകളുമായി കലർത്തിയത്";"खालच्या स्तरांसोबत मिश्र";"Доод түвшинтэй холих";"तल्ला लेभलसँग मिसिएको";"Blandet med lavere nivåer";"Разом із нижчими рівнями";"ତଳ ଲେଭେଲ୍ ସହ ମିଶ୍ରିତ";"تۆۋەن دەرىجىلەر بىلەن ئارىلاش";"Quyi bosqichlar bilan aralash";"ترکیب با مرحله‌های پایین‌تر";"Razem z niższymi poziomami";"Misturado com níveis anteriores";"ਹੇਠਲੇ ਲੈਵਲਾਂ ਨਾਲ ਮਿਲੇ-ਜੁਲੇ";"Amestecat cu niveluri mai ușoare";"Вместе с прошлыми уровнями";"Pomešano s nižim nivoima";"පහළ මට්ටම් සමඟ මිශ්‍ර";"Zmiešané s nižšími úrovňami";"Mešano z lažjimi stopnjami";"Mezclado con niveles anteriores";"Imechanganywa na viwango vya chini";"கீழ்நிலைகளுடன் கலவை";"తక్కువ లెవల్‌లతో కలిపి";"ผสมกับด่านก่อนหน้า";"རིམ་པ་དམའ་བ་དང་འདྲེས་པ";"Smíšené s nižšími úrovněmi";"Önceki seviyelerle karışık";"پچھلے لیولز کے ساتھ مکس";"Trộn với các cấp thấp hơn";"Cymysg â lefelau is";"Разам з лягчэйшымі ўзроўнямі";"Kuxutshwe namaleveli aphansi";"Blandat med lägre nivåer"
"info.mode.order";"";"The popup shown when a topic or mode button is tapped a second time. Aim for 55 characters or fewer.";"Fixed order";"Vaste volgorde";"Vaste volgorde";"Rend fiks";"ቋሚ ቅደም ተከተል";"ترتيب ثابت";"Հաստատուն հերթականություն";"নিৰ্দিষ্ট ক্ৰম";"Sabit ardıcıllıq";"Ordena finkoa";"নির্দিষ্ট ক্রম";"သတ်မှတ်အစဉ်";"Fiksni redoslijed";"Фиксиран ред";"Ordre fix";"固定顺序";"Fast rækkefølge";"Feste Reihenfolge";"Kindel järjekord";"Føst raðfylgja";"Kiinteä järjestys";"Ordre fixe";"Orde fixa";"ფიქსირებული რიგი";"Σταθερή σειρά";"નક્કી ક્રમ";"סדר קבוע";"तय क्रम";"Rögzített sorrend";"Ord socraithe";"Föst röð";"Urutan tetap";"Ordine fisso";"決まった順番";"ನಿಗದಿತ ಕ್ರಮ";"Тұрақты рет";"លំដាប់ថេរ";"정해진 순서";"Fiksni redoslijed";"ລຳດັບຄົງທີ່";"Noteikta secība";"Fiksuota tvarka";"Фиксен редослед";"Urutan tetap";"നിശ്ചിത ക്രമം";"ठरलेला क्रम";"Тогтсон дараалал";"निश्चित क्रम";"Fast rekkefølge";"Фіксований порядок";"ନିର୍ଦ୍ଧାରିତ କ୍ରମ";"مۇقىم تەرتىپ";"O‘zgarmas tartib";"ترتیب ثابت";"Stała kolejność";"Ordem fixa";"ਪੱਕਾ ਕ੍ਰਮ";"Ordine fixă";"По порядку";"Fiksni redosled";"නියමිත පිළිවෙළ";"Pevné poradie";"Določen vrstni red";"Orden fijo";"Mpangilio maalum";"நிலையான வரிசை";"స్థిర క్రమం";"ลำดับตายตัว";"གོ་རིམ་གཏན་འཁེལ";"Pevné pořadí";"Sabit sıra";"مقررہ ترتیب";"Thứ tự cố định";"Trefn benodol";"Па парадку";"Ukuhleleka okuqinile";"Fast ordning"
"info.mode.percentages.decimal";"";"The popup shown when a topic or mode button is tapped a second time. Aim for 55 characters or fewer.";"Including decimal numbers";"Ook getallen achter de komma";"Met desimale getalle";"Me numra dhjetorë";"የአስርዮሽ ቁጥሮችን ጨምሮ";"يشمل الأعداد العشرية";"Նաև տասնորդական թվերով";"দশমিক সংখ্যাসহ";"Onluq ədədlərlə";"Zenbaki hamartarrak barne";"দশমিক সংখ্যাসহ";"ဒသမကိန်းများ ပါဝင်";"S decimalnim brojevima";"С десетични числа";"Amb nombres decimals";"包含小数";"Med decimaltal";"Mit Dezimalzahlen";"Koos kümnendarvudega";"Við desimaltølum";"Myös desimaaliluvut";"Avec des nombres décimaux";"Con números decimais";"ათწილადებით";"Με δεκαδικούς αριθμούς";"દશાંશ સંખ્યાઓ સાથે";"כולל מספרים עשרוניים";"दशमलव संख्याओं सहित";"Tizedes számokkal";"Le huimhreacha deachúlacha";"Með tugabrotum";"Termasuk bilangan desimal";"Con numeri decimali";"小数あり";"ದಶಮಾಂಶಗಳೊಂದಿಗೆ";"Ондық сандармен";"រួមទាំងលេខទសភាគ";"소수 포함";"Uključujući decimalne brojeve";"ລວມຈຳນວນທົດສະນິຍົມ";"Ar decimālskaitļiem";"Su dešimtainiais skaičiais";"Со децимални броеви";"Termasuk nombor perpuluhan";"ദശാംശ സംഖ്യകളും ഉൾപ്പെടെ";"दशांश संख्यांसह";"Аравтын бутархайтай";"दशमलवसहित";"Med desimaltall";"З десятковими числами";"ଦଶମିକ ସଂଖ୍ୟା ସହ";"ئونلۇق سانلار بىلەن";"O‘nli sonlar bilan";"با عددهای اعشاری";"Z liczbami dziesiętnymi";"Com números decimais";"ਦਸ਼ਮਲਵ ਗਿਣਤੀਆਂ ਸਮੇਤ";"Cu numere zecimale";"С десятичными числами";"Sa decimalnim brojevima";"දශම අංක සමඟ";"Aj desatinné čísla";"Tudi decimalna števila";"Con números decimales";"Pamoja na nambari za desimali";"தசம எண்களுடன்";"దశాంశ సంఖ్యలతో";"รวมเลขทศนิยม";"གྲངས་ཆུང་ཚུད་པ";"Včetně desetinných čísel";"Ondalıklı sayılarla";"اعشاری اعداد سمیت";"Có số thập phân";"Gan gynnwys rhifau degol";"З дзесятковымі лікамі";"Kufaka izinombolo zedesimali";"Med decimaltal"
"info.mode.percentages.header";"";"The popup shown when a topic or mode button is tapped a second time. Aim for 55 characters or fewer.";"Type";"Soort";"Soort";"Lloji";"ዓይነት";"النوع";"Տեսակ";"ধৰণ";"Növ";"Mota";"ধরন";"အမျိုးအစား";"Vrsta";"Вид";"Tipus";"类型";"Type";"Art";"Liik";"Slag";"Tyyppi";"Type";"Tipo";"ტიპი";"Τύπος";"પ્રકાર";"סוג";"प्रकार";"Típus";"Cineál";"Tegund";"Jenis";"Tipo";"しゅるい";"ವಿಧ";"Түрі";"ប្រភេទ";"종류";"Vrsta";"ປະເພດ";"Veids";"Tipas";"Вид";"Jenis";"തരം";"प्रकार";"Төрөл";"प्रकार";"Type";"Тип";"ପ୍ରକାର";"تۈر";"Tur";"نوع";"Typ";"Tipo";"ਕਿਸਮ";"Tip";"Тип";"Vrsta";"වර්ගය";"Typ";"Vrsta";"Tipo";"Aina";"வகை";"రకం";"ประเภท";"རིགས";"Typ";"Tür";"قسم";"Loại";"Math";"Тып";"Uhlobo";"Typ"
"info.mode.percentages.whole";"";"The popup shown when a topic or mode button is tapped a second time. Aim for 55 characters or fewer.";"Without decimal numbers";"Zonder getallen achter de komma";"Sonder desimale getalle";"Pa numra dhjetorë";"ያለ አስርዮሽ ቁጥሮች";"من دون أعداد عشرية";"Առանց տասնորդական թվերի";"দশমিক সংখ্যা নোহোৱাকৈ";"Onluq ədədlərsiz";"Zenbaki hamartarrik gabe";"দশমিক সংখ্যা ছাড়া";"ဒသမကိန်း မပါ";"Bez decimalnih brojeva";"Без десетични числа";"Sense nombres decimals";"不含小数";"Uden decimaltal";"Ohne Dezimalzahlen";"Ilma kümnendarvudeta";"Uttan desimaltøl";"Ilman desimaalilukuja";"Sans nombres décimaux";"Sen números decimais";"ათწილადების გარეშე";"Χωρίς δεκαδικούς αριθμούς";"દશાંશ વિના";"בלי מספרים עשרוניים";"बिना दशमलव संख्याओं के";"Tizedes számok nélkül";"Gan uimhreacha deachúlacha";"Án tugabrota";"Tanpa bilangan desimal";"Senza numeri decimali";"小数なし";"ದಶಮಾಂಶಗಳಿಲ್ಲದೆ";"Ондық сандарсыз";"គ្មានលេខទសភាគ";"소수 없이";"Bez decimalnih brojeva";"ບໍ່ມີຈຳນວນທົດສະນິຍົມ";"Bez decimālskaitļiem";"Be dešimtainių skaičių";"Без децимални броеви";"Tanpa nombor perpuluhan";"ദശാംശ സംഖ്യകളില്ലാതെ";"दशांश संख्यांशिवाय";"Аравтын бутархайгүй";"दशमलवबिना";"Uten desimaltall";"Без десяткових чисел";"ଦଶମିକ ସଂଖ୍ୟା ବିନା";"ئونلۇق سانسىز";"O‘nli sonlarsiz";"بدون عددهای اعشاری";"Bez liczb dziesiętnych";"Sem números decimais";"ਦਸ਼ਮਲਵ ਤੋਂ ਬਿਨਾਂ";"Fără numere zecimale";"Без десятичных чисел";"Bez decimalnih brojeva";"දශම අංක නැතිව";"Bez desatinných čísel";"Brez decimalnih števil";"Sin números decimales";"Bila nambari za desimali";"தசம எண்கள் இல்லாமல்";"దశాంశ సంఖ్యలు లేకుండా";"ไม่มีเลขทศนิยม";"གྲངས་ཆུང་མེད་པ";"Bez desetinných čísel";"Ondalıklı sayılar olmadan";"اعشاری اعداد کے بغیر";"Không có số thập phân";"Heb rifau degol";"Без дзесятковых лікаў";"Ngaphandle kwezinombolo zedesimali";"Utan decimaltal"
"info.mode.random";"";"The popup shown when a topic or mode button is tapped a second time. Aim for 55 characters or fewer.";"Random order";"Willekeurige volgorde";"Lukrake volgorde";"Rend i rastësishëm";"የዘፈቀደ ቅደም ተከተል";"ترتيب عشوائي";"Պատահական հերթականություն";"যাদৃচ্ছিক ক্ৰম";"Təsadüfi ardıcıllıq";"Ausazko ordena";"এলোমেলো ক্রম";"ကျပန်းအစဉ်";"Nasumičan redoslijed";"Случаен ред";"Ordre aleatori";"随机顺序";"Tilfældig rækkefølge";"Zufällige Reihenfolge";"Juhuslik järjekord";"Tilvildarlig raðfylgja";"Satunnainen järjestys";"Ordre aléatoire";"Orde aleatoria";"შემთხვევითი რიგი";"Τυχαία σειρά";"અવ્યવસ્થિત ક્રમ";"סדר אקראי";"कोई भी क्रम";"Véletlen sorrend";"Ord randamach";"Handahófsröð";"Urutan acak";"Ordine casuale";"ランダムな順番";"ಯಾದೃಚ್ಛಿಕ ಕ್ರಮ";"Кездейсоқ рет";"លំដាប់ចៃដន្យ";"무작위 순서";"Nasumični redoslijed";"ລຳດັບສຸ່ມ";"Nejauša secība";"Atsitiktinė tvarka";"Случаен редослед";"Urutan rawak";"ക്രമരഹിതം";"यादृच्छिक क्रम";"Санамсаргүй дараалал";"अनियमित क्रम";"Tilfeldig rekkefølge";"Випадковий порядок";"ଯାଦୃଚ୍ଛିକ କ୍ରମ";"ئىختىيارىي تەرتىپ";"Tasodifiy tartib";"ترتیب تصادفی";"Losowa kolejność";"Ordem aleatória";"ਬੇਤਰਤੀਬ ਕ੍ਰਮ";"Ordine aleatorie";"Случайный порядок";"Nasumičan redosled";"අහඹු පිළිවෙළ";"Náhodné poradie";"Naključni vrstni red";"Orden aleatorio";"Mpangilio wa nasibu";"சீரற்ற வரிசை";"యాదృచ్ఛిక క్రమం";"ลำดับสุ่ม";"གོ་རིམ་གང་བྱུང";"Náhodné pořadí";"Rastgele sıra";"بے ترتیب";"Thứ tự ngẫu nhiên";"Trefn ar hap";"Выпадковы парадак";"Ukuhleleka okungahleliwe";"Slumpmässig ordning"
"info.super.all";"";"The popup shown when a topic or mode button is tapped a second time. Aim for 84 characters or fewer.";"Addition, subtraction, multiplication, division, and percentages";"Optellen, aftrekken, vermenigvuldigen, delen en percentages";"Optel, aftrek, vermenigvuldig, deel en persentasies";"Mbledhje, zbritje, shumëzim, pjesëtim dhe përqindje";"መደመር፣ መቀነስ፣ ማባዛት፣ ማካፈል እና መቶኛ";"الجمع والطرح والضرب والقسمة والنسب المئوية";"Գումարում, հանում, բազմապատկում, բաժանում և տոկոսներ";"যোগ, বিয়োগ, পূৰণ, ভাগ আৰু শতাংশ";"Toplama, çıxma, vurma, bölmə və faizlər";"Batuketa, kenketa, biderketa, zatiketa eta ehunekoak";"যোগ, বিয়োগ, গুণ, ভাগ ও শতকরা";"ပေါင်း၊ နုတ်၊ မြှောက်၊ စားနှင့် ရာခိုင်နှုန်း";"Sabiranje, oduzimanje, množenje, dijeljenje i postoci";"Събиране, изваждане, умножение, деление и проценти";"Suma, resta, multiplicació, divisió i percentatges";"加法、减法、乘法、除法和百分数";"Addition, subtraktion, multiplikation, division og procenter";"Addition, Subtraktion, Multiplikation, Division und Prozente";"Liitmine, lahutamine, korrutamine, jagamine ja protsendid";"Samlegging, frádráttur, falding, býting og prosent";"Yhteen-, vähennys-, kerto- ja jakolasku sekä prosentit";"Addition, soustraction, multiplication, division et pourcentages";"Suma, resta, multiplicación, división e porcentaxes";"მიმატება, გამოკლება, გამრავლება, გაყოფა და პროცენტები";"Πρόσθεση, αφαίρεση, πολλαπλασιασμός, διαίρεση και ποσοστά";"સરવાળો, બાદબાકી, ગુણાકાર, ભાગાકાર અને ટકાવારી";"חיבור, חיסור, כפל, חילוק ואחוזים";"जोड़, घटाव, गुणा, भाग और प्रतिशत";"Összeadás, kivonás, szorzás, osztás és százalékok";"Suimiú, dealú, iolrú, roinnt agus céatadáin";"Samlagning, frádráttur, margföldun, deiling og prósentur";"Penjumlahan, pengurangan, perkalian, pembagian, dan persentase";"Addizioni, sottrazioni, moltiplicazioni, divisioni e percentuali";"たし算、ひき算、かけ算、わり算、パーセント";"ಕೂಡಿಸುವಿಕೆ, ಕಳೆಯುವಿಕೆ, ಗುಣಾಕಾರ, ಭಾಗಾಕಾರ ಮತ್ತು ಶೇಕಡಾವಾರು";"Қосу, азайту, көбейту, бөлу және пайыздар";"បូក ដក គុណ ចែក និងភាគរយ";"덧셈, 뺄셈, 곱셈, 나눗셈, 백분율";"Zbrajanje, oduzimanje, množenje, dijeljenje i postoci";"ບວກ, ລົບ, ຄູນ, ຫານ ແລະ ເປີເຊັນ";"Saskaitīšana, atņemšana, reizināšana, dalīšana un procenti";"Sudėtis, atimtis, daugyba, dalyba ir procentai";"Собирање, одземање, множење, делење и проценти";"Tambah, tolak, darab, bahagi dan peratus";"കൂട്ടൽ, കുറയ്ക്കൽ, ഗുണനം, ഹരണം, ശതമാനങ്ങൾ";"बेरीज, वजाबाकी, गुणाकार, भागाकार आणि टक्केवारी";"Нэмэх, хасах, үржүүлэх, хуваах, хувь";"जोड, घटाउ, गुणन, भाग र प्रतिशत";"Addisjon, subtraksjon, multiplikasjon, divisjon og prosent";"Додавання, віднімання, множення, ділення й відсотки";"ଯୋଗ, ବିୟୋଗ, ଗୁଣ, ଭାଗ ଓ ଶତକଡ଼ା";"قوشۇش، ئېلىش، كۆپەيتىش، بۆلۈش ۋە پىرسەنت";"Qo‘shish, ayirish, ko‘paytirish, bo‘lish va foizlar";"جمع، تفریق، ضرب، تقسیم و درصد";"Dodawanie, odejmowanie, mnożenie, dzielenie i procenty";"Adição, subtração, multiplicação, divisão e percentagens";"ਜੋੜ, ਘਟਾਓ, ਗੁਣਾ, ਭਾਗ ਅਤੇ ਪ੍ਰਤੀਸ਼ਤ";"Adunare, scădere, înmulțire, împărțire și procente";"Сложение, вычитание, умножение, деление и проценты";"Sabiranje, oduzimanje, množenje, deljenje i procenti";"එකතු කිරීම, අඩු කිරීම, ගුණ කිරීම, බෙදීම සහ ප්‍රතිශත";"Sčítanie, odčítanie, násobenie, delenie a percentá";"Seštevanje, odštevanje, množenje, deljenje in odstotki";"Sumas, restas, multiplicaciones, divisiones y porcentajes";"Kujumlisha, kutoa, kuzidisha, kugawanya na asilimia";"கூட்டல், கழித்தல், பெருக்கல், வகுத்தல் மற்றும் சதவீதங்கள்";"కూడిక, తీసివేత, గుణకారం, భాగహారం, శాతాలు";"บวก ลบ คูณ หาร และเปอร์เซ็นต์";"སྣོན་རྩིས། འཐེན་རྩིས། སྒྱུར་རྩིས། བགོ་རྩིས་དང་བརྒྱ་ཆ།";"Sčítání, odčítání, násobení, dělení a procenta";"Toplama, çıkarma, çarpma, bölme ve yüzdeler";"جمع، تفریق، ضرب، تقسیم اور فی صد";"Cộng, trừ, nhân, chia và phần trăm";"Adio, tynnu, lluosi, rhannu a chanrannau";"Складанне, адніманне, множанне, дзяленне і працэнты";"Ukuhlanganisa, ukususa, ukuphindaphinda, ukuhlukanisa namaphesenti";"Addition, subtraktion, multiplikation, division och procent"
"info.super.basic";"";"The popup shown when a topic or mode button is tapped a second time. Aim for 55 characters or fewer.";"Addition and subtraction";"Optellen en aftrekken";"Optel en aftrek";"Mbledhje dhe zbritje";"መደመር እና መቀነስ";"الجمع والطرح";"Գումարում և հանում";"যোগ আৰু বিয়োগ";"Toplama və çıxma";"Batuketa eta kenketa";"যোগ ও বিয়োগ";"ပေါင်းနှင့် နုတ်";"Sabiranje i oduzimanje";"Събиране и изваждане";"Suma i resta";"加法和减法";"Addition og subtraktion";"Addition und Subtraktion";"Liitmine ja lahutamine";"Samlegging og frádráttur";"Yhteen- ja vähennyslasku";"Addition et soustraction";"Suma e resta";"მიმატება და გამოკლება";"Πρόσθεση και αφαίρεση";"સરવાળો અને બાદબાકી";"חיבור וחיסור";"जोड़ और घटाव";"Összeadás és kivonás";"Suimiú agus dealú";"Samlagning og frádráttur";"Penjumlahan dan pengurangan";"Addizioni e sottrazioni";"たし算とひき算";"ಕೂಡಿಸುವಿಕೆ ಮತ್ತು ಕಳೆಯುವಿಕೆ";"Қосу және азайту";"បូក និងដក";"덧셈과 뺄셈";"Zbrajanje i oduzimanje";"ບວກ ແລະ ລົບ";"Saskaitīšana un atņemšana";"Sudėtis ir atimtis";"Собирање и одземање";"Tambah dan tolak";"കൂട്ടലും കുറയ്ക്കലും";"बेरीज आणि वजाबाकी";"Нэмэх ба хасах";"जोड र घटाउ";"Addisjon og subtraksjon";"Додавання й віднімання";"ଯୋଗ ଓ ବିୟୋଗ";"قوشۇش ۋە ئېلىش";"Qo‘shish va ayirish";"جمع و تفریق";"Dodawanie i odejmowanie";"Adição e subtração";"ਜੋੜ ਅਤੇ ਘਟਾਓ";"Adunare și scădere";"Сложение и вычитание";"Sabiranje i oduzimanje";"එකතු කිරීම සහ අඩු කිරීම";"Sčítanie a odčítanie";"Seštevanje in odštevanje";"Sumas y restas";"Kujumlisha na kutoa";"கூட்டல் மற்றும் கழித்தல்";"కూడిక మరియు తీసివేత";"บวกและลบ";"སྣོན་རྩིས་དང་འཐེན་རྩིས";"Sčítání a odčítání";"Toplama ve çıkarma";"جمع اور تفریق";"Cộng và trừ";"Adio a thynnu";"Складанне і адніманне";"Ukuhlanganisa nokususa";"Addition och subtraktion"
"info.super.fraction";"";"The popup shown when a topic or mode button is tapped a second time. Aim for 67 characters or fewer.";"Addition, subtraction, multiplication, and division";"Optellen, aftrekken, vermenigvuldigen en delen";"Optel, aftrek, vermenigvuldig en deel";"Mbledhje, zbritje, shumëzim dhe pjesëtim";"መደመር፣ መቀነስ፣ ማባዛት እና ማካፈል";"الجمع والطرح والضرب والقسمة";"Գումարում, հանում, բազմապատկում և բաժանում";"যোগ, বিয়োগ, পূৰণ আৰু ভাগ";"Toplama, çıxma, vurma və bölmə";"Batuketa, kenketa, biderketa eta zatiketa";"যোগ, বিয়োগ, গুণ ও ভাগ";"ပေါင်း၊ နုတ်၊ မြှောက်နှင့် စား";"Sabiranje, oduzimanje, množenje i dijeljenje";"Събиране, изваждане, умножение и деление";"Suma, resta, multiplicació i divisió";"加法、减法、乘法和除法";"Addition, subtraktion, multiplikation og division";"Addition, Subtraktion, Multiplikation und Division";"Liitmine, lahutamine, korrutamine ja jagamine";"Samlegging, frádráttur, falding og býting";"Yhteen-, vähennys-, kerto- ja jakolasku";"Addition, soustraction, multiplication et division";"Suma, resta, multiplicación e división";"მიმატება, გამოკლება, გამრავლება და გაყოფა";"Πρόσθεση, αφαίρεση, πολλαπλασιασμός και διαίρεση";"સરવાળો, બાદબાકી, ગુણાકાર અને ભાગાકાર";"חיבור, חיסור, כפל וחילוק";"जोड़, घटाव, गुणा और भाग";"Összeadás, kivonás, szorzás és osztás";"Suimiú, dealú, iolrú agus roinnt";"Samlagning, frádráttur, margföldun og deiling";"Penjumlahan, pengurangan, perkalian, dan pembagian";"Addizioni, sottrazioni, moltiplicazioni e divisioni";"たし算、ひき算、かけ算、わり算";"ಕೂಡಿಸುವಿಕೆ, ಕಳೆಯುವಿಕೆ, ಗುಣಾಕಾರ ಮತ್ತು ಭಾಗಾಕಾರ";"Қосу, азайту, көбейту және бөлу";"បូក ដក គុណ និងចែក";"덧셈, 뺄셈, 곱셈, 나눗셈";"Zbrajanje, oduzimanje, množenje i dijeljenje";"ບວກ, ລົບ, ຄູນ ແລະ ຫານ";"Saskaitīšana, atņemšana, reizināšana un dalīšana";"Sudėtis, atimtis, daugyba ir dalyba";"Собирање, одземање, множење и делење";"Tambah, tolak, darab dan bahagi";"കൂട്ടൽ, കുറയ്ക്കൽ, ഗുണനം, ഹരണം";"बेरीज, वजाबाकी, गुणाकार आणि भागाकार";"Нэмэх, хасах, үржүүлэх, хуваах";"जोड, घटाउ, गुणन र भाग";"Addisjon, subtraksjon, multiplikasjon og divisjon";"Додавання, віднімання, множення й ділення";"ଯୋଗ, ବିୟୋଗ, ଗୁଣ ଓ ଭାଗ";"قوشۇش، ئېلىش، كۆپەيتىش ۋە بۆلۈش";"Qo‘shish, ayirish, ko‘paytirish va bo‘lish";"جمع، تفریق، ضرب و تقسیم";"Dodawanie, odejmowanie, mnożenie i dzielenie";"Adição, subtração, multiplicação e divisão";"ਜੋੜ, ਘਟਾਓ, ਗੁਣਾ ਅਤੇ ਭਾਗ";"Adunare, scădere, înmulțire și împărțire";"Сложение, вычитание, умножение и деление";"Sabiranje, oduzimanje, množenje i deljenje";"එකතු කිරීම, අඩු කිරීම, ගුණ කිරීම සහ බෙදීම";"Sčítanie, odčítanie, násobenie a delenie";"Seštevanje, odštevanje, množenje in deljenje";"Sumas, restas, multiplicaciones y divisiones";"Kujumlisha, kutoa, kuzidisha na kugawanya";"கூட்டல், கழித்தல், பெருக்கல் மற்றும் வகுத்தல்";"కూడిక, తీసివేత, గుణకారం మరియు భాగహారం";"บวก ลบ คูณ และหาร";"སྣོན་རྩིས། འཐེན་རྩིས། སྒྱུར་རྩིས་དང་བགོ་རྩིས།";"Sčítání, odčítání, násobení a dělení";"Toplama, çıkarma, çarpma ve bölme";"جمع، تفریق، ضرب اور تقسیم";"Cộng, trừ, nhân và chia";"Adio, tynnu, lluosi a rhannu";"Складанне, адніманне, множанне і дзяленне";"Ukuhlanganisa, ukususa, ukuphindaphinda nokuhlukanisa";"Addition, subtraktion, multiplikation och division"
"info.super.times";"";"The popup shown when a topic or mode button is tapped a second time. Aim for 55 characters or fewer.";"Addition, subtraction, and multiplication";"Optellen, aftrekken en vermenigvuldigen";"Optel, aftrek en vermenigvuldig";"Mbledhje, zbritje dhe shumëzim";"መደመር፣ መቀነስ እና ማባዛት";"الجمع والطرح والضرب";"Գումարում, հանում և բազմապատկում";"যোগ, বিয়োগ আৰু পূৰণ";"Toplama, çıxma və vurma";"Batuketa, kenketa eta biderketa";"যোগ, বিয়োগ ও গুণ";"ပေါင်း၊ နုတ်နှင့် မြှောက်";"Sabiranje, oduzimanje i množenje";"Събиране, изваждане и умножение";"Suma, resta i multiplicació";"加法、减法和乘法";"Addition, subtraktion og multiplikation";"Addition, Subtraktion und Multiplikation";"Liitmine, lahutamine ja korrutamine";"Samlegging, frádráttur og falding";"Yhteen-, vähennys- ja kertolasku";"Addition, soustraction et multiplication";"Suma, resta e multiplicación";"მიმატება, გამოკლება და გამრავლება";"Πρόσθεση, αφαίρεση και πολλαπλασιασμός";"સરવાળો, બાદબાકી અને ગુણાકાર";"חיבור, חיסור וכפל";"जोड़, घटाव और गुणा";"Összeadás, kivonás és szorzás";"Suimiú, dealú agus iolrú";"Samlagning, frádráttur og margföldun";"Penjumlahan, pengurangan, dan perkalian";"Addizioni, sottrazioni e moltiplicazioni";"たし算、ひき算、かけ算";"ಕೂಡಿಸುವಿಕೆ, ಕಳೆಯುವಿಕೆ ಮತ್ತು ಗುಣಾಕಾರ";"Қосу, азайту және көбейту";"បូក ដក និងគុណ";"덧셈, 뺄셈, 곱셈";"Zbrajanje, oduzimanje i množenje";"ບວກ, ລົບ ແລະ ຄູນ";"Saskaitīšana, atņemšana un reizināšana";"Sudėtis, atimtis ir daugyba";"Собирање, одземање и множење";"Tambah, tolak dan darab";"കൂട്ടൽ, കുറയ്ക്കൽ, ഗുണനം";"बेरीज, वजाबाकी आणि गुणाकार";"Нэмэх, хасах, үржүүлэх";"जोड, घटाउ र गुणन";"Addisjon, subtraksjon og multiplikasjon";"Додавання, віднімання й множення";"ଯୋଗ, ବିୟୋଗ ଓ ଗୁଣ";"قوشۇش، ئېلىش ۋە كۆپەيتىش";"Qo‘shish, ayirish va ko‘paytirish";"جمع، تفریق و ضرب";"Dodawanie, odejmowanie i mnożenie";"Adição, subtração e multiplicação";"ਜੋੜ, ਘਟਾਓ ਅਤੇ ਗੁਣਾ";"Adunare, scădere și înmulțire";"Сложение, вычитание и умножение";"Sabiranje, oduzimanje i množenje";"එකතු කිරීම, අඩු කිරීම සහ ගුණ කිරීම";"Sčítanie, odčítanie a násobenie";"Seštevanje, odštevanje in množenje";"Sumas, restas y multiplicaciones";"Kujumlisha, kutoa na kuzidisha";"கூட்டல், கழித்தல் மற்றும் பெருக்கல்";"కూడిక, తీసివేత మరియు గుణకారం";"บวก ลบ และคูณ";"སྣོན་རྩིས། འཐེན་རྩིས་དང་སྒྱུར་རྩིས།";"Sčítání, odčítání a násobení";"Toplama, çıkarma ve çarpma";"جمع، تفریق اور ضرب";"Cộng, trừ và nhân";"Adio, tynnu a lluosi";"Складанне, адніманне і множанне";"Ukuhlanganisa, ukususa nokuphindaphinda";"Addition, subtraktion och multiplikation"
"info.topic.header";"";"The popup shown when a topic or mode button is tapped a second time. Aim for 55 characters or fewer.";"Types of problems";"Soorten sommen";"Soorte somme";"Llojet e ushtrimeve";"የጥያቄ ዓይነቶች";"أنواع المسائل";"Վարժությունների տեսակներ";"অংকৰ ধৰণ";"Tapşırıq növləri";"Eragiketa motak";"অঙ্কের ধরন";"ပုစ္ဆာအမျိုးအစားများ";"Vrste zadataka";"Видове задачи";"Tipus de problemes";"题目类型";"Typer af regnestykker";"Aufgabentypen";"Ülesannete tüübid";"Sløg av uppgávum";"Tehtävätyypit";"Types de calculs";"Tipos de contas";"ამოცანების ტიპები";"Είδη ασκήσεων";"દાખલાના પ્રકાર";"סוגי תרגילים";"सवालों के प्रकार";"Feladattípusok";"Cineálacha ceisteanna";"Tegundir dæma";"Jenis soal";"Tipi di esercizi";"問題の種類";"ಲೆಕ್ಕಗಳ ವಿಧಗಳು";"Есеп түрлері";"ប្រភេទលំហាត់";"문제 종류";"Vrste zadataka";"ປະເພດໂຈດ";"Uzdevumu veidi";"Užduočių tipai";"Видови задачи";"Jenis soalan";"കണക്കുകളുടെ തരങ്ങൾ";"गणिताचे प्रकार";"Бодлогын төрлүүд";"प्रश्नका प्रकार";"Typer oppgaver";"Види прикладів";"ପ୍ରଶ୍ନର ପ୍ରକାର";"مىسال تۈرلىرى";"Misol turlari";"نوع تمرین‌ها";"Rodzaje zadań";"Tipos de contas";"ਸਵਾਲਾਂ ਦੀਆਂ ਕਿਸਮਾਂ";"Tipuri de exerciții";"Виды примеров";"Vrste zadataka";"ගණන් වර්ග";"Typy príkladov";"Vrste računov";"Tipos de problemas";"Aina za maswali";"கணக்கு வகைகள்";"లెక్కల రకాలు";"ประเภทโจทย์";"རྩིས་རིགས";"Typy příkladů";"İşlem türleri";"سوالوں کی قسمیں";"Các dạng bài";"Mathau o symiau";"Віды прыкладаў";"Izinhlobo zezibalo";"Typer av tal"
"levelIntro.addition.intro";"";"A bullet on the level-intro card, wrapping over two lines. Aim for 62 characters or fewer. **Double asterisks** mark bold. Keep exactly one pair, around whichever words carry the emphasis in your language — not necessarily the same words as in English.";"Sums where you **add** a number.";"Sommen waarbij je een getal **optelt**.";"Somme waar jy 'n getal \*\*optel\*\*.";"Ushtrime ku **mbledh** një numër.";"ቁጥርን **የምትደምርባቸው** ስሌቶች።";"مسائل **تضيف** فيها عددًا.";"Օրինակներ, որտեղ թիվ ես **գումարում**։";"য’ত তুমি এটা সংখ্যা **যোগ** কৰা অংক।";"Bir ədədi **topladığın** misallar.";"Zenbaki bat \*\*batzen\*\* duten eragiketak.";"যেসব অঙ্কে একটি সংখ্যা **যোগ** করো।";"ဂဏန်းတစ်ခုကို **ပေါင်း**တဲ့ ပုစ္ဆာတွေ။";"Zadaci gdje broj **sabiraš**.";"Задачи, в които **събираш** число.";"Sumes on **afegeixes** un nombre.";"把一个数\*\*加上\*\*另一个数。";"Regnestykker, hvor du **lægger et tal til**.";"Aufgaben, bei denen du eine Zahl **addierst**.";"Tehted, kus sa arvu **liidad**.";"Uppgávur, har tú **leggur afturat**.";"Laskuja, joissa **lisäät** luvun.";"Calculs où tu **ajoutes** un nombre.";"Contas nas que \*\*sumas\*\* un número.";"მაგალითები, სადაც რიცხვს \*\*უმატებ\*\*.";"Ασκήσεις όπου **προσθέτεις** έναν αριθμό.";"જે દાખલામાં સંખ્યા **ઉમેરો**.";"תרגילים שבהם **מוסיפים** מספר.";"ऐसे सवाल जिनमें संख्या **जोड़ते** हो।";"Feladatok, ahol egy számot **hozzáadsz**.";"Suimeanna ina **gcuireann tú** uimhir leis.";"Dæmi þar sem þú **leggur við** tölu.";"Soal untuk \*\*menambah\*\* angka.";"Calcoli in cui **aggiungi** un numero.";"数を\*\*たす\*\*問題。";"ಸಂಖ್ಯೆಯನ್ನು **ಕೂಡಿಸುವ** ಲೆಕ್ಕಗಳು.";"Санды **қосатын** есептер.";"លំហាត់ដែលអ្នក **បូក** ចំនួនមួយ។";"숫자를 **더하는** 문제.";"Zadaci u kojima **zbrajaš** broj.";"ໂຈດທີ່ເຈົ້າ **ບວກ** ຕົວເລກ.";"Uzdevumi, kuros skaitli **pieskaiti**.";"Uždaviniai, kuriuose skaičių **pridedi**.";"Задачи каде **додаваш** број.";"Soalan yang kamu **tambah** nombor.";"ഒരു സംഖ്യ **കൂട്ടുന്ന** കണക്കുകൾ.";"ज्यात संख्या \*\*जोडायची\*\* अशी उदाहरणे.";"Тоог **нэмэх** бодлогууд.";"एउटा संख्या **जोड्ने** हिसाब।";"Oppgaver der du **legger til** et tall.";"Приклади, де треба \*\*додати\*\* число.";"ଯେଉଁ ସମରେ ଏକ ସଂଖ୍ୟା **ଯୋଗ** କର।";"بىر ساننى **قوشىدىغان** مىساللار.";"Sonni **qo‘shadigan** misollar.";"تمرین‌هایی که در آن عددی را **جمع** می‌کنی.";"Działania, w których **dodajesz** liczbę.";"Contas em que **somas** um número.";"ਜਿੱਥੇ ਤੁਸੀਂ ਇੱਕ ਸੰਖਿਆ **ਜੋੜਦੇ** ਹੋ।";"Exerciții în care **aduni** un număr.";"Примеры, где нужно \*\*прибавить\*\* число.";"Zadaci u kojima **sabiraš** broj.";"අංකයක් **එකතු කරන** ගණන්.";"Príklady, kde číslo **pripočítaš**.";"Računi, kjer število **prišteješ**.";"Sumas en las que **añades** un número.";"Maswali ya **kujumlisha** namba.";"ஒரு எண்ணை **கூட்டும்** கணக்குகள்.";"ఒక సంఖ్యను **కలిపే** లెక్కలు.";"โจทย์ที่ให้ **บวก** ตัวเลข";"གྲངས་ཤིག **སྣོན་པའི** རྩིས།";"Příklady, kde číslo **přičítáš**.";"Bir sayıyı **eklediğin** işlemler.";"وہ سوال جن میں آپ عدد **جمع** کرتے ہیں۔";"Bài toán **cộng** một số.";"Symiau lle rwyt ti’n **adio** rhif.";"Прыклады, дзе трэба **дадаць** лік.";"Izibalo lapho **wengeza** inombolo.";"Tal där du **adderar** ett tal."
"levelIntro.addition.title %lld";"";"The level-intro card. Titles are set in a large heavy face and shrink rather than wrap, so short is better. Aim for 20 characters or fewer. Keep 1× %lld (a number).";"Add %lld";"Plus %lld";"Tel %lld by";"Shto %lld";"%lld ጨምር";"أضف %lld";"Գումարել %lld";"%lld যোগ";"%lld əlavə et";"Gehitu %lld";"%lld যোগ";"%lld ပေါင်း";"Dodaj %lld";"Плюс %lld";"Suma %lld";"加 %lld";"Plus %lld";"Plus %lld";"Liida %lld";"Pluss %lld";"Lisää %lld";"Plus %lld";"Sumar %lld";"მიამატე %lld";"Πρόσθεσε %lld";"%lld ઉમેરો";"הוספת %lld";"%lld जोड़ो";"+ %lld";"Cuir %lld leis";"Plús %lld";"Tambah %lld";"Più %lld";"%lldをたす";"%lld ಸೇರಿಸು";"%lld қосу";"បូក %lld";"%lld 더하기";"Zbroji %lld";"ບວກ %lld";"Pieskaiti %lld";"Pridėti %lld";"Плус %lld";"Tambah %lld";"%lld കൂട്ടുക";"%lld जोडा";"%lld-ыг нэм";"%lld जोड";"Pluss %lld";"Додати %lld";"%lld ଯୋଗ";"%lld نى قوش";"%lld qo‘sh";"جمع %lld";"Dodaj %lld";"Somar %lld";"%lld ਜੋੜੋ";"Adună %lld";"Плюс %lld";"Saberi %lld";"%lld එකතු කරන්න";"Pripočítaj %lld";"Prištej %lld";"Sumar %lld";"Jumlisha %lld";"%lld கூட்டு";"%lld కలుపు";"บวก %lld";"%lld སྣོན";"Přičti %lld";"%lld ekle";"%lld جمع کریں";"Cộng %lld";"Adio %lld";"Дадаць %lld";"Hlanganisa %lld";"Plus %lld"
"levelIntro.cardsBullet.carrot %lld";"";"A bullet on the level-intro card, wrapping over two lines. Aim for 76 characters or fewer. Keep 1× %lld (a number). **Double asterisks** mark bold. Keep exactly one pair, around whichever words carry the emphasis in your language — not necessarily the same words as in English. The count is always 20, 30, 40 or 50 (GameConfig level maximums), which every language treats alike, so this needs no other plural form.";"You can collect up to **%lld carrots** in this level.";"Je kunt in dit level maximaal **%lld wortels** verzamelen.";"Jy kan tot \*\*%lld wortels\*\* in hierdie vlak versamel.";"Mund të mbledhësh deri në **%lld karota** në këtë nivel.";"በዚህ ደረጃ እስከ **%lld ካሮት** መሰብሰብ ትችላለህ።";"يمكنك جمع حتى **%lld جزرة** في هذا المستوى.";"Այս մակարդակում կարող ես հավաքել մինչև **%lld գազար**։";"এই লেভেলত সৰ্বাধিক **%lld গাজৰ** গোটাব পাৰিবা।";"Bu səviyyədə ən çox **%lld kök** toplaya bilərsən.";"Maila honetan gehienez \*\*%lld azenario\*\* bil ditzakezu.";"এই লেভেলে সর্বোচ্চ **%lldটি গাজর** সংগ্রহ করতে পারো।";"ဒီအဆင့်မှာ **မုန်လာဥ %lld ခု** အထိ စုလို့ရတယ်။";"U ovom nivou možeš skupiti do **%lld mrkvi**.";"Можеш да събереш до **%lld моркова** в това ниво.";"Pots recollir fins a **%lld pastanagues** en aquest nivell.";"本关最多可收集 \*\*%lld 根胡萝卜\*\*。";"Du kan samle op til **%lld gulerødder** på dette niveau.";"Du kannst hier bis zu **%lld Karotten** sammeln.";"Selles tasemes saad koguda kuni **%lld porgandit**.";"Tú kanst savna upp í **%lld gularøtur** í hesum stigi.";"Voit kerätä tässä tasossa enintään **%lld porkkanaa**.";"Tu peux ramasser jusqu’à **%lld carottes** dans ce niveau.";"Neste nivel podes recoller ata \*\*%lld cenorias\*\*.";"ამ დონეზე მაქსიმუმ \*\*%lld სტაფილო\*\* შეგიძლია შეაგროვო.";"Μάζεψε έως **%lld καρότα** σε αυτό το επίπεδο.";"આ લેવલમાં વધુમાં વધુ **%lld ગાજર** ભેગાં કરી શકો.";"אפשר לאסוף עד **%lld גזרים** בשלב הזה.";"इस लेवल में **%lld गाजर** तक इकट्ठी कर सकते हो।";"Ezen a pályán akár **%lld répát** is gyűjthetsz.";"Is féidir leat suas le **%lld cairéad** a bhailiú sa leibhéal seo.";"Þú getur safnað allt að **%lld gulrótum** í þessu borði.";"Kamu bisa mengumpulkan hingga \*\*%lld wortel\*\* di level ini.";"Puoi raccogliere fino a **%lld carote** in questo livello.";"このレベルで\*\*%lldこのにんじん\*\*を集められるよ。";"ಈ ಹಂತದಲ್ಲಿ ಗರಿಷ್ಠ **%lld ಕ್ಯಾರೆಟ್‌ಗಳನ್ನು** ಸಂಗ್ರಹಿಸಬಹುದು.";"Бұл деңгейде **%lld сәбізге** дейін жинай аласың.";"អ្នកអាចប្រមូលបានរហូតដល់ **ការ៉ុត %lld** ក្នុងលេវែលនេះ។";"이 레벨에서 **당근 %lld개**까지 모을 수 있어요.";"U ovoj razini možeš skupiti do **%lld mrkvi**.";"ດ່ານນີ້ເກັບໄດ້ສູງສຸດ **%lld ຫົວແຄຣອດ**.";"Šajā līmenī vari savākt ne vairāk kā **%lld burkānu**.";"Šiame lygyje gali surinkti iki **%lld morkų**.";"Во ова ниво можеш да собереш до **%lld моркови**.";"Kamu boleh kumpul hingga **%lld lobak** dalam tahap ini.";"ഈ ലെവലിൽ പരമാവധി **%lld കാരറ്റ്** ശേഖരിക്കാം.";"या स्तरात जास्तीत जास्त \*\*%lld गाजरे\*\* गोळा करता येतील.";"Энэ түвшинд **%lld лууван** цуглуулж болно.";"यो लेभलमा बढीमा **%lld गाजर** जम्मा गर्न सक्छौ।";"Du kan samle opptil **%lld gulrøtter** på dette nivået.";"На цьому рівні можна зібрати до \*\*%lld морквин\*\*.";"ଏହି ଲେଭେଲ୍‌ରେ ସର୍ବାଧିକ **%lld ଗାଜର** ସଂଗ୍ରହ କରିପାରିବ।";"بۇ دەرىجىدە **%lld سەۋزە** توپلىيالايسەن.";"Bu bosqichda ko‘pi bilan **%lld sabzi** yig‘a olasan.";"در این مرحله تا **%lld هویج** می‌توانی جمع کنی.";"Na tym poziomie zbierzesz maks. **%lld marchewek**.";"Podes apanhar até **%lld cenouras** neste nível.";"ਇਸ ਲੈਵਲ ਵਿੱਚ ਵੱਧ ਤੋਂ ਵੱਧ **%lld ਗਾਜਰਾਂ** ਇਕੱਠੀਆਂ ਕਰ ਸਕਦੇ ਹੋ।";"Poți strânge până la **%lld morcovi** în acest nivel.";"В этом уровне можно собрать до \*\*%lld морковок\*\*.";"U ovom nivou možeš sakupiti do **%lld šargarepa**.";"මේ මට්ටමේ **කැරට් %lldක්** දක්වා එකතු කරන්න පුළුවන්.";"V tejto úrovni môžeš nazbierať až **%lld mrkiev**.";"V tej stopnji lahko zbereš največ **%lld korenčkov**.";"Puedes conseguir hasta **%lld zanahorias** en este nivel.";"Unaweza kukusanya hadi **karoti %lld** katika kiwango hiki.";"இந்த நிலையில் அதிகபட்சம் **%lld காரட்** சேகரிக்கலாம்.";"ఈ లెవెల్‌లో **%lld క్యారెట్లు** వరకు సేకరించవచ్చు.";"ด่านนี้เก็บ **แครอต %lld หัว** ได้สูงสุด";"རིམ་པ་འདིར་ཁྱེད་ཀྱིས **ལ་ཕུག %lld** བསྡུ་ཐུབ།";"V této úrovni můžeš získat až **%lld mrkví**.";"Bu seviyede en fazla **%lld havuç** toplayabilirsin.";"اس لیول میں آپ زیادہ سے زیادہ **%lld گاجریں** جمع کر سکتے ہیں۔";"Bạn có thể nhặt tối đa **%lld củ cà rốt** ở màn này.";"Gallwch gasglu hyd at **%lld moronen** yn y lefel hon.";"Тут можна сабраць да **%lld моркваў**.";"Ungaqoqa **izaqathe ezingu-%lld** kuleli zinga.";"Du kan samla upp till **%lld morötter** på den här nivån."
"levelIntro.cardsBullet.chicken %lld";"";"A bullet on the level-intro card, wrapping over two lines. Aim for 75 characters or fewer. Keep 1× %lld (a number). **Double asterisks** mark bold. Keep exactly one pair, around whichever words carry the emphasis in your language — not necessarily the same words as in English. The count is always 20, 30, 40 or 50 (GameConfig level maximums), which every language treats alike, so this needs no other plural form.";"You can collect up to **%lld chickens** in this level.";"Je kunt in dit level maximaal **%lld kippen** verzamelen.";"Jy kan tot \*\*%lld hoenders\*\* in hierdie vlak versamel.";"Mund të mbledhësh deri në **%lld pula** në këtë nivel.";"በዚህ ደረጃ እስከ **%lld ዶሮ** መሰብሰብ ትችላለህ።";"يمكنك جمع حتى **%lld دجاجة** في هذا المستوى.";"Այս մակարդակում կարող ես հավաքել մինչև **%lld հավ**։";"এই লেভেলত সৰ্বাধিক **%lld কুকুৰা** গোটাব পাৰিবা।";"Bu səviyyədə ən çox **%lld toyuq** toplaya bilərsən.";"Maila honetan gehienez \*\*%lld oilasko\*\* bil ditzakezu.";"এই লেভেলে সর্বোচ্চ **%lldটি মুরগি** সংগ্রহ করতে পারো।";"ဒီအဆင့်မှာ **ကြက် %lld ကောင်** အထိ စုလို့ရတယ်။";"U ovom nivou možeš skupiti do **%lld kokoši**.";"Можеш да събереш до **%lld пилета** в това ниво.";"Pots recollir fins a **%lld gallines** en aquest nivell.";"本关最多可收集 \*\*%lld 只鸡\*\*。";"Du kan samle op til **%lld kyllinger** på dette niveau.";"Du kannst hier bis zu **%lld Hühner** sammeln.";"Selles tasemes saad koguda kuni **%lld kana**.";"Tú kanst savna upp í **%lld hønur** í hesum stigi.";"Voit kerätä tässä tasossa enintään **%lld kanaa**.";"Tu peux ramasser jusqu’à **%lld poulets** dans ce niveau.";"Neste nivel podes recoller ata \*\*%lld galiñas\*\*.";"ამ დონეზე მაქსიმუმ \*\*%lld ქათამი\*\* შეგიძლია შეაგროვო.";"Μάζεψε έως **%lld κότες** σε αυτό το επίπεδο.";"આ લેવલમાં વધુમાં વધુ **%lld મરઘીઓ** ભેગી કરી શકો.";"אפשר לאסוף עד **%lld תרנגולות** בשלב הזה.";"इस लेवल में **%lld मुर्गियाँ** तक इकट्ठी कर सकते हो।";"Ezen a pályán akár **%lld csirkét** is gyűjthetsz.";"Is féidir leat suas le **%lld sicín** a bhailiú sa leibhéal seo.";"Þú getur safnað allt að **%lld hænum** í þessu borði.";"Kamu bisa mengumpulkan hingga \*\*%lld ayam\*\* di level ini.";"Puoi raccogliere fino a **%lld galline** in questo livello.";"このレベルで\*\*%lldわのニワトリ\*\*を集められるよ。";"ಈ ಹಂತದಲ್ಲಿ ಗರಿಷ್ಠ **%lld ಕೋಳಿಗಳನ್ನು** ಸಂಗ್ರಹಿಸಬಹುದು.";"Бұл деңгейде **%lld тауыққа** дейін жинай аласың.";"អ្នកអាចប្រមូលបានរហូតដល់ **មាន់ %lld** ក្នុងលេវែលនេះ។";"이 레벨에서 **닭 %lld마리**까지 모을 수 있어요.";"U ovoj razini možeš skupiti do **%lld kokoši**.";"ດ່ານນີ້ເກັບໄດ້ສູງສຸດ **%lld ໄກ່**.";"Šajā līmenī vari savākt ne vairāk kā **%lld vistu**.";"Šiame lygyje gali surinkti iki **%lld vištų**.";"Во ова ниво можеш да собереш до **%lld кокошки**.";"Kamu boleh kumpul hingga **%lld ayam** dalam tahap ini.";"ഈ ലെവലിൽ പരമാവധി **%lld കോഴികൾ** ശേഖരിക്കാം.";"या स्तरात जास्तीत जास्त \*\*%lld कोंबड्या\*\* गोळा करता येतील.";"Энэ түвшинд **%lld тахиа** цуглуулж болно.";"यो लेभलमा बढीमा **%lld कुखुरा** जम्मा गर्न सक्छौ।";"Du kan samle opptil **%lld kyllinger** på dette nivået.";"На цьому рівні можна зібрати до \*\*%lld курчат\*\*.";"ଏହି ଲେଭେଲ୍‌ରେ ସର୍ବାଧିକ **%lld କୁକୁଡ଼ା** ସଂଗ୍ରହ କରିପାରିବ।";"بۇ دەرىجىدە **%lld توخۇ** توپلىيالايسەن.";"Bu bosqichda ko‘pi bilan **%lld tovuq** yig‘a olasan.";"در این مرحله تا **%lld مرغ** می‌توانی جمع کنی.";"Na tym poziomie zbierzesz maks. **%lld kurczaków**.";"Podes apanhar até **%lld galinhas** neste nível.";"ਇਸ ਲੈਵਲ ਵਿੱਚ ਵੱਧ ਤੋਂ ਵੱਧ **%lld ਮੁਰਗੀਆਂ** ਇਕੱਠੀਆਂ ਕਰ ਸਕਦੇ ਹੋ।";"Poți strânge până la **%lld găini** în acest nivel.";"В этом уровне можно собрать до \*\*%lld куриц\*\*.";"U ovom nivou možeš sakupiti do **%lld kokošaka**.";"මේ මට්ටමේ **කුකුළන් %lldක්** දක්වා එකතු කරන්න පුළුවන්.";"V tejto úrovni môžeš nazbierať až **%lld sliepok**.";"V tej stopnji lahko zbereš največ **%lld kokoši**.";"Puedes conseguir hasta **%lld gallinas** en este nivel.";"Unaweza kukusanya hadi **kuku %lld** katika kiwango hiki.";"இந்த நிலையில் அதிகபட்சம் **%lld கோழி** சேகரிக்கலாம்.";"ఈ లెవెల్‌లో **%lld కోళ్లు** వరకు సేకరించవచ్చు.";"ด่านนี้เก็บ **ไก่ %lld ตัว** ได้สูงสุด";"རིམ་པ་འདིར་ཁྱེད་ཀྱིས **བྱ་ཕྲུག %lld** བསྡུ་ཐུབ།";"V této úrovni můžeš získat až **%lld kuřat**.";"Bu seviyede en fazla **%lld tavuk** toplayabilirsin.";"اس لیول میں آپ زیادہ سے زیادہ **%lld مرغیاں** جمع کر سکتے ہیں۔";"Bạn có thể nhặt tối đa **%lld con gà** ở màn này.";"Gallwch gasglu hyd at **%lld iâr** yn y lefel hon.";"Тут можна сабраць да **%lld курачак**.";"Ungaqoqa **izinkukhu ezingu-%lld** kuleli zinga.";"Du kan samla upp till **%lld kycklingar** på den här nivån."
"levelIntro.cardsBullet.fish %lld";"";"A bullet on the level-intro card, wrapping over two lines. Aim for 75 characters or fewer. Keep 1× %lld (a number). **Double asterisks** mark bold. Keep exactly one pair, around whichever words carry the emphasis in your language — not necessarily the same words as in English. The count is always 20, 30, 40 or 50 (GameConfig level maximums), which every language treats alike, so this needs no other plural form.";"You can collect up to **%lld fish** in this level.";"Je kunt in dit level maximaal **%lld vissen** verzamelen.";"Jy kan tot \*\*%lld visse\*\* in hierdie vlak versamel.";"Mund të mbledhësh deri në **%lld peshq** në këtë nivel.";"በዚህ ደረጃ እስከ **%lld ዓሣ** መሰብሰብ ትችላለህ።";"يمكنك جمع حتى **%lld سمكة** في هذا المستوى.";"Այս մակարդակում կարող ես հավաքել մինչև **%lld ձուկ**։";"এই লেভেলত সৰ্বাধিক **%lld মাছ** গোটাব পাৰিবা।";"Bu səviyyədə ən çox **%lld balıq** toplaya bilərsən.";"Maila honetan gehienez \*\*%lld arrain\*\* bil ditzakezu.";"এই লেভেলে সর্বোচ্চ **%lldটি মাছ** সংগ্রহ করতে পারো।";"ဒီအဆင့်မှာ **ငါး %lld ကောင်** အထိ စုလို့ရတယ်။";"U ovom nivou možeš skupiti do **%lld riba**.";"Можеш да събереш до **%lld риби** в това ниво.";"Pots recollir fins a **%lld peixos** en aquest nivell.";"本关最多可收集 \*\*%lld 条鱼\*\*。";"Du kan samle op til **%lld fisk** på dette niveau.";"Du kannst hier bis zu **%lld Fische** sammeln.";"Selles tasemes saad koguda kuni **%lld kala**.";"Tú kanst savna upp í **%lld fiskar** í hesum stigi.";"Voit kerätä tässä tasossa enintään **%lld kalaa**.";"Tu peux ramasser jusqu’à **%lld poissons** dans ce niveau.";"Neste nivel podes recoller ata \*\*%lld peixes\*\*.";"ამ დონეზე მაქსიმუმ \*\*%lld თევზი\*\* შეგიძლია შეაგროვო.";"Μάζεψε έως **%lld ψάρια** σε αυτό το επίπεδο.";"આ લેવલમાં વધુમાં વધુ **%lld માછલીઓ** ભેગી કરી શકો.";"אפשר לאסוף עד **%lld דגים** בשלב הזה.";"इस लेवल में **%lld मछलियाँ** तक इकट्ठी कर सकते हो।";"Ezen a pályán akár **%lld halat** is gyűjthetsz.";"Is féidir leat suas le **%lld iasc** a bhailiú sa leibhéal seo.";"Þú getur safnað allt að **%lld fiskum** í þessu borði.";"Kamu bisa mengumpulkan hingga \*\*%lld ikan\*\* di level ini.";"Puoi raccogliere fino a **%lld pesci** in questo livello.";"このレベルで\*\*%lldひきの魚\*\*を集められるよ。";"ಈ ಹಂತದಲ್ಲಿ ಗರಿಷ್ಠ **%lld ಮೀನುಗಳನ್ನು** ಸಂಗ್ರಹಿಸಬಹುದು.";"Бұл деңгейде **%lld балыққа** дейін жинай аласың.";"អ្នកអាចប្រមូលបានរហូតដល់ **ត្រី %lld** ក្នុងលេវែលនេះ។";"이 레벨에서 **물고기 %lld마리**까지 모을 수 있어요.";"U ovoj razini možeš skupiti do **%lld riba**.";"ດ່ານນີ້ເກັບໄດ້ສູງສຸດ **%lld ປາ**.";"Šajā līmenī vari savākt ne vairāk kā **%lld zivju**.";"Šiame lygyje gali surinkti iki **%lld žuvų**.";"Во ова ниво можеш да собереш до **%lld риби**.";"Kamu boleh kumpul hingga **%lld ikan** dalam tahap ini.";"ഈ ലെവലിൽ പരമാവധി **%lld മീനുകൾ** ശേഖരിക്കാം.";"या स्तरात जास्तीत जास्त \*\*%lld मासे\*\* गोळा करता येतील.";"Энэ түвшинд **%lld загас** цуглуулж болно.";"यो लेभलमा बढीमा **%lld माछा** जम्मा गर्न सक्छौ।";"Du kan samle opptil **%lld fisker** på dette nivået.";"На цьому рівні можна зібрати до \*\*%lld рибок\*\*.";"ଏହି ଲେଭେଲ୍‌ରେ ସର୍ବାଧିକ **%lld ମାଛ** ସଂଗ୍ରହ କରିପାରିବ।";"بۇ دەرىجىدە **%lld بېلىق** توپلىيالايسەن.";"Bu bosqichda ko‘pi bilan **%lld baliq** yig‘a olasan.";"در این مرحله تا **%lld ماهی** می‌توانی جمع کنی.";"Na tym poziomie zbierzesz maks. **%lld rybek**.";"Podes apanhar até **%lld peixes** neste nível.";"ਇਸ ਲੈਵਲ ਵਿੱਚ ਵੱਧ ਤੋਂ ਵੱਧ **%lld ਮੱਛੀਆਂ** ਇਕੱਠੀਆਂ ਕਰ ਸਕਦੇ ਹੋ।";"Poți strânge până la **%lld pești** în acest nivel.";"В этом уровне можно собрать до \*\*%lld рыбок\*\*.";"U ovom nivou možeš sakupiti do **%lld riba**.";"මේ මට්ටමේ **මාළු %lldක්** දක්වා එකතු කරන්න පුළුවන්.";"V tejto úrovni môžeš nazbierať až **%lld rýb**.";"V tej stopnji lahko zbereš največ **%lld rib**.";"Puedes conseguir hasta **%lld peces** en este nivel.";"Unaweza kukusanya hadi **samaki %lld** katika kiwango hiki.";"இந்த நிலையில் அதிகபட்சம் **%lld மீன்** சேகரிக்கலாம்.";"ఈ లెవెల్‌లో **%lld చేపలు** వరకు సేకరించవచ్చు.";"ด่านนี้เก็บ **ปลา %lld ตัว** ได้สูงสุด";"རིམ་པ་འདིར་ཁྱེད་ཀྱིས **ཉ %lld** བསྡུ་ཐུབ།";"V této úrovni můžeš získat až **%lld ryb**.";"Bu seviyede en fazla **%lld balık** toplayabilirsin.";"اس لیول میں آپ زیادہ سے زیادہ **%lld مچھلیاں** جمع کر سکتے ہیں۔";"Bạn có thể nhặt tối đa **%lld con cá** ở màn này.";"Gallwch gasglu hyd at **%lld pysgodyn** yn y lefel hon.";"Тут можна сабраць да **%lld рыбак**.";"Ungaqoqa **izinhlanzi ezingu-%lld** kuleli zinga.";"Du kan samla upp till **%lld fiskar** på den här nivån."
"levelIntro.cardsBullet.fly %lld";"";"A bullet on the level-intro card, wrapping over two lines. Aim for 76 characters or fewer. Keep 1× %lld (a number). **Double asterisks** mark bold. Keep exactly one pair, around whichever words carry the emphasis in your language — not necessarily the same words as in English. The count is always 20, 30, 40 or 50 (GameConfig level maximums), which every language treats alike, so this needs no other plural form.";"You can collect up to **%lld flies** in this level.";"Je kunt in dit level maximaal **%lld vliegen** verzamelen.";"Jy kan tot \*\*%lld vlieë\*\* in hierdie vlak versamel.";"Mund të mbledhësh deri në **%lld miza** në këtë nivel.";"በዚህ ደረጃ እስከ **%lld ዝንብ** መሰብሰብ ትችላለህ።";"يمكنك جمع حتى **%lld ذبابة** في هذا المستوى.";"Այս մակարդակում կարող ես հավաքել մինչև **%lld ճանճ**։";"এই লেভেলত সৰ্বাধিক **%lld মাখি** গোটাব পাৰিবা।";"Bu səviyyədə ən çox **%lld milçək** toplaya bilərsən.";"Maila honetan gehienez \*\*%lld euli\*\* bil ditzakezu.";"এই লেভেলে সর্বোচ্চ **%lldটি মাছি** সংগ্রহ করতে পারো।";"ဒီအဆင့်မှာ **ယင်ကောင် %lld ကောင်** အထိ စုလို့ရတယ်။";"U ovom nivou možeš skupiti do **%lld muha**.";"Можеш да събереш до **%lld мухи** в това ниво.";"Pots recollir fins a **%lld mosques** en aquest nivell.";"本关最多可收集 \*\*%lld 只苍蝇\*\*。";"Du kan samle op til **%lld fluer** på dette niveau.";"Du kannst hier bis zu **%lld Fliegen** sammeln.";"Selles tasemes saad koguda kuni **%lld kärbest**.";"Tú kanst savna upp í **%lld flugur** í hesum stigi.";"Voit kerätä tässä tasossa enintään **%lld kärpästä**.";"Tu peux ramasser jusqu’à **%lld mouches** dans ce niveau.";"Neste nivel podes recoller ata \*\*%lld moscas\*\*.";"ამ დონეზე მაქსიმუმ \*\*%lld ბუზი\*\* შეგიძლია შეაგროვო.";"Μάζεψε έως **%lld μύγες** σε αυτό το επίπεδο.";"આ લેવલમાં વધુમાં વધુ **%lld માખીઓ** ભેગી કરી શકો.";"אפשר לאסוף עד **%lld זבובים** בשלב הזה.";"इस लेवल में **%lld मक्खियाँ** तक इकट्ठी कर सकते हो।";"Ezen a pályán akár **%lld legyet** is gyűjthetsz.";"Is féidir leat suas le **%lld cuileog** a bhailiú sa leibhéal seo.";"Þú getur safnað allt að **%lld flugum** í þessu borði.";"Kamu bisa mengumpulkan hingga \*\*%lld lalat\*\* di level ini.";"Puoi raccogliere fino a **%lld mosche** in questo livello.";"このレベルで\*\*%lldひきのハエ\*\*を集められるよ。";"ಈ ಹಂತದಲ್ಲಿ ಗರಿಷ್ಠ **%lld ನೊಣಗಳನ್ನು** ಸಂಗ್ರಹಿಸಬಹುದು.";"Бұл деңгейде **%lld шыбынға** дейін жинай аласың.";"អ្នកអាចប្រមូលបានរហូតដល់ **រុយ %lld** ក្នុងលេវែលនេះ។";"이 레벨에서 **파리 %lld마리**까지 모을 수 있어요.";"U ovoj razini možeš skupiti do **%lld muha**.";"ດ່ານນີ້ເກັບໄດ້ສູງສຸດ **%lld ແມງວັນ**.";"Šajā līmenī vari savākt ne vairāk kā **%lld mušu**.";"Šiame lygyje gali surinkti iki **%lld musių**.";"Во ова ниво можеш да собереш до **%lld муви**.";"Kamu boleh kumpul hingga **%lld lalat** dalam tahap ini.";"ഈ ലെവലിൽ പരമാവധി **%lld ഈച്ചകൾ** ശേഖരിക്കാം.";"या स्तरात जास्तीत जास्त \*\*%lld माश्या\*\* गोळा करता येतील.";"Энэ түвшинд **%lld ялаа** цуглуулж болно.";"यो लेभलमा बढीमा **%lld झिँगा** जम्मा गर्न सक्छौ।";"Du kan samle opptil **%lld fluer** på dette nivået.";"На цьому рівні можна зібрати до \*\*%lld мушок\*\*.";"ଏହି ଲେଭେଲ୍‌ରେ ସର୍ବାଧିକ **%lld ମାଛି** ସଂଗ୍ରହ କରିପାରିବ।";"بۇ دەرىجىدە **%lld چىۋىن** توپلىيالايسەن.";"Bu bosqichda ko‘pi bilan **%lld pashsha** yig‘a olasan.";"در این مرحله تا **%lld مگس** می‌توانی جمع کنی.";"Na tym poziomie zbierzesz maks. **%lld much**.";"Podes apanhar até **%lld moscas** neste nível.";"ਇਸ ਲੈਵਲ ਵਿੱਚ ਵੱਧ ਤੋਂ ਵੱਧ **%lld ਮੱਖੀਆਂ** ਇਕੱਠੀਆਂ ਕਰ ਸਕਦੇ ਹੋ।";"Poți strânge până la **%lld muște** în acest nivel.";"В этом уровне можно собрать до \*\*%lld мух\*\*.";"U ovom nivou možeš sakupiti do **%lld muva**.";"මේ මට්ටමේ **මැස්සන් %lldක්** දක්වා එකතු කරන්න පුළුවන්.";"V tejto úrovni môžeš nazbierať až **%lld múch**.";"V tej stopnji lahko zbereš največ **%lld muh**.";"Puedes conseguir hasta **%lld moscas** en este nivel.";"Unaweza kukusanya hadi **nzi %lld** katika kiwango hiki.";"இந்த நிலையில் அதிகபட்சம் **%lld ஈ** சேகரிக்கலாம்.";"ఈ లెవెల్‌లో **%lld ఈగలు** వరకు సేకరించవచ్చు.";"ด่านนี้เก็บ **แมลงวัน %lld ตัว** ได้สูงสุด";"རིམ་པ་འདིར་ཁྱེད་ཀྱིས **སྦྲང་མ %lld** བསྡུ་ཐུབ།";"V této úrovni můžeš získat až **%lld much**.";"Bu seviyede en fazla **%lld sinek** toplayabilirsin.";"اس لیول میں آپ زیادہ سے زیادہ **%lld مکھیاں** جمع کر سکتے ہیں۔";"Bạn có thể nhặt tối đa **%lld con ruồi** ở màn này.";"Gallwch gasglu hyd at **%lld pryfyn** yn y lefel hon.";"Тут можна сабраць да **%lld мух**.";"Ungaqoqa **izimpukane ezingu-%lld** kuleli zinga.";"Du kan samla upp till **%lld flugor** på den här nivån."
"levelIntro.cardsBullet.honey %lld";"";"A bullet on the level-intro card, wrapping over two lines. Aim for 84 characters or fewer. Keep 1× %lld (a number). **Double asterisks** mark bold. Keep exactly one pair, around whichever words carry the emphasis in your language — not necessarily the same words as in English. The count is always 20, 30, 40 or 50 (GameConfig level maximums), which every language treats alike, so this needs no other plural form.";"You can collect up to **%lld pots of honey** in this level.";"Je kunt in dit level maximaal **%lld potjes honing** verzamelen.";"Jy kan tot \*\*%lld potte heuning\*\* in hierdie vlak versamel.";"Mund të mbledhësh deri në **%lld kavanoza me mjaltë** në këtë nivel.";"በዚህ ደረጃ እስከ **%lld የማር ማሰሮ** መሰብሰብ ትችላለህ።";"يمكنك جمع حتى **%lld وعاء عسل** في هذا المستوى.";"Այս մակարդակում կարող ես հավաքել մինչև **%lld բանկա մեղր**։";"এই লেভেলত সৰ্বাধিক **%lld মৌৰ টেমা** গোটাব পাৰিবা।";"Bu səviyyədə ən çox **%lld bal qabı** toplaya bilərsən.";"Maila honetan gehienez \*\*%lld ezti-pote\*\* bil ditzakezu.";"এই লেভেলে সর্বোচ্চ **%lldটি মধুর পাত্র** সংগ্রহ করতে পারো।";"ဒီအဆင့်မှာ **ပျားရည်အိုး %lld အိုး** အထိ စုလို့ရတယ်။";"U ovom nivou možeš skupiti do **%lld tegli meda**.";"Можеш да събереш до **%lld бурканчета мед** в това ниво.";"Pots recollir fins a **%lld pots de mel** en aquest nivell.";"本关最多可收集 \*\*%lld 罐蜂蜜\*\*。";"Du kan samle op til **%lld honningkrukker** på dette niveau.";"Du kannst hier bis zu **%lld Honigtöpfe** sammeln.";"Selles tasemes saad koguda kuni **%lld meepurki**.";"Tú kanst savna upp í **%lld hunangskrukkur** í hesum stigi.";"Voit kerätä tässä tasossa enintään **%lld hunajapurkkia**.";"Tu peux ramasser jusqu’à **%lld pots de miel** dans ce niveau.";"Neste nivel podes recoller ata \*\*%lld tarros de mel\*\*.";"ამ დონეზე მაქსიმუმ \*\*%lld ქილა თაფლი\*\* შეგიძლია შეაგროვო.";"Μάζεψε έως **%lld βαζάκια μέλι** σε αυτό το επίπεδο.";"આ લેવલમાં વધુમાં વધુ **%lld મધના ડબ્બા** ભેગા કરી શકો.";"אפשר לאסוף עד **%lld צנצנות דבש** בשלב הזה.";"इस लेवल में **%lld शहद के बर्तन** तक इकट्ठे कर सकते हो।";"Ezen a pályán akár **%lld üveg mézet** is gyűjthetsz.";"Is féidir leat suas le **%lld próca meala** a bhailiú sa leibhéal seo.";"Þú getur safnað allt að **%lld hunangskrukkum** í þessu borði.";"Kamu bisa mengumpulkan hingga \*\*%lld pot madu\*\* di level ini.";"Puoi raccogliere fino a **%lld vasetti di miele** in questo livello.";"このレベルで\*\*%lldこのはちみつ\*\*を集められるよ。";"ಈ ಹಂತದಲ್ಲಿ ಗರಿಷ್ಠ **%lld ಜೇನು ಕುಡಿಕೆಗಳನ್ನು** ಸಂಗ್ರಹಿಸಬಹುದು.";"Бұл деңгейде **%lld құты балға** дейін жинай аласың.";"អ្នកអាចប្រមូលបានរហូតដល់ **ពាងទឹកឃ្មុំ %lld** ក្នុងលេវែលនេះ។";"이 레벨에서 **꿀단지 %lld개**까지 모을 수 있어요.";"U ovoj razini možeš skupiti do **%lld staklenki meda**.";"ດ່ານນີ້ເກັບໄດ້ສູງສຸດ **%lld ໄຫນ້ຳເຜິ້ງ**.";"Šajā līmenī vari savākt ne vairāk kā **%lld medus burciņu**.";"Šiame lygyje gali surinkti iki **%lld medaus puodynėlių**.";"Во ова ниво можеш да собереш до **%lld тегли мед**.";"Kamu boleh kumpul hingga **%lld balang madu** dalam tahap ini.";"ഈ ലെവലിൽ പരമാവധി **%lld തേൻപാത്രങ്ങൾ** ശേഖരിക്കാം.";"या स्तरात जास्तीत जास्त \*\*%lld मधाच्या बरण्या\*\* गोळा करता येतील.";"Энэ түвшинд **%lld балтай сав** цуглуулж болно.";"यो लेभलमा बढीमा **%lld महका भाँडा** जम्मा गर्न सक्छौ।";"Du kan samle opptil **%lld honningkrukker** på dette nivået.";"На цьому рівні можна зібрати до \*\*%lld баночок меду\*\*.";"ଏହି ଲେଭେଲ୍‌ରେ ସର୍ବାଧିକ **%lld ମହୁ ପାତ୍ର** ସଂଗ୍ରହ କରିପାରିବ।";"بۇ دەرىجىدە **%lld قاچا ھەسەل** توپلىيالايسەن.";"Bu bosqichda ko‘pi bilan **%lld asal idishi** yig‘a olasan.";"در این مرحله تا **%lld ظرف عسل** می‌توانی جمع کنی.";"Na tym poziomie zbierzesz maks. **%lld słoików miodu**.";"Podes apanhar até **%lld frascos de mel** neste nível.";"ਇਸ ਲੈਵਲ ਵਿੱਚ ਵੱਧ ਤੋਂ ਵੱਧ **%lld ਸ਼ਹਿਦ ਦੇ ਘੜੇ** ਇਕੱਠੇ ਕਰ ਸਕਦੇ ਹੋ।";"Poți strânge până la **%lld borcane cu miere** în acest nivel.";"В этом уровне можно собрать до \*\*%lld горшочков мёда\*\*.";"U ovom nivou možeš sakupiti do **%lld teglica meda**.";"මේ මට්ටමේ **මී පැණි බඳුන් %lldක්** දක්වා එකතු කරන්න පුළුවන්.";"V tejto úrovni môžeš nazbierať až **%lld pohárikov medu**.";"V tej stopnji lahko zbereš največ **%lld lončkov medu**.";"Puedes conseguir hasta **%lld tarros de miel** en este nivel.";"Unaweza kukusanya hadi **vyungu %lld vya asali** katika kiwango hiki.";"இந்த நிலையில் அதிகபட்சம் **%lld தேன் குடுவை** சேகரிக்கலாம்.";"ఈ లెవెల్‌లో **%lld తేనె కుండలు** వరకు సేకరించవచ్చు.";"ด่านนี้เก็บ **น้ำผึ้ง %lld กระปุก** ได้สูงสุด";"རིམ་པ་འདིར་ཁྱེད་ཀྱིས **སྦྲང་རྩིའི་རྫ %lld** བསྡུ་ཐུབ།";"V této úrovni můžeš získat až **%lld sklenic medu**.";"Bu seviyede en fazla **%lld bal kavanozu** toplayabilirsin.";"اس لیول میں آپ زیادہ سے زیادہ **%lld شہد کے مرتبان** جمع کر سکتے ہیں۔";"Bạn có thể nhặt tối đa **%lld hũ mật ong** ở màn này.";"Gallwch gasglu hyd at **%lld pot mêl** yn y lefel hon.";"Тут можна сабраць да **%lld слоікаў мёду**.";"Ungaqoqa **izimbiza zoju ezingu-%lld** kuleli zinga.";"Du kan samla upp till **%lld honungsburkar** på den här nivån."
"levelIntro.cardsBullet.kibble %lld";"";"A bullet on the level-intro card, wrapping over two lines. Aim for 84 characters or fewer. Keep 1× %lld (a number). **Double asterisks** mark bold. Keep exactly one pair, around whichever words carry the emphasis in your language — not necessarily the same words as in English. The count is always 20, 30, 40 or 50 (GameConfig level maximums), which every language treats alike, so this needs no other plural form.";"You can collect up to **%lld dog biscuits** in this level.";"Je kunt in dit level maximaal **%lld hondenkoekjes** verzamelen.";"Jy kan tot \*\*%lld hondekoekies\*\* in hierdie vlak versamel.";"Mund të mbledhësh deri në **%lld biskota për qen** në këtë nivel.";"በዚህ ደረጃ እስከ **%lld የውሻ ብስኩት** መሰብሰብ ትችላለህ።";"يمكنك جمع حتى **%lld بسكويتة للكلاب** في هذا المستوى.";"Այս մակարդակում կարող ես հավաքել մինչև **%lld շան թխվածք**։";"এই লেভেলত সৰ্বাধিক **%lld কুকুৰৰ বিস্কুট** গোটাব পাৰিবা।";"Bu səviyyədə ən çox **%lld it peçenyesi** toplaya bilərsən.";"Maila honetan gehienez \*\*%lld txakur-gaileta\*\* bil ditzakezu.";"এই লেভেলে সর্বোচ্চ **%lldটি কুকুরের বিস্কুট** সংগ্রহ করতে পারো।";"ဒီအဆင့်မှာ **ခွေးမုန့် %lld ခု** အထိ စုလို့ရတယ်။";"U ovom nivou možeš skupiti do **%lld psećih keksa**.";"Можеш да събереш до **%lld кучешки бисквитки** в това ниво.";"Pots recollir fins a **%lld galetes de gos** en aquest nivell.";"本关最多可收集 \*\*%lld 块狗饼干\*\*。";"Du kan samle op til **%lld hundekiks** på dette niveau.";"Du kannst hier bis zu **%lld Hundekekse** sammeln.";"Selles tasemes saad koguda kuni **%lld koeraküpsist**.";"Tú kanst savna upp í **%lld hundakex** í hesum stigi.";"Voit kerätä tässä tasossa enintään **%lld koirankeksiä**.";"Tu peux ramasser jusqu’à **%lld biscuits pour chien** dans ce niveau.";"Neste nivel podes recoller ata \*\*%lld galletas para cans\*\*.";"ამ დონეზე მაქსიმუმ \*\*%lld ძაღლის ორცხობილა\*\* შეგიძლია შეაგროვო.";"Μάζεψε έως **%lld μπισκότα σκύλου** σε αυτό το επίπεδο.";"આ લેવલમાં વધુમાં વધુ **%lld કૂતરાના બિસ્કિટ** ભેગા કરી શકો.";"אפשר לאסוף עד **%lld עוגיות לכלבים** בשלב הזה.";"इस लेवल में **%lld कुत्ते के बिस्कुट** तक इकट्ठे कर सकते हो।";"Ezen a pályán akár **%lld kutyakekszet** is gyűjthetsz.";"Is féidir leat suas le **%lld briosca madra** a bhailiú sa leibhéal seo.";"Þú getur safnað allt að **%lld hundakexum** í þessu borði.";"Kamu bisa mengumpulkan hingga \*\*%lld biskuit anjing\*\* di level ini.";"Puoi raccogliere fino a **%lld biscotti per cani** in questo livello.";"このレベルで\*\*%lldこの犬のおやつ\*\*を集められるよ。";"ಈ ಹಂತದಲ್ಲಿ ಗರಿಷ್ಠ **%lld ನಾಯಿ ಬಿಸ್ಕತ್‌ಗಳನ್ನು** ಸಂಗ್ರಹಿಸಬಹುದು.";"Бұл деңгейде **%lld ит печеньесіне** дейін жинай аласың.";"អ្នកអាចប្រមូលបានរហូតដល់ **នំឆ្កែ %lld** ក្នុងលេវែលនេះ។";"이 레벨에서 **강아지 간식 %lld개**까지 모을 수 있어요.";"U ovoj razini možeš skupiti do **%lld psećih keksa**.";"ດ່ານນີ້ເກັບໄດ້ສູງສຸດ **%lld ຂະໜົມໝາ**.";"Šajā līmenī vari savākt ne vairāk kā **%lld suņu cepumu**.";"Šiame lygyje gali surinkti iki **%lld šunų skanėstų**.";"Во ова ниво можеш да собереш до **%lld кучешки бисквити**.";"Kamu boleh kumpul hingga **%lld biskut anjing** dalam tahap ini.";"ഈ ലെവലിൽ പരമാവധി **%lld നായ ബിസ്കറ്റുകൾ** ശേഖരിക്കാം.";"या स्तरात जास्तीत जास्त \*\*%lld कुत्र्यांची बिस्किटे\*\* गोळा करता येतील.";"Энэ түвшинд **%lld нохойн жигнэмэг** цуглуулж болно.";"यो लेभलमा बढीमा **%lld कुकुर बिस्कुट** जम्मा गर्न सक्छौ।";"Du kan samle opptil **%lld hundekjeks** på dette nivået.";"На цьому рівні можна зібрати до \*\*%lld собачих смаколиків\*\*.";"ଏହି ଲେଭେଲ୍‌ରେ ସର୍ବାଧିକ **%lld କୁକୁର ବିସ୍କୁଟ୍** ସଂଗ୍ରହ କରିପାରିବ।";"بۇ دەرىجىدە **%lld ئىت پېچىنىسى** توپلىيالايسەن.";"Bu bosqichda ko‘pi bilan **%lld it pechenyesi** yig‘a olasan.";"در این مرحله تا **%lld بیسکویت سگ** می‌توانی جمع کنی.";"Na tym poziomie zbierzesz maks. **%lld psich ciastek**.";"Podes apanhar até **%lld biscoitos para cães** neste nível.";"ਇਸ ਲੈਵਲ ਵਿੱਚ ਵੱਧ ਤੋਂ ਵੱਧ **%lld ਕੁੱਤੇ ਦੇ ਬਿਸਕੁਟ** ਇਕੱਠੇ ਕਰ ਸਕਦੇ ਹੋ।";"Poți strânge până la **%lld biscuiți pentru câini** în acest nivel.";"В этом уровне можно собрать до \*\*%lld собачьих печений\*\*.";"U ovom nivou možeš sakupiti do **%lld psećih keksića**.";"මේ මට්ටමේ **බලු බිස්කට් %lldක්** දක්වා එකතු කරන්න පුළුවන්.";"V tejto úrovni môžeš nazbierať až **%lld psích sušienok**.";"V tej stopnji lahko zbereš največ **%lld pasjih piškotov**.";"Puedes conseguir hasta **%lld galletas para perro** en este nivel.";"Unaweza kukusanya hadi **biskuti %lld za mbwa** katika kiwango hiki.";"இந்த நிலையில் அதிகபட்சம் **%lld நாய் பிஸ்கட்** சேகரிக்கலாம்.";"ఈ లెవెల్‌లో **%lld కుక్క బిస్కెట్లు** వరకు సేకరించవచ్చు.";"ด่านนี้เก็บ **ขนมสุนัข %lld ชิ้น** ได้สูงสุด";"རིམ་པ་འདིར་ཁྱེད་ཀྱིས **ཁྱི་ཟས %lld** བསྡུ་ཐུབ།";"V této úrovni můžeš získat až **%lld psích sušenek**.";"Bu seviyede en fazla **%lld köpek bisküvisi** toplayabilirsin.";"اس لیول میں آپ زیادہ سے زیادہ **%lld کتے کے بسکٹ** جمع کر سکتے ہیں۔";"Bạn có thể nhặt tối đa **%lld bánh cho chó** ở màn này.";"Gallwch gasglu hyd at **%lld bisged ci** yn y lefel hon.";"Тут можна сабраць да **%lld сабачых ласункаў**.";"Ungaqoqa **amabhisikidi ezinja angu-%lld** kuleli zinga.";"Du kan samla upp till **%lld hundkex** på den här nivån."
"levelIntro.cardsBullet.meat %lld";"";"A bullet on the level-intro card, wrapping over two lines. Aim for 84 characters or fewer. Keep 1× %lld (a number). **Double asterisks** mark bold. Keep exactly one pair, around whichever words carry the emphasis in your language — not necessarily the same words as in English. The count is always 20, 30, 40 or 50 (GameConfig level maximums), which every language treats alike, so this needs no other plural form.";"You can collect up to **%lld pieces of meat** in this level.";"Je kunt in dit level maximaal **%lld stukken vlees** verzamelen.";"Jy kan tot \*\*%lld stukke vleis\*\* in hierdie vlak versamel.";"Mund të mbledhësh deri në **%lld copa mishi** në këtë nivel.";"በዚህ ደረጃ እስከ **%lld የስጋ ቁራጭ** መሰብሰብ ትችላለህ።";"يمكنك جمع حتى **%lld قطعة لحم** في هذا المستوى.";"Այս մակարդակում կարող ես հավաքել մինչև **%lld կտոր միս**։";"এই লেভেলত সৰ্বাধিক **%lld মাংসৰ টুকুৰা** গোটাব পাৰিবা।";"Bu səviyyədə ən çox **%lld ət parçası** toplaya bilərsən.";"Maila honetan gehienez \*\*%lld haragi-zati\*\* bil ditzakezu.";"এই লেভেলে সর্বোচ্চ **%lldটি মাংসের টুকরো** সংগ্রহ করতে পারো।";"ဒီအဆင့်မှာ **အသားတုံး %lld တုံး** အထိ စုလို့ရတယ်။";"U ovom nivou možeš skupiti do **%lld komada mesa**.";"Можеш да събереш до **%lld парчета месо** в това ниво.";"Pots recollir fins a **%lld trossos de carn** en aquest nivell.";"本关最多可收集 \*\*%lld 块肉\*\*。";"Du kan samle op til **%lld kødstykker** på dette niveau.";"Du kannst hier bis zu **%lld Fleischstücke** sammeln.";"Selles tasemes saad koguda kuni **%lld lihatükki**.";"Tú kanst savna upp í **%lld kjøtbitar** í hesum stigi.";"Voit kerätä tässä tasossa enintään **%lld lihapalaa**.";"Tu peux ramasser jusqu’à **%lld morceaux de viande** dans ce niveau.";"Neste nivel podes recoller ata \*\*%lld anacos de carne\*\*.";"ამ დონეზე მაქსიმუმ \*\*%lld ნაჭერი ხორცი\*\* შეგიძლია შეაგროვო.";"Μάζεψε έως **%lld κομμάτια κρέας** σε αυτό το επίπεδο.";"આ લેવલમાં વધુમાં વધુ **%lld માંસના ટુકડા** ભેગા કરી શકો.";"אפשר לאסוף עד **%lld חתיכות בשר** בשלב הזה.";"इस लेवल में **%lld मांस के टुकड़े** तक इकट्ठे कर सकते हो।";"Ezen a pályán akár **%lld húsdarabot** is gyűjthetsz.";"Is féidir leat suas le **%lld píosa feola** a bhailiú sa leibhéal seo.";"Þú getur safnað allt að **%lld kjötbitum** í þessu borði.";"Kamu bisa mengumpulkan hingga \*\*%lld potong daging\*\* di level ini.";"Puoi raccogliere fino a **%lld pezzi di carne** in questo livello.";"このレベルで\*\*%lldこのお肉\*\*を集められるよ。";"ಈ ಹಂತದಲ್ಲಿ ಗರಿಷ್ಠ **%lld ಮಾಂಸದ ತುಂಡುಗಳನ್ನು** ಸಂಗ್ರಹಿಸಬಹುದು.";"Бұл деңгейде **%lld ет бөлігіне** дейін жинай аласың.";"អ្នកអាចប្រមូលបានរហូតដល់ **សាច់ %lld ដុំ** ក្នុងលេវែលនេះ។";"이 레벨에서 **고기 %lld조각**까지 모을 수 있어요.";"U ovoj razini možeš skupiti do **%lld komada mesa**.";"ດ່ານນີ້ເກັບໄດ້ສູງສຸດ **%lld ຊິ້ນຊີ້ນ**.";"Šajā līmenī vari savākt ne vairāk kā **%lld gaļas gabaliņu**.";"Šiame lygyje gali surinkti iki **%lld mėsos gabalėlių**.";"Во ова ниво можеш да собереш до **%lld парчиња месо**.";"Kamu boleh kumpul hingga **%lld ketul daging** dalam tahap ini.";"ഈ ലെവലിൽ പരമാവധി **%lld ഇറച്ചിക്കഷണങ്ങൾ** ശേഖരിക്കാം.";"या स्तरात जास्तीत जास्त \*\*%lld मांसाचे तुकडे\*\* गोळा करता येतील.";"Энэ түвшинд **%lld мах** цуглуулж болно.";"यो लेभलमा बढीमा **%lld मासुका टुक्रा** जम्मा गर्न सक्छौ।";"Du kan samle opptil **%lld kjøttbiter** på dette nivået.";"На цьому рівні можна зібрати до \*\*%lld шматків м’яса\*\*.";"ଏହି ଲେଭେଲ୍‌ରେ ସର୍ବାଧିକ **%lld ମାଂସ ଟୁକୁଡ଼ା** ସଂଗ୍ରହ କରିପାରିବ।";"بۇ دەرىجىدە **%lld پارچە گۆش** توپلىيالايسەن.";"Bu bosqichda ko‘pi bilan **%lld go‘sht bo‘lagi** yig‘a olasan.";"در این مرحله تا **%lld تکه گوشت** می‌توانی جمع کنی.";"Na tym poziomie zbierzesz maks. **%lld kawałków mięsa**.";"Podes apanhar até **%lld pedaços de carne** neste nível.";"ਇਸ ਲੈਵਲ ਵਿੱਚ ਵੱਧ ਤੋਂ ਵੱਧ **%lld ਮਾਸ ਦੇ ਟੁਕੜੇ** ਇਕੱਠੇ ਕਰ ਸਕਦੇ ਹੋ।";"Poți strânge până la **%lld bucăți de carne** în acest nivel.";"В этом уровне можно собрать до \*\*%lld кусочков мяса\*\*.";"U ovom nivou možeš sakupiti do **%lld komada mesa**.";"මේ මට්ටමේ **මස් කැබලි %lldක්** දක්වා එකතු කරන්න පුළුවන්.";"V tejto úrovni môžeš nazbierať až **%lld kúskov mäsa**.";"V tej stopnji lahko zbereš največ **%lld kosov mesa**.";"Puedes conseguir hasta **%lld trozos de carne** en este nivel.";"Unaweza kukusanya hadi **vipande %lld vya nyama** katika kiwango hiki.";"இந்த நிலையில் அதிகபட்சம் **%lld இறைச்சித் துண்டு** சேகரிக்கலாம்.";"ఈ లెవెల్‌లో **%lld మాంసం ముక్కలు** వరకు సేకరించవచ్చు.";"ด่านนี้เก็บ **เนื้อ %lld ชิ้น** ได้สูงสุด";"རིམ་པ་འདིར་ཁྱེད་ཀྱིས **ཤ་དུམ %lld** བསྡུ་ཐུབ།";"V této úrovni můžeš získat až **%lld kusů masa**.";"Bu seviyede en fazla **%lld et parçası** toplayabilirsin.";"اس لیول میں آپ زیادہ سے زیادہ **%lld گوشت کے ٹکڑے** جمع کر سکتے ہیں۔";"Bạn có thể nhặt tối đa **%lld miếng thịt** ở màn này.";"Gallwch gasglu hyd at **%lld darn o gig** yn y lefel hon.";"Тут можна сабраць да **%lld кавалкаў мяса**.";"Ungaqoqa **izingcezu zenyama ezingu-%lld** kuleli zinga.";"Du kan samla upp till **%lld köttbitar** på den här nivån."
"levelIntro.cardsBullet.peanut %lld";"";"A bullet on the level-intro card, wrapping over two lines. Aim for 76 characters or fewer. Keep 1× %lld (a number). **Double asterisks** mark bold. Keep exactly one pair, around whichever words carry the emphasis in your language — not necessarily the same words as in English. The count is always 20, 30, 40 or 50 (GameConfig level maximums), which every language treats alike, so this needs no other plural form.";"You can collect up to **%lld peanuts** in this level.";"Je kunt in dit level maximaal **%lld pinda's** verzamelen.";"Jy kan tot \*\*%lld grondboontjies\*\* in hierdie vlak versamel.";"Mund të mbledhësh deri në **%lld kikirikë** në këtë nivel.";"በዚህ ደረጃ እስከ **%lld ኦቾሎኒ** መሰብሰብ ትችላለህ።";"يمكنك جمع حتى **%lld حبة فول سوداني** في هذا المستوى.";"Այս մակարդակում կարող ես հավաքել մինչև **%lld գետնանուշ**։";"এই লেভেলত সৰ্বাধিক **%lld বাদাম** গোটাব পাৰিবা।";"Bu səviyyədə ən çox **%lld fıstıq** toplaya bilərsən.";"Maila honetan gehienez \*\*%lld kakahuete\*\* bil ditzakezu.";"এই লেভেলে সর্বোচ্চ **%lldটি চিনাবাদাম** সংগ্রহ করতে পারো।";"ဒီအဆင့်မှာ **မြေပဲ %lld စေ့** အထိ စုလို့ရတယ်။";"U ovom nivou možeš skupiti do **%lld kikirikija**.";"Можеш да събереш до **%lld фъстъка** в това ниво.";"Pots recollir fins a **%lld cacauets** en aquest nivell.";"本关最多可收集 \*\*%lld 颗花生\*\*。";"Du kan samle op til **%lld peanuts** på dette niveau.";"Du kannst hier bis zu **%lld Erdnüsse** sammeln.";"Selles tasemes saad koguda kuni **%lld maapähklit**.";"Tú kanst savna upp í **%lld jarðnøtir** í hesum stigi.";"Voit kerätä tässä tasossa enintään **%lld maapähkinää**.";"Tu peux ramasser jusqu’à **%lld cacahuètes** dans ce niveau.";"Neste nivel podes recoller ata \*\*%lld cacahuetes\*\*.";"ამ დონეზე მაქსიმუმ \*\*%lld მიწის თხილი\*\* შეგიძლია შეაგროვო.";"Μάζεψε έως **%lld φιστίκια** σε αυτό το επίπεδο.";"આ લેવલમાં વધુમાં વધુ **%lld શીંગદાણા** ભેગા કરી શકો.";"אפשר לאסוף עד **%lld בוטנים** בשלב הזה.";"इस लेवल में **%lld मूंगफली** तक इकट्ठी कर सकते हो।";"Ezen a pályán akár **%lld mogyorót** is gyűjthetsz.";"Is féidir leat suas le **%lld piseanna talún** a bhailiú sa leibhéal seo.";"Þú getur safnað allt að **%lld hnetum** í þessu borði.";"Kamu bisa mengumpulkan hingga \*\*%lld kacang\*\* di level ini.";"Puoi raccogliere fino a **%lld arachidi** in questo livello.";"このレベルで\*\*%lldこのピーナッツ\*\*を集められるよ。";"ಈ ಹಂತದಲ್ಲಿ ಗರಿಷ್ಠ **%lld ಕಡಲೆಕಾಯಿಗಳನ್ನು** ಸಂಗ್ರಹಿಸಬಹುದು.";"Бұл деңгейде **%lld жержаңғаққа** дейін жинай аласың.";"អ្នកអាចប្រមូលបានរហូតដល់ **សណ្ដែកដី %lld** ក្នុងលេវែលនេះ។";"이 레벨에서 **땅콩 %lld개**까지 모을 수 있어요.";"U ovoj razini možeš skupiti do **%lld kikirikija**.";"ດ່ານນີ້ເກັບໄດ້ສູງສຸດ **%lld ຖົ່ວດິນ**.";"Šajā līmenī vari savākt ne vairāk kā **%lld zemesriekstu**.";"Šiame lygyje gali surinkti iki **%lld žemės riešutų**.";"Во ова ниво можеш да собереш до **%lld кикирики**.";"Kamu boleh kumpul hingga **%lld kacang tanah** dalam tahap ini.";"ഈ ലെവലിൽ പരമാവധി **%lld നിലക്കടല** ശേഖരിക്കാം.";"या स्तरात जास्तीत जास्त \*\*%lld शेंगदाणे\*\* गोळा करता येतील.";"Энэ түвшинд **%lld газрын самар** цуглуулж болно.";"यो लेभलमा बढीमा **%lld बदाम** जम्मा गर्न सक्छौ।";"Du kan samle opptil **%lld peanøtter** på dette nivået.";"На цьому рівні можна зібрати до \*\*%lld арахісин\*\*.";"ଏହି ଲେଭେଲ୍‌ରେ ସର୍ବାଧିକ **%lld ବାଦାମ** ସଂଗ୍ରହ କରିପାରିବ।";"بۇ دەرىجىدە **%lld يەر ياڭىقى** توپلىيالايسەن.";"Bu bosqichda ko‘pi bilan **%lld yeryong‘oq** yig‘a olasan.";"در این مرحله تا **%lld بادام‌زمینی** می‌توانی جمع کنی.";"Na tym poziomie zbierzesz maks. **%lld orzeszków**.";"Podes apanhar até **%lld amendoins** neste nível.";"ਇਸ ਲੈਵਲ ਵਿੱਚ ਵੱਧ ਤੋਂ ਵੱਧ **%lld ਮੂੰਗਫਲੀਆਂ** ਇਕੱਠੀਆਂ ਕਰ ਸਕਦੇ ਹੋ।";"Poți strânge până la **%lld arahide** în acest nivel.";"В этом уровне можно собрать до \*\*%lld орешков\*\*.";"U ovom nivou možeš sakupiti do **%lld kikirikija**.";"මේ මට්ටමේ **රටකජු %lldක්** දක්වා එකතු කරන්න පුළුවන්.";"V tejto úrovni môžeš nazbierať až **%lld arašidov**.";"V tej stopnji lahko zbereš največ **%lld arašidov**.";"Puedes conseguir hasta **%lld cacahuetes** en este nivel.";"Unaweza kukusanya hadi **karanga %lld** katika kiwango hiki.";"இந்த நிலையில் அதிகபட்சம் **%lld வேர்க்கடலை** சேகரிக்கலாம்.";"ఈ లెవెల్‌లో **%lld వేరుశెనగలు** వరకు సేకరించవచ్చు.";"ด่านนี้เก็บ **ถั่วลิสง %lld เม็ด** ได้สูงสุด";"རིམ་པ་འདིར་ཁྱེད་ཀྱིས **ས་སྐྱེས %lld** བསྡུ་ཐུབ།";"V této úrovni můžeš získat až **%lld arašídů**.";"Bu seviyede en fazla **%lld yer fıstığı** toplayabilirsin.";"اس لیول میں آپ زیادہ سے زیادہ **%lld مونگ پھلیاں** جمع کر سکتے ہیں۔";"Bạn có thể nhặt tối đa **%lld hạt lạc** ở màn này.";"Gallwch gasglu hyd at **%lld cnau mwnci** yn y lefel hon.";"Тут можна сабраць да **%lld арахісаў**.";"Ungaqoqa **amantongomane angu-%lld** kuleli zinga.";"Du kan samla upp till **%lld jordnötter** på den här nivån."
"levelIntro.cardsBullet.pearl %lld";"";"A bullet on the level-intro card, wrapping over two lines. Aim for 75 characters or fewer. Keep 1× %lld (a number). **Double asterisks** mark bold. Keep exactly one pair, around whichever words carry the emphasis in your language — not necessarily the same words as in English. The count is always 20, 30, 40 or 50 (GameConfig level maximums), which every language treats alike, so this needs no other plural form.";"You can collect up to **%lld pearls** in this level.";"Je kunt in dit level maximaal **%lld parels** verzamelen.";"Jy kan tot \*\*%lld pêrels\*\* in hierdie vlak versamel.";"Mund të mbledhësh deri në **%lld perla** në këtë nivel.";"በዚህ ደረጃ እስከ **%lld ዕንቁ** መሰብሰብ ትችላለህ።";"يمكنك جمع حتى **%lld لؤلؤة** في هذا المستوى.";"Այս մակարդակում կարող ես հավաքել մինչև **%lld մարգարիտ**։";"এই লেভেলত সৰ্বাধিক **%lld মুকুতা** গোটাব পাৰিবা।";"Bu səviyyədə ən çox **%lld mirvari** toplaya bilərsən.";"Maila honetan gehienez \*\*%lld perla\*\* bil ditzakezu.";"এই লেভেলে সর্বোচ্চ **%lldটি মুক্তা** সংগ্রহ করতে পারো।";"ဒီအဆင့်မှာ **ပုလဲ %lld လုံး** အထိ စုလို့ရတယ်။";"U ovom nivou možeš skupiti do **%lld bisera**.";"Можеш да събереш до **%lld перли** в това ниво.";"Pots recollir fins a **%lld perles** en aquest nivell.";"本关最多可收集 \*\*%lld 颗珍珠\*\*。";"Du kan samle op til **%lld perler** på dette niveau.";"Du kannst hier bis zu **%lld Perlen** sammeln.";"Selles tasemes saad koguda kuni **%lld pärlit**.";"Tú kanst savna upp í **%lld perlur** í hesum stigi.";"Voit kerätä tässä tasossa enintään **%lld helmeä**.";"Tu peux ramasser jusqu’à **%lld perles** dans ce niveau.";"Neste nivel podes recoller ata \*\*%lld perlas\*\*.";"ამ დონეზე მაქსიმუმ \*\*%lld მარგალიტი\*\* შეგიძლია შეაგროვო.";"Μάζεψε έως **%lld μαργαριτάρια** σε αυτό το επίπεδο.";"આ લેવલમાં વધુમાં વધુ **%lld મોતી** ભેગાં કરી શકો.";"אפשר לאסוף עד **%lld פנינים** בשלב הזה.";"इस लेवल में **%lld मोती** तक इकट्ठे कर सकते हो।";"Ezen a pályán akár **%lld gyöngyöt** is gyűjthetsz.";"Is féidir leat suas le **%lld péarla** a bhailiú sa leibhéal seo.";"Þú getur safnað allt að **%lld perlum** í þessu borði.";"Kamu bisa mengumpulkan hingga \*\*%lld mutiara\*\* di level ini.";"Puoi raccogliere fino a **%lld perle** in questo livello.";"このレベルで\*\*%lldこの真珠\*\*を集められるよ。";"ಈ ಹಂತದಲ್ಲಿ ಗರಿಷ್ಠ **%lld ಮುತ್ತುಗಳನ್ನು** ಸಂಗ್ರಹಿಸಬಹುದು.";"Бұл деңгейде **%lld інжуге** дейін жинай аласың.";"អ្នកអាចប្រមូលបានរហូតដល់ **គុជ %lld** ក្នុងលេវែលនេះ។";"이 레벨에서 **진주 %lld개**까지 모을 수 있어요.";"U ovoj razini možeš skupiti do **%lld bisera**.";"ດ່ານນີ້ເກັບໄດ້ສູງສຸດ **%lld ໄຂ່ມຸກ**.";"Šajā līmenī vari savākt ne vairāk kā **%lld pērļu**.";"Šiame lygyje gali surinkti iki **%lld perlų**.";"Во ова ниво можеш да собереш до **%lld бисери**.";"Kamu boleh kumpul hingga **%lld mutiara** dalam tahap ini.";"ഈ ലെവലിൽ പരമാവധി **%lld മുത്തുകൾ** ശേഖരിക്കാം.";"या स्तरात जास्तीत जास्त \*\*%lld मोती\*\* गोळा करता येतील.";"Энэ түвшинд **%lld сувд** цуглуулж болно.";"यो लेभलमा बढीमा **%lld मोती** जम्मा गर्न सक्छौ।";"Du kan samle opptil **%lld perler** på dette nivået.";"На цьому рівні можна зібрати до \*\*%lld перлин\*\*.";"ଏହି ଲେଭେଲ୍‌ରେ ସର୍ବାଧିକ **%lld ମୋତି** ସଂଗ୍ରହ କରିପାରିବ।";"بۇ دەرىجىدە **%lld مەرۋايىت** توپلىيالايسەن.";"Bu bosqichda ko‘pi bilan **%lld marvarid** yig‘a olasan.";"در این مرحله تا **%lld مروارید** می‌توانی جمع کنی.";"Na tym poziomie zbierzesz maks. **%lld pereł**.";"Podes apanhar até **%lld pérolas** neste nível.";"ਇਸ ਲੈਵਲ ਵਿੱਚ ਵੱਧ ਤੋਂ ਵੱਧ **%lld ਮੋਤੀ** ਇਕੱਠੇ ਕਰ ਸਕਦੇ ਹੋ।";"Poți strânge până la **%lld perle** în acest nivel.";"В этом уровне можно собрать до \*\*%lld жемчужин\*\*.";"U ovom nivou možeš sakupiti do **%lld bisera**.";"මේ මට්ටමේ **මුතු %lldක්** දක්වා එකතු කරන්න පුළුවන්.";"V tejto úrovni môžeš nazbierať až **%lld perál**.";"V tej stopnji lahko zbereš največ **%lld biserov**.";"Puedes conseguir hasta **%lld perlas** en este nivel.";"Unaweza kukusanya hadi **lulu %lld** katika kiwango hiki.";"இந்த நிலையில் அதிகபட்சம் **%lld முத்து** சேகரிக்கலாம்.";"ఈ లెవెల్‌లో **%lld ముత్యాలు** వరకు సేకరించవచ్చు.";"ด่านนี้เก็บ **ไข่มุก %lld เม็ด** ได้สูงสุด";"རིམ་པ་འདིར་ཁྱེད་ཀྱིས **མུ་ཏིག %lld** བསྡུ་ཐུབ།";"V této úrovni můžeš získat až **%lld perel**.";"Bu seviyede en fazla **%lld inci** toplayabilirsin.";"اس لیول میں آپ زیادہ سے زیادہ **%lld موتی** جمع کر سکتے ہیں۔";"Bạn có thể nhặt tối đa **%lld viên ngọc trai** ở màn này.";"Gallwch gasglu hyd at **%lld perl** yn y lefel hon.";"Тут можна сабраць да **%lld жамчужын**.";"Ungaqoqa **amaparele angu-%lld** kuleli zinga.";"Du kan samla upp till **%lld pärlor** på den här nivån."
"levelIntro.cardsBullet.shrimp %lld";"";"A bullet on the level-intro card, wrapping over two lines. Aim for 77 characters or fewer. Keep 1× %lld (a number). **Double asterisks** mark bold. Keep exactly one pair, around whichever words carry the emphasis in your language — not necessarily the same words as in English. The count is always 20, 30, 40 or 50 (GameConfig level maximums), which every language treats alike, so this needs no other plural form.";"You can collect up to **%lld shrimp** in this level.";"Je kunt in dit level maximaal **%lld garnalen** verzamelen.";"Jy kan tot \*\*%lld garnale\*\* in hierdie vlak versamel.";"Mund të mbledhësh deri në **%lld karkaleca** në këtë nivel.";"በዚህ ደረጃ እስከ **%lld ሽሪምፕ** መሰብሰብ ትችላለህ።";"يمكنك جمع حتى **%lld روبيان** في هذا المستوى.";"Այս մակարդակում կարող ես հավաքել մինչև **%lld ծովախեցգետին**։";"এই লেভেলত সৰ্বাধিক **%lld চিংৰি** গোটাব পাৰিবা।";"Bu səviyyədə ən çox **%lld krevet** toplaya bilərsən.";"Maila honetan gehienez \*\*%lld ganba\*\* bil ditzakezu.";"এই লেভেলে সর্বোচ্চ **%lldটি চিংড়ি** সংগ্রহ করতে পারো।";"ဒီအဆင့်မှာ **ပုစွန် %lld ကောင်** အထိ စုလို့ရတယ်။";"U ovom nivou možeš skupiti do **%lld račića**.";"Можеш да събереш до **%lld скариди** в това ниво.";"Pots recollir fins a **%lld gambes** en aquest nivell.";"本关最多可收集 \*\*%lld 只虾\*\*。";"Du kan samle op til **%lld rejer** på dette niveau.";"Du kannst hier bis zu **%lld Garnelen** sammeln.";"Selles tasemes saad koguda kuni **%lld krevetti**.";"Tú kanst savna upp í **%lld rækjur** í hesum stigi.";"Voit kerätä tässä tasossa enintään **%lld katkarapua**.";"Tu peux ramasser jusqu’à **%lld crevettes** dans ce niveau.";"Neste nivel podes recoller ata \*\*%lld camaróns\*\*.";"ამ დონეზე მაქსიმუმ \*\*%lld კრევეტი\*\* შეგიძლია შეაგროვო.";"Μάζεψε έως **%lld γαρίδες** σε αυτό το επίπεδο.";"આ લેવલમાં વધુમાં વધુ **%lld ઝીંગા** ભેગા કરી શકો.";"אפשר לאסוף עד **%lld שרימפס** בשלב הזה.";"इस लेवल में **%lld झींगे** तक इकट्ठे कर सकते हो।";"Ezen a pályán akár **%lld garnélát** is gyűjthetsz.";"Is féidir leat suas le **%lld ribí róibéis** a bhailiú sa leibhéal seo.";"Þú getur safnað allt að **%lld rækjum** í þessu borði.";"Kamu bisa mengumpulkan hingga \*\*%lld udang\*\* di level ini.";"Puoi raccogliere fino a **%lld gamberetti** in questo livello.";"このレベルで\*\*%lldひきのエビ\*\*を集められるよ。";"ಈ ಹಂತದಲ್ಲಿ ಗರಿಷ್ಠ **%lld ಸೀಗಡಿಗಳನ್ನು** ಸಂಗ್ರಹಿಸಬಹುದು.";"Бұл деңгейде **%lld асшаянға** дейін жинай аласың.";"អ្នកអាចប្រមូលបានរហូតដល់ **បង្គា %lld** ក្នុងលេវែលនេះ។";"이 레벨에서 **새우 %lld마리**까지 모을 수 있어요.";"U ovoj razini možeš skupiti do **%lld kozica**.";"ດ່ານນີ້ເກັບໄດ້ສູງສຸດ **%lld ກຸ້ງ**.";"Šajā līmenī vari savākt ne vairāk kā **%lld garneļu**.";"Šiame lygyje gali surinkti iki **%lld krevečių**.";"Во ова ниво можеш да собереш до **%lld ракчиња**.";"Kamu boleh kumpul hingga **%lld udang** dalam tahap ini.";"ഈ ലെവലിൽ പരമാവധി **%lld ചെമ്മീൻ** ശേഖരിക്കാം.";"या स्तरात जास्तीत जास्त \*\*%lld कोळंब्या\*\* गोळा करता येतील.";"Энэ түвшинд **%lld сам хорхой** цуглуулж болно.";"यो लेभलमा बढीमा **%lld साना झिँगेमाछा** जम्मा गर्न सक्छौ।";"Du kan samle opptil **%lld reker** på dette nivået.";"На цьому рівні можна зібрати до \*\*%lld креветок\*\*.";"ଏହି ଲେଭେଲ୍‌ରେ ସର୍ବାଧିକ **%lld ଚିଙ୍ଗୁଡ଼ି** ସଂଗ୍ରହ କରିପାରିବ।";"بۇ دەرىجىدە **%lld راك** توپلىيالايسەن.";"Bu bosqichda ko‘pi bilan **%lld krevetka** yig‘a olasan.";"در این مرحله تا **%lld میگو** می‌توانی جمع کنی.";"Na tym poziomie zbierzesz maks. **%lld krewetek**.";"Podes apanhar até **%lld camarões** neste nível.";"ਇਸ ਲੈਵਲ ਵਿੱਚ ਵੱਧ ਤੋਂ ਵੱਧ **%lld ਝੀਂਗੇ** ਇਕੱਠੇ ਕਰ ਸਕਦੇ ਹੋ।";"Poți strânge până la **%lld creveți** în acest nivel.";"В этом уровне можно собрать до \*\*%lld креветок\*\*.";"U ovom nivou možeš sakupiti do **%lld račića**.";"මේ මට්ටමේ **ඉස්සන් %lldක්** දක්වා එකතු කරන්න පුළුවන්.";"V tejto úrovni môžeš nazbierať až **%lld kreviet**.";"V tej stopnji lahko zbereš največ **%lld kozic**.";"Puedes conseguir hasta **%lld gambas** en este nivel.";"Unaweza kukusanya hadi **uduvi %lld** katika kiwango hiki.";"இந்த நிலையில் அதிகபட்சம் **%lld இறால்** சேகரிக்கலாம்.";"ఈ లెవెల్‌లో **%lld రొయ్యలు** వరకు సేకరించవచ్చు.";"ด่านนี้เก็บ **กุ้ง %lld ตัว** ได้สูงสุด";"རིམ་པ་འདིར་ཁྱེད་ཀྱིས **ཤ་སྲིན %lld** བསྡུ་ཐུབ།";"V této úrovni můžeš získat až **%lld krevet**.";"Bu seviyede en fazla **%lld karides** toplayabilirsin.";"اس لیول میں آپ زیادہ سے زیادہ **%lld جھینگے** جمع کر سکتے ہیں۔";"Bạn có thể nhặt tối đa **%lld con tôm** ở màn này.";"Gallwch gasglu hyd at **%lld berdysen** yn y lefel hon.";"Тут можна сабраць да **%lld крэветак**.";"Ungaqoqa **izimfanzi ezingu-%lld** kuleli zinga.";"Du kan samla upp till **%lld räkor** på den här nivån."
"levelIntro.fractions.intro";"";"A bullet on the level-intro card, wrapping over two lines. Aim for 62 characters or fewer. **Double asterisks** mark bold. Keep exactly one pair, around whichever words carry the emphasis in your language — not necessarily the same words as in English.";"Sums where you **divide** a number.";"Sommen waarbij je een getal **deelt**.";"Somme waar jy 'n getal \*\*deel\*\*.";"Ushtrime ku **pjesëton** një numër.";"ቁጥርን **የምትከፍልባቸው** ስሌቶች።";"مسائل **تقسم** فيها عددًا.";"Օրինակներ, որտեղ թիվ ես **բաժանում**։";"য’ত তুমি এটা সংখ্যাক **ভাগ** কৰা অংক।";"Bir ədədi **böldüyün** misallar.";"Zenbaki bat \*\*zatitzen\*\* duten eragiketak.";"যেসব অঙ্কে একটি সংখ্যা দিয়ে **ভাগ** করো।";"ဂဏန်းတစ်ခုကို **စား**တဲ့ ပုစ္ဆာတွေ။";"Zadaci gdje broj **dijeliš**.";"Задачи, в които **делиш** число.";"Sumes on **divideixes** un nombre.";"把一个数\*\*除以\*\*另一个数。";"Regnestykker, hvor du **dividerer med** et tal.";"Aufgaben, bei denen du eine Zahl **teilst**.";"Tehted, kus sa arvu **jagad**.";"Uppgávur, har tú **deilir** eitt tal.";"Laskuja, joissa **jaat** luvun.";"Calculs où tu **divises** un nombre.";"Contas nas que \*\*divides\*\* un número.";"მაგალითები, სადაც რიცხვს \*\*ყოფ\*\*.";"Ασκήσεις όπου **διαιρείς** έναν αριθμό.";"જે દાખલામાં સંખ્યાને **ભાગો**.";"תרגילים שבהם **מחלקים** מספר.";"ऐसे सवाल जिनमें संख्या को **भाग** देते हो।";"Feladatok, ahol egy számot **elosztasz**.";"Suimeanna ina **roinneann tú** uimhir.";"Dæmi þar sem þú **deilir** tölu.";"Soal untuk \*\*membagi\*\* angka.";"Calcoli in cui **dividi** un numero.";"数を\*\*わる\*\*問題。";"ಸಂಖ್ಯೆಯನ್ನು **ಭಾಗಿಸುವ** ಲೆಕ್ಕಗಳು.";"Санды **бөлетін** есептер.";"លំហាត់ដែលអ្នក **ចែក** ចំនួនមួយ។";"숫자를 **나누는** 문제.";"Zadaci u kojima broj **dijeliš**.";"ໂຈດທີ່ເຈົ້າ **ຫານ** ຕົວເລກ.";"Uzdevumi, kuros skaitli **dali**.";"Uždaviniai, kuriuose skaičių **daliji**.";"Задачи каде **делиш** број.";"Soalan yang kamu **bahagi** nombor.";"ഒരു സംഖ്യ **ഹരിക്കുന്ന** കണക്കുകൾ.";"ज्यात संख्येला \*\*भागायचे\*\* अशी उदाहरणे.";"Тоог **хуваах** бодлогууд.";"एउटा संख्या **भाग गर्ने** हिसाब।";"Oppgaver der du **deler** et tall.";"Приклади, де треба \*\*ділити\*\* число.";"ଯେଉଁ ସମରେ ଏକ ସଂଖ୍ୟାକୁ **ଭାଗ** କର।";"بىر ساننى **بۆلىدىغان** مىساللار.";"Sonni **bo‘ladigan** misollar.";"تمرین‌هایی که در آن عددی را **تقسیم** می‌کنی.";"Działania, w których **dzielisz** liczbę.";"Contas em que **divides** um número.";"ਜਿੱਥੇ ਤੁਸੀਂ ਇੱਕ ਸੰਖਿਆ ਨੂੰ **ਭਾਗ** ਦਿੰਦੇ ਹੋ।";"Exerciții în care **împarți** un număr.";"Примеры, где нужно \*\*делить\*\* число.";"Zadaci u kojima **deliš** broj.";"අංකයක් **බෙදන** ගණන්.";"Príklady, kde číslo **delíš**.";"Računi, kjer število **deliš**.";"Sumas en las que **divides** un número.";"Maswali ya **kugawanya** namba.";"ஒரு எண்ணை **வகுக்கும்** கணக்குகள்.";"ఒక సంఖ్యను **భాగించే** లెక్కలు.";"โจทย์ที่ให้ **หาร** ตัวเลข";"གྲངས་ཤིག **བགོ་བའི** རྩིས།";"Příklady, kde číslem **dělíš**.";"Bir sayıyı **böldüğün** işlemler.";"وہ سوال جن میں آپ عدد کو **تقسیم** کرتے ہیں۔";"Bài toán **chia** một số.";"Symiau lle rwyt ti’n **rhannu** rhif.";"Прыклады, дзе трэба **дзяліць** лік.";"Izibalo lapho **uhlukanisa** inombolo.";"Tal där du **delar** ett tal."
"levelIntro.fractions.title %lld";"";"The level-intro card. Titles are set in a large heavy face and shrink rather than wrap, so short is better. Aim for 20 characters or fewer. Keep 1× %lld (a number).";"Divide by %lld";"Delen door %lld";"Deel deur %lld";"Pjesëto me %lld";"በ %lld ክፈል";"اقسم على %lld";"Բաժանել %lld-ի";"%lldৰে ভাগ";"%lld-ə böl";"Zatitu %lldz";"%lld দিয়ে ভাগ";"%lld နဲ့ စား";"Podijeli sa %lld";"Деление на %lld";"Divideix per %lld";"除以 %lld";"Divider med %lld";"Geteilt durch %lld";"Jaga %lld-ga";"Deil við %lld";"Jaa %lld:llä";"Diviser par %lld";"Dividir entre %lld";"გაყავი %lld-ზე";"Διαίρεσε με %lld";"%lld થી ભાગો";"חלקי %lld";"%lld से भाग";"Osztás %lld-del";"Roinn ar %lld";"Deila með %lld";"Bagi %lld";"Dividi per %lld";"%lldでわる";"%lldರಿಂದ ಭಾಗಿಸು";"%lld-ге бөлу";"ចែកនឹង %lld";"%lld로 나누기";"Podijeli s %lld";"ຫານດ້ວຍ %lld";"Dalīt ar %lld";"Dalyba iš %lld";"Дели со %lld";"Bahagi %lld";"%lld കൊണ്ട് ഹരിക്കുക";"%lld ने भागा";"%lld-д хуваа";"%lld ले भाग";"Del på %lld";"Ділити на %lld";"%lld ଦ୍ୱାରା ଭାଗ";"%lld گە بۆل";"%lld ga bo‘l";"تقسیم بر %lld";"Podziel przez %lld";"Dividir por %lld";"%lld ਨਾਲ ਭਾਗ";"Împarte la %lld";"Деление на %lld";"Podeli sa %lld";"%lld න් බෙදන්න";"Delenie %lld";"Deli z %lld";"Dividir entre %lld";"Gawanya kwa %lld";"%lld ஆல் வகு";"%lldతో భాగించు";"หารด้วย %lld";"%lld གིས་བགོ";"Dělit %lld";"%lld ile böl";"%lld سے تقسیم";"Chia cho %lld";"Rhannu â %lld";"Дзяліць на %lld";"Hlukanisa ngo-%lld";"Dela med %lld"
"levelIntro.levelRange %lld";"";"A bullet on the level-intro card, wrapping over two lines. Aim for 62 characters or fewer. Keep 1× %lld (a number). **Double asterisks** mark bold. Keep exactly one pair, around whichever words carry the emphasis in your language — not necessarily the same words as in English.";"Questions up to **level %lld**.";"Vragen t/m **level %lld**.";"Vrae tot en met \*\*vlak %lld\*\*.";"Pyetje deri në **nivelin %lld**.";"እስከ **ደረጃ %lld** ያሉ ጥያቄዎች።";"أسئلة حتى **المستوى %lld**.";"Հարցեր մինչև **%lld մակարդակ**։";"**লেভেল %lld**লৈকে প্ৰশ্ন।";"**%lld-ci səviyyəyə** qədər suallar.";"\*\*%lld. mailara\*\* arteko galderak.";"**লেভেল %lld** পর্যন্ত প্রশ্ন।";"**အဆင့် %lld** အထိ မေးခွန်းတွေ။";"Zadaci do **nivoa %lld**.";"Задачи до **ниво %lld**.";"Preguntes fins al **nivell %lld**.";"题目到\*\*第 %lld 关\*\*。";"Opgaver op til **niveau %lld**.";"Aufgaben bis **Level %lld**.";"Küsimused kuni **tasemeni %lld**.";"Uppgávur upp í **stig %lld**.";"Tehtäviä **tasolle %lld** asti.";"Questions jusqu’au **niveau %lld**.";"Preguntas ata o \*\*nivel %lld\*\*.";"კითხვები \*\*%lld დონემდე\*\*.";"Ασκήσεις έως **επίπεδο %lld**.";"**લેવલ %lld** સુધીના પ્રશ્નો.";"שאלות עד **שלב %lld**.";"**लेवल %lld** तक के सवाल।";"Kérdések **%lld. szintig**.";"Ceisteanna suas go **leibhéal %lld**.";"Spurningar upp að **borði %lld**.";"Soal hingga \*\*level %lld\*\*.";"Domande fino al **livello %lld**.";"\*\*レベル%lldまで\*\*の問題。";"**ಹಂತ %lld** ವರೆಗಿನ ಪ್ರಶ್ನೆಗಳು.";"**%lld-деңгейге** дейінгі сұрақтар.";"សំណួររហូតដល់ **លេវែល %lld**។";"**레벨 %lld**까지의 문제.";"Zadaci do **razine %lld**.";"ຄຳຖາມເຖິງ **ດ່ານ %lld**.";"Jautājumi līdz **%lld. līmenim**.";"Klausimai iki **%lld lygio**.";"Задачи до **ниво %lld**.";"Soalan hingga **tahap %lld**.";"**ലെവൽ %lld** വരെ ചോദ്യങ്ങൾ.";"\*\*स्तर %lld\*\* पर्यंतचे प्रश्न.";"**%lld-р түвшин** хүртэлх бодлогууд.";"**लेभल %lld** सम्मका प्रश्न।";"Oppgaver opptil **nivå %lld**.";"Завдання до \*\*рівня %lld\*\*.";"**ଲେଭେଲ୍ %lld** ପର୍ଯ୍ୟନ୍ତ ପ୍ରଶ୍ନ।";"**%lld-دەرىجىگىچە** سوئاللار.";"**%lld-bosqichgacha** savollar.";"سؤال‌ها تا **مرحله %lld**.";"Pytania do **poziomu %lld**.";"Perguntas até ao **nível %lld**.";"**ਲੈਵਲ %lld** ਤੱਕ ਦੇ ਸਵਾਲ।";"Întrebări până la **nivelul %lld**.";"Задания до \*\*уровня %lld\*\*.";"Zadaci do **nivoa %lld**.";"**%lld මට්ටම** දක්වා ප්‍රශ්න.";"Otázky až po **úroveň %lld**.";"Naloge do **stopnje %lld**.";"Preguntas hasta el **nivel %lld**.";"Maswali hadi **kiwango cha %lld**.";"**நிலை %lld** வரை கேள்விகள்.";"**లెవెల్ %lld** వరకు ప్రశ్నలు.";"คำถามถึง **ด่าน %lld**";"**རིམ་པ %lld** བར་གྱི་དྲི་བ།";"Otázky až do **úrovně %lld**.";"**%lld. seviyeye** kadar sorular.";"**لیول %lld** تک کے سوال۔";"Câu hỏi đến **màn %lld**.";"Cwestiynau hyd at **lefel %lld**.";"Заданні да **ўзроўню %lld**.";"Imibuzo kuze kufike **izinga %lld**.";"Frågor upp till **nivå %lld**."
"levelIntro.levelRange.first";"";"A bullet on the level-intro card, wrapping over two lines. Aim for 62 characters or fewer. **Double asterisks** mark bold. Keep exactly one pair, around whichever words carry the emphasis in your language — not necessarily the same words as in English.";"Questions from **level 1**.";"Vragen uit **level 1**.";"Vrae van \*\*vlak 1\*\*.";"Pyetje nga **niveli 1**.";"ከ **ደረጃ 1** የሚጀምሩ ጥያቄዎች።";"أسئلة من **المستوى 1**.";"Հարցեր՝ **1-ին մակարդակից**։";"**লেভেল 1**ৰ পৰা প্ৰশ্ন।";"**1-ci səviyyədən** suallar.";"\*\*1. mailako\*\* galderak.";"**লেভেল 1** থেকে প্রশ্ন।";"**အဆင့် 1** က မေးခွန်းတွေ။";"Zadaci iz **nivoa 1**.";"Задачи от **ниво 1**.";"Preguntes del **nivell 1**.";"来自\*\*第 1 关\*\*的题目。";"Opgaver fra **niveau 1**.";"Aufgaben aus **Level 1**.";"Küsimused **tasemelt 1**.";"Uppgávur frá **stigi 1**.";"Tehtäviä **tasolta 1**.";"Questions du **niveau 1**.";"Preguntas do \*\*nivel 1\*\*.";"კითხვები \*\*1-ლი დონიდან\*\*.";"Ασκήσεις από **επίπεδο 1**.";"**લેવલ 1** ના પ્રશ્નો.";"שאלות מ-**שלב 1**.";"**लेवल 1** के सवाल।";"Kérdések az **1. szintről**.";"Ceisteanna ó **leibhéal 1**.";"Spurningar frá **borði 1**.";"Soal dari \*\*level 1\*\*.";"Domande dal **livello 1**.";"\*\*レベル1\*\*の問題。";"**ಹಂತ 1**ರ ಪ್ರಶ್ನೆಗಳು.";"**1-деңгейден** сұрақтар.";"សំណួរចាប់ពី **លេវែល 1**។";"**레벨 1**부터의 문제.";"Zadaci od **razine 1**.";"ຄຳຖາມຈາກ **ດ່ານ 1**.";"Jautājumi no **1. līmeņa**.";"Klausimai nuo **1 lygio**.";"Задачи од **ниво 1**.";"Soalan dari **tahap 1**.";"**ലെവൽ 1** മുതൽ ചോദ്യങ്ങൾ.";"\*\*स्तर 1\*\* पासूनचे प्रश्न.";"**1-р түвшний** бодлогууд.";"**लेभल 1** का प्रश्न।";"Oppgaver fra **nivå 1**.";"Завдання з \*\*рівня 1\*\*.";"**ଲେଭେଲ୍ 1** ରୁ ପ୍ରଶ୍ନ।";"**1-دەرىجىدىن** سوئاللار.";"**1-bosqichdan** savollar.";"سؤال‌ها از **مرحله 1**.";"Pytania od **poziomu 1**.";"Perguntas do **nível 1**.";"**ਲੈਵਲ 1** ਦੇ ਸਵਾਲ।";"Întrebări de la **nivelul 1**.";"Задания из \*\*уровня 1\*\*.";"Zadaci od **nivoa 1**.";"**1 මට්ටමේ** ප්‍රශ්න.";"Otázky od **úrovne 1**.";"Naloge od **stopnje 1**.";"Preguntas del **nivel 1**.";"Maswali kutoka **kiwango cha 1**.";"**நிலை 1** முதல் கேள்விகள்.";"**లెవెల్ 1** నుంచి ప్రశ్నలు.";"คำถามจาก **ด่าน 1**";"**རིམ་པ 1** ནས་དྲི་བ།";"Otázky od **úrovně 1**.";"**1. seviyeden** sorular.";"**لیول 1** کے سوال۔";"Câu hỏi từ **màn 1**.";"Cwestiynau o **lefel 1**.";"Заданні **1-га ўзроўню**.";"Imibuzo esuka **ezingeni 1**.";"Frågor från **nivå 1**."
"levelIntro.mixed.intro";"";"A bullet on the level-intro card, wrapping over two lines. Aim for 89 characters or fewer. **Double asterisks** mark bold. Keep exactly one pair, around whichever words carry the emphasis in your language — not necessarily the same words as in English.";"**Everything mixed**: plus, minus, times, fractions and percentages.";"**Alles door elkaar**: plus, min, keer, breuken en procenten.";"\*\*Alles gemeng\*\*: plus, minus, maal, breuke en persentasies.";"**Gjithçka përzier**: plus, minus, shumëzim, thyesa dhe përqindje.";"**ሁሉም ተቀላቅሎ**፦ መደመር፣ መቀነስ፣ ማባዛት፣ ክፍልፋይ እና መቶኛ።";"**كل شيء مختلط**: جمع، طرح، ضرب، كسور ونِسَب مئوية.";"**Ամեն ինչ խառնված**՝ գումարում, հանում, բազմապատկում, կոտորակներ ու տոկոսներ։";"**সকলো মিহলি**: যোগ, বিয়োগ, পূৰণ, ভগ্নাংশ আৰু শতাংশ।";"**Hamısı qarışıq**: toplama, çıxma, vurma, kəsrlər və faizlər.";"\*\*Dena nahastuta\*\*: batuketak, kenketak, biderketak, zatikiak eta ehunekoak.";"**সব মিশিয়ে**: যোগ, বিয়োগ, গুণ, ভগ্নাংশ ও শতাংশ।";"**အားလုံးရော**: ပေါင်း၊ နုတ်၊ မြှောက်၊ အပိုင်းကိန်းနဲ့ ရာခိုင်နှုန်း။";"**Sve pomiješano**: plus, minus, puta, razlomci i procenti.";"**Всичко смесено**: плюс, минус, умножение, дроби и проценти.";"**Tot barrejat**: sumar, restar, multiplicar, fraccions i percentatges.";"\*\*全部混合\*\*：加、减、乘、分数和百分数。";"**Alt blandet**: plus, minus, gange, brøker og procenter.";"**Alles gemischt**: Plus, Minus, Mal, Brüche und Prozente.";"**Kõik segamini**: liitmine, lahutamine, korrutamine, murrud ja protsendid.";"**Alt blandað**: pluss, minus, ferðir, brot og prosent.";"**Kaikki sekaisin**: plus, miinus, kerto, murtoluvut ja prosentit.";"**Tout mélangé** : plus, moins, fois, fractions et pourcentages.";"\*\*Todo mesturado\*\*: sumar, restar, multiplicar, fraccións e porcentaxes.";"\*\*ყველაფერი არეული\*\*: პლუსი, მინუსი, გამრავლება, წილადები და პროცენტები.";"**Όλα μαζί**: πρόσθεση, αφαίρεση, πολλαπλασιασμός, κλάσματα και ποσοστά.";"**બધું મિક્સ**: સરવાળો, બાદબાકી, ગુણાકાર, અપૂર્ણાંક અને ટકા.";"**הכול מעורבב**: חיבור, חיסור, כפל, שברים ואחוזים.";"**सब मिला-जुला**: जोड़, घटाव, गुणा, भिन्न और प्रतिशत।";"**Minden vegyesen**: plusz, mínusz, szorzás, törtek és százalékok.";"**Gach rud measctha**: móide, lúide, iolrú, codáin agus céatadáin.";"**Allt í bland**: plús, mínus, margföldun, brot og prósentur.";"\*\*Semua campur\*\*: tambah, kurang, kali, pecahan, dan persen.";"**Tutto mescolato**: più, meno, per, frazioni e percentuali.";"\*\*ぜんぶミックス\*\*: たし算、ひき算、かけ算、分数、パーセント。";"**ಎಲ್ಲವೂ ಮಿಶ್ರ**: ಪ್ಲಸ್, ಮೈನಸ್, ಗುಣಾಕಾರ, ಭಿನ್ನರಾಶಿ ಮತ್ತು ಶೇಕಡಾ.";"**Бәрі аралас**: қосу, азайту, көбейту, бөлшектер мен пайыздар.";"**ចម្រុះទាំងអស់**៖ បូក ដក គុណ ប្រភាគ និងភាគរយ។";"**모두 섞어서**: 덧셈, 뺄셈, 곱셈, 분수, 백분율.";"**Sve pomiješano**: plus, minus, puta, razlomci i postoci.";"**ປົນກັນໝົດ**: ບວກ, ລົບ, ຄູນ, ເສດສ່ວນ ແລະ ເປີເຊັນ.";"**Viss sajaukts**: plusi, mīnusi, reizināšana, daļas un procenti.";"**Viskas sumaišyta**: pliusas, minusas, daugyba, trupmenos ir procentai.";"**Сè измешано**: плус, минус, множење, дропки и проценти.";"**Semua bercampur**: tambah, tolak, darab, pecahan dan peratus.";"**എല്ലാം കലർത്തി**: കൂട്ടൽ, കുറയ്ക്കൽ, ഗുണനം, ഭിന്നങ്ങൾ, ശതമാനം.";"\*\*सगळे मिसळून\*\*: बेरीज, वजाबाकी, गुणाकार, अपूर्णांक आणि टक्केवारी.";"**Бүгд холилдоно**: нэмэх, хасах, үржих, бутархай, хувь.";"**सबै मिसाएर**: जोड, घटाउ, गुणा, भिन्न र प्रतिशत।";"**Alt blandet**: pluss, minus, gange, brøk og prosent.";"\*\*Усе впереміш\*\*: плюс, мінус, множення, дроби й відсотки.";"**ସବୁ ମିଶିତ**: ଯୋଗ, ବିୟୋଗ, ଗୁଣ, ଭଗ୍ନାଂଶ ଓ ଶତକଡ଼ା।";"**ھەممىسى ئارىلاش**: قوشۇش، ئېلىش، كۆپەيتىش، كەسىر ۋە پىرسەنت.";"**Hammasi aralash**: qo‘shish, ayirish, ko‘paytirish, kasr va foizlar.";"**همه باهم**: جمع، تفریق، ضرب، کسر و درصد.";"**Wszystko razem**: plus, minus, razy, ułamki i procenty.";"**Tudo misturado**: somar, subtrair, multiplicar, frações e percentagens.";"**ਸਭ ਕੁਝ ਮਿਲਿਆ-ਜੁਲਿਆ**: ਜੋੜ, ਘਟਾਓ, ਗੁਣਾ, ਭਿੰਨਾਂ ਤੇ ਪ੍ਰਤੀਸ਼ਤ।";"**Totul amestecat**: plus, minus, ori, fracții și procente.";"\*\*Всё вперемешку\*\*: плюс, минус, умножение, дроби и проценты.";"**Sve pomešano**: sabiranje, oduzimanje, množenje, razlomci i procenti.";"**හැම දෙයක්ම මිශ්‍රයි**: එකතු, අඩු, ගුණ, භාග සහ ප්‍රතිශත.";"**Všetko zmiešané**: plus, mínus, násobenie, zlomky a percentá.";"**Vse pomešano**: plus, minus, krat, ulomki in odstotki.";"**Todo mezclado**: sumar, restar, multiplicar, fracciones y porcentajes.";"**Mchanganyiko wote**: jumlisha, toa, zidisha, sehemu na asilimia.";"**எல்லாம் கலந்து**: கூட்டல், கழித்தல், பெருக்கல், பின்னங்கள், சதவீதங்கள்.";"**అన్నీ కలిపి**: కూడిక, తీసివేత, గుణకారం, భిన్నాలు, శాతాలు.";"**รวมทุกอย่าง**: บวก ลบ คูณ เศษส่วน และเปอร์เซ็นต์";"**ཚང་མ་མཉམ་བསྲེས**: སྣོན། འཐེན། སྒྱུར། ཆ་ཤས། བརྒྱ་ཆ།";"**Všechno dohromady**: plus, mínus, krát, zlomky a procenta.";"**Hepsi karışık**: artı, eksi, çarpma, kesir ve yüzde.";"**سب ملا جلا**: جمع، تفریق، ضرب، کسر اور فیصد۔";"**Trộn tất cả**: cộng, trừ, nhân, phân số và phần trăm.";"**Popeth yn gymysg**: adio, tynnu, lluosi, ffracsiynau a chanrannau.";"**Усё ўперамешку**: плюс, мінус, множанне, дробы і працэнты.";"**Konke kuxubene**: hlanganisa, susa, phindaphinda, amafrakshini namaphesenti.";"**Allt blandat**: plus, minus, gånger, bråk och procent."
"levelIntro.mixed.title %lld";"";"The level-intro card. Titles are set in a large heavy face and shrink rather than wrap, so short is better. Aim for 20 characters or fewer. Keep 1× %lld (a number).";"Supermix %lld";"Supermix %lld";"Supermengsel %lld";"Supermix %lld";"ሱፐርሚክስ %lld";"مزيج خارق %lld";"Սուպերմիքս %lld";"ছুপাৰমিক্স %lld";"Superqarışıq %lld";"Supermix %lld";"সুপারমিক্স %lld";"အကုန်ရော %lld";"Supermiks %lld";"Супермикс %lld";"Supermix %lld";"超级混合 %lld";"Supermix %lld";"Supermix %lld";"Supermix %lld";"Supermix %lld";"Supermix %lld";"Supermix %lld";"Supermix %lld";"სუპერმიქსი %lld";"Σούπερ μιξ %lld";"સુપરમિક્સ %lld";"סופרמיקס %lld";"सुपरमिक्स %lld";"Szupermix %lld";"Sár-mheascán %lld";"Ofurblanda %lld";"Supermix %lld";"Supermix %lld";"スーパーミックス %lld";"ಸೂಪರ್‌ಮಿಕ್ಸ್ %lld";"Супераралас %lld";"Supermix %lld";"슈퍼믹스 %lld";"Supermiks %lld";"ຊູເປີມິກ %lld";"Supermix %lld";"Supermišinys %lld";"Супермикс %lld";"Supermix %lld";"സൂപ്പർമിക്സ് %lld";"सुपरमिक्स %lld";"Супермикс %lld";"सुपरमिक्स %lld";"Supermiks %lld";"Супермікс %lld";"ସୁପରମିକ୍ସ %lld";"Supermix %lld";"Supermix %lld";"سوپرمیکس %lld";"Supermix %lld";"Supermix %lld";"ਸੁਪਰਮਿਕਸ %lld";"Supermix %lld";"Супермикс %lld";"Supermiks %lld";"සුපර්මික්ස් %lld";"Supermix %lld";"Supermix %lld";"Supermix %lld";"Mchanganyiko %lld";"சூப்பர் மிக்ஸ் %lld";"సూపర్‌మిక్స్ %lld";"ซูเปอร์มิกซ์ %lld";"Supermix %lld";"Supermix %lld";"Süper miks %lld";"سپر مکس %lld";"Siêu trộn %lld";"Cymysgedd %lld";"Супермікс %lld";"Ingxube %lld";"Supermix %lld"
"levelIntro.mode.fractions.order";"";"A bullet on the level-intro card, wrapping over two lines. Aim for 62 characters or fewer. **Double asterisks** mark bold. Keep exactly one pair, around whichever words carry the emphasis in your language — not necessarily the same words as in English.";"Always a **single part** of a whole.";"Altijd **één deel** van een geheel.";"Altyd \*\*een deel\*\* van 'n geheel.";"Gjithmonë **një pjesë** e një të tëre.";"ሁልጊዜ ከአንድ ሙሉ **አንድ ክፍል**።";"دائمًا **جزء واحد** من الكل.";"Ամբողջի միշտ **մեկ մասը**։";"এটা সম্পূৰ্ণৰ **এটা অংশ**।";"Tamın həmişə **bir hissəsi**.";"Osotasun baten \*\*zati bakarra\*\* beti.";"সব সময় একটি পূর্ণের **একটি অংশ**।";"တစ်ခုလုံးရဲ့ **တစ်ပိုင်းပဲ**။";"Uvijek **jedan dio** cjeline.";"Винаги **една част** от цяло.";"Sempre **una sola part** d’un tot.";"总是一个整体的\*\*一部分\*\*。";"Altid **én del** af en helhed.";"Immer **ein Teil** eines Ganzen.";"Alati **üks osa** tervikust.";"Altíð **ein partur** av einum heili.";"Aina **yksi osa** kokonaisuudesta.";"Toujours **une seule part** d’un tout.";"Sempre \*\*unha soa parte\*\* dun todo.";"ყოველთვის მთელის \*\*ერთი ნაწილი\*\*.";"Πάντα **ένα μέρος** ενός όλου.";"આખાનો હંમેશાં **એક ભાગ**.";"תמיד **חלק אחד** מתוך שלם.";"पूरे का हमेशा **एक हिस्सा**।";"Mindig az egész **egyetlen része**.";"**Cuid amháin** d’iomlán i gcónaí.";"Alltaf **einn hluti** af heild.";"Selalu \*\*satu bagian\*\* dari keseluruhan.";"Sempre **una sola parte** di un intero.";"全体の\*\*1つの部分\*\*。";"ಒಟ್ಟಿನ **ಒಂದು ಭಾಗ** ಮಾತ್ರ.";"Бүтіннің әрқашан **бір бөлігі**.";"តែងតែជា **មួយផ្នែក** នៃទាំងមូល។";"전체의 **한 부분**만.";"Uvijek **jedan dio** cjeline.";"ເປັນ **ສ່ວນດຽວ** ຂອງທັງໝົດສະເໝີ.";"Vienmēr **viena daļa** no veselā.";"Visada **viena dalis** visumos.";"Секогаш **еден дел** од целина.";"Sentiasa **satu bahagian** daripada keseluruhan.";"മുഴുവന്റെ **ഒരു ഭാഗം** മാത്രം.";"पूर्णाचा नेहमी \*\*एकच भाग\*\*.";"Бүхлийн **нэг хэсэг**.";"पूरैको **एउटा भाग** मात्र।";"Alltid **én del** av en hel.";"Завжди \*\*одна частина\*\* цілого.";"ପୂର୍ଣ୍ଣର ସବୁବେଳେ **ଗୋଟିଏ ଭାଗ**।";"پۈتۈننىڭ ھەمىشە **بىر قىسمى**.";"Har doim butunning **bitta qismi**.";"همیشه **یک بخش** از یک کل.";"Zawsze **jedna część** całości.";"Sempre **uma só parte** de um todo.";"ਹਮੇਸ਼ਾਂ ਪੂਰੇ ਦਾ **ਇੱਕ ਹਿੱਸਾ**।";"Mereu **o singură parte** dintr-un întreg.";"Всегда \*\*одна часть\*\* целого.";"Uvek **jedan deo** celine.";"සම්පූර්ණයකින් හැමවිටම **එක් කොටසක්**.";"Vždy **jedna časť** celku.";"Vedno **en del** celote.";"Siempre **una sola parte** de un todo.";"Daima **sehemu moja** ya kitu kizima.";"ஒரு முழுமையின் **ஒரே ஒரு பகுதி**.";"మొత్తంలో ఎప్పుడూ **ఒక్క భాగం**.";"เป็น **ส่วนเดียว** ของทั้งหมดเสมอ";"ཆ་ཚང་ཞིག་གི **ཆ་ཤས་གཅིག** ཁོ་ན།";"Vždy jen **jedna část** celku.";"Her zaman bütünün **tek bir parçası**.";"ہمیشہ کسی کُل کا **ایک حصہ**۔";"Luôn là **một phần** của một tổng thể.";"Bob amser **un rhan** o gyfan.";"Заўсёды **адна частка** цэлага.";"Njalo **ingxenye eyodwa** yento ephelele.";"Alltid **en enda del** av en helhet."
"levelIntro.mode.fractions.random";"";"A bullet on the level-intro card, wrapping over two lines. Aim for 62 characters or fewer. **Double asterisks** mark bold. Keep exactly one pair, around whichever words carry the emphasis in your language — not necessarily the same words as in English.";"**One or more parts** of a whole.";"**Eén of meer delen** van een geheel.";"\*\*Een of meer dele\*\* van 'n geheel.";"**Një ose më shumë pjesë** të një të tëre.";"ከአንድ ሙሉ **አንድ ወይም ከዚያ በላይ ክፍሎች**።";"**جزء واحد أو أكثر** من الكل.";"Ամբողջի **մեկ կամ մի քանի մաս**։";"এটা সম্পূৰ্ণৰ **এটা বা অধিক অংশ**।";"Tamın **bir və ya bir neçə hissəsi**.";"Osotasun baten \*\*zati bat edo gehiago\*\*.";"একটি পূর্ণের **এক বা একাধিক অংশ**।";"တစ်ခုလုံးရဲ့ **တစ်ပိုင်း သို့မဟုတ် ပိုများ**။";"**Jedan ili više dijelova** cjeline.";"**Една или повече части** от цяло.";"**Una o més parts** d’un tot.";"整体的\*\*一份或多份\*\*。";"**En eller flere dele** af en helhed.";"**Ein oder mehrere Teile** eines Ganzen.";"**Üks või mitu osa** tervikust.";"**Ein ella fleiri partar** av einum heili.";"**Yksi tai useampi osa** kokonaisuudesta.";"**Une ou plusieurs parts** d’un tout.";"\*\*Unha ou máis partes\*\* dun todo.";"მთელის \*\*ერთი ან მეტი ნაწილი\*\*.";"**Ένα ή περισσότερα μέρη** ενός όλου.";"આખાના **એક કે વધુ ભાગો**.";"**חלק אחד או יותר** מתוך שלם.";"पूरे के **एक या अधिक हिस्से**।";"Az egész **egy vagy több része**.";"**Cuid amháin nó níos mó** d’iomlán.";"**Einn eða fleiri hlutar** af heild.";"\*\*Satu atau lebih bagian\*\* dari keseluruhan.";"**Una o più parti** di un intero.";"全体の\*\*1つ以上の部分\*\*。";"ಒಟ್ಟಿನ **ಒಂದು ಅಥವಾ ಹೆಚ್ಚು ಭಾಗಗಳು**.";"Бүтіннің **бір не бірнеше бөлігі**.";"**មួយ ឬច្រើនផ្នែក** នៃទាំងមូល។";"전체의 **한 부분 이상**.";"**Jedan ili više dijelova** cjeline.";"**ໜຶ່ງ ຫຼື ຫຼາຍສ່ວນ** ຂອງທັງໝົດ.";"**Viena vai vairākas daļas** no veselā.";"**Viena ar kelios dalys** visumos.";"**Еден или повеќе делови** од целина.";"**Satu atau lebih bahagian** daripada keseluruhan.";"മുഴുവന്റെ **ഒന്നോ അതിലധികമോ ഭാഗങ്ങൾ**.";"पूर्णाचे \*\*एक किंवा अधिक भाग\*\*.";"Бүхлийн **нэг эсвэл хэдэн хэсэг**.";"पूरैको **एक वा बढी भाग**।";"**Én eller flere deler** av en hel.";"\*\*Одна чи кілька частин\*\* цілого.";"ପୂର୍ଣ୍ଣର **ଗୋଟିଏ କିମ୍ବା ଅଧିକ ଭାଗ**।";"پۈتۈننىڭ **بىر ياكى كۆپ قىسمى**.";"Butunning **bir yoki bir nechta qismi**.";"**یک یا چند بخش** از یک کل.";"**Jedna lub kilka części** całości.";"**Uma ou mais partes** de um todo.";"ਪੂਰੇ ਦੇ **ਇੱਕ ਜਾਂ ਵੱਧ ਹਿੱਸੇ**।";"**Una sau mai multe părți** dintr-un întreg.";"\*\*Одна или несколько частей\*\* целого.";"**Jedan ili više delova** celine.";"සම්පූර්ණයකින් **කොටස් එකක් හෝ වැඩි**.";"**Jedna alebo viac častí** celku.";"**En ali več delov** celote.";"**Una o más partes** de un todo.";"**Sehemu moja au zaidi** za kitu kizima.";"ஒரு முழுமையின் **ஒன்று அல்லது பல பகுதிகள்**.";"మొత్తంలో **ఒకటి లేదా ఎక్కువ భాగాలు**.";"**หนึ่งส่วนขึ้นไป** ของทั้งหมด";"ཆ་ཚང་ཞིག་གི **ཆ་ཤས་གཅིག་གམ་མང་པོ**།";"**Jedna nebo více částí** celku.";"Bütünün **bir veya daha fazla parçası**.";"کسی کُل کے **ایک یا زیادہ حصے**۔";"**Một hoặc nhiều phần** của một tổng thể.";"**Un rhan neu fwy** o gyfan.";"**Адна ці некалькі частак** цэлага.";"**Ingxenye eyodwa noma ngaphezulu** yento ephelele.";"**En eller flera delar** av en helhet."
"levelIntro.mode.order";"";"A bullet on the level-intro card, wrapping over two lines. Aim for 62 characters or fewer. **Double asterisks** mark bold. Keep exactly one pair, around whichever words carry the emphasis in your language — not necessarily the same words as in English.";"Questions in a **fixed order**.";"Vragen in **vaste volgorde**.";"Vrae in 'n \*\*vaste volgorde\*\*.";"Pyetje në **rend të caktuar**.";"ጥያቄዎች **በቋሚ ቅደም ተከተል**።";"الأسئلة **بترتيب ثابت**.";"Հարցերը՝ **հաստատուն հերթով**։";"প্ৰশ্ন **নিৰ্দিষ্ট ক্ৰমত**।";"Suallar **sabit ardıcıllıqla**.";"Galderak \*\*ordena finkoan\*\*.";"প্রশ্নগুলো **নির্দিষ্ট ক্রমে**।";"**အစဉ်လိုက်** မေးခွန်းတွေ။";"Zadaci **stalnim redom**.";"Задачи в **точен ред**.";"Preguntes en **ordre fix**.";"题目按\*\*固定顺序\*\*出现。";"Opgaver i **fast rækkefølge**.";"Aufgaben in **fester Reihenfolge**.";"Küsimused **kindlas järjekorras**.";"Uppgávur í **føstum raðfylgi**.";"Tehtävät **tietyssä järjestyksessä**.";"Questions dans un **ordre fixe**.";"Preguntas nunha \*\*orde fixa\*\*.";"კითხვები \*\*ფიქსირებული რიგით\*\*.";"Ασκήσεις σε **σταθερή σειρά**.";"પ્રશ્નો **નક્કી ક્રમમાં**.";"שאלות ב**סדר קבוע**.";"सवाल **तय क्रम** में।";"Kérdések **rögzített sorrendben**.";"Ceisteanna in **ord seasta**.";"Spurningar í **fastri röð**.";"Soal dalam \*\*urutan tetap\*\*.";"Domande in **ordine fisso**.";"問題は\*\*決まった順番\*\*。";"ಪ್ರಶ್ನೆಗಳು **ನಿಗದಿತ ಕ್ರಮದಲ್ಲಿ**.";"Сұрақтар **ретімен** келеді.";"សំណួរតាម **លំដាប់ថេរ**។";"**정해진 순서**로 문제.";"Zadaci **stalnim redom**.";"ຄຳຖາມຕາມ **ລຳດັບຄົງທີ່**.";"Uzdevumi **noteiktā secībā**.";"Klausimai **nustatyta tvarka**.";"Задачи по **фиксен редослед**.";"Soalan dalam **susunan tetap**.";"ചോദ്യങ്ങൾ **നിശ്ചിത ക്രമത്തിൽ**.";"प्रश्न \*\*ठरलेल्या क्रमाने\*\*.";"Бодлогууд **тогтсон дарааллаар**.";"प्रश्न **निश्चित क्रममा**।";"Oppgaver i **fast rekkefølge**.";"Завдання у \*\*сталому порядку\*\*.";"ପ୍ରଶ୍ନ **ନିର୍ଦ୍ଦିଷ୍ଟ କ୍ରମରେ**।";"سوئاللار **مۇقىم تەرتىپتە**.";"Savollar **doimiy tartibda**.";"سؤال‌ها با **ترتیب ثابت**.";"Pytania w **stałej kolejności**.";"Perguntas em **ordem fixa**.";"ਸਵਾਲ **ਤੈਅ ਕ੍ਰਮ** ਵਿੱਚ।";"Întrebări în **ordine fixă**.";"Задания в \*\*заданном порядке\*\*.";"Zadaci po **utvrđenom redosledu**.";"ප්‍රශ්න **නියමිත පිළිවෙළට**.";"Otázky v **pevnom poradí**.";"Naloge v **določenem vrstnem redu**.";"Preguntas en **orden fijo**.";"Maswali kwa **mpangilio maalum**.";"கேள்விகள் **ஒரே வரிசையில்**.";"ప్రశ్నలు **ఒకే క్రమంలో**.";"คำถามเรียง **ตามลำดับ**";"དྲི་བ **གོ་རིམ་གཏན་འཁེལ** ནང་།";"Otázky v **pevném pořadí**.";"Sorular **sabit sırada**.";"سوال **مقررہ ترتیب** میں۔";"Câu hỏi theo **thứ tự cố định**.";"Cwestiynau mewn **trefn benodol**.";"Заданні ў **пэўным парадку**.";"Imibuzo **ngokulandelana okufanayo**.";"Frågor i **fast ordning**."
"levelIntro.mode.percentages.order";"";"A bullet on the level-intro card, wrapping over two lines. Aim for 62 characters or fewer. **Double asterisks** mark bold. Keep exactly one pair, around whichever words carry the emphasis in your language — not necessarily the same words as in English.";"Answers **without decimals**.";"Antwoorden **zonder komma**.";"Antwoorde \*\*sonder kommas\*\*.";"Përgjigje **pa presje dhjetore**.";"መልሶች **ያለ ዴሲማል**።";"إجابات **بلا أعداد عشرية**.";"Պատասխաններ՝ **առանց տասնորդականի**։";"উত্তৰ **দশমিক নোহোৱাকৈ**।";"Cavablar **ondalıqsız**.";"Erantzunak \*\*hamartarrik gabe\*\*.";"উত্তর **দশমিক ছাড়া**।";"**ဒဿမမပါ**တဲ့ အဖြေတွေ။";"Odgovori **bez decimala**.";"Отговори **без десетични числа**.";"Respostes **sense decimals**.";"答案\*\*没有小数\*\*。";"Svar **uden decimaler**.";"Antworten **ohne Komma**.";"Vastused **ilma komakohata**.";"Svar **uttan desimaltøl**.";"Vastaukset **ilman desimaaleja**.";"Réponses **sans décimales**.";"Respostas \*\*sen decimais\*\*.";"პასუხები \*\*ათწილადების გარეშე\*\*.";"Απαντήσεις **χωρίς δεκαδικά**.";"જવાબો **દશાંશ વગર**.";"תשובות **בלי עשרוניים**.";"जवाब **दशमलव के बिना**।";"Válaszok **tizedesek nélkül**.";"Freagraí **gan deachúlacha**.";"Svör **án aukastafa**.";"Jawaban \*\*tanpa desimal\*\*.";"Risposte **senza decimali**.";"答えは\*\*小数なし\*\*。";"ಉತ್ತರಗಳು **ದಶಮಾಂಶವಿಲ್ಲದೆ**.";"Жауаптар **ондық бөлшексіз**.";"ចម្លើយ **គ្មានទសភាគ**។";"**소수 없이** 답하기.";"Odgovori **bez decimala**.";"ຄຳຕອບ **ບໍ່ມີທົດສະນິຍົມ**.";"Atbildes **bez komatiem**.";"Atsakymai **be dešimtainių**.";"Одговори **без децимали**.";"Jawapan **tanpa perpuluhan**.";"**ദശാംശമില്ലാത്ത** ഉത്തരങ്ങൾ.";"उत्तरे \*\*दशांशाशिवाय\*\*.";"Хариу **аравтын бутархайгүй**.";"उत्तर **दशमलव बिना**।";"Svar **uten desimaler**.";"Відповіді \*\*без десяткових дробів\*\*.";"ଉତ୍ତର **ଦଶମିକ ବିନା**।";"جاۋابلار **ئونلۇقسىز**.";"Javoblar **o‘nli kasrsiz**.";"جواب‌ها **بدون اعشار**.";"Odpowiedzi **bez części dziesiętnych**.";"Respostas **sem decimais**.";"ਜਵਾਬ **ਦਸ਼ਮਲਵ ਤੋਂ ਬਿਨਾਂ**।";"Răspunsuri **fără zecimale**.";"Ответы \*\*без десятичных дробей\*\*.";"Odgovori **bez decimala**.";"පිළිතුරු **දශම නැතුව**.";"Odpovede **bez desatinných čísel**.";"Odgovori **brez decimalk**.";"Respuestas **sin decimales**.";"Majibu **bila desimali**.";"பதில்கள் **தசமம் இல்லாமல்**.";"సమాధానాలు **దశాంశాలు లేకుండా**.";"คำตอบ **ไม่มีทศนิยม**";"ལན **གྲངས་ཆུང་མེད་པ**།";"Odpovědi **bez desetinných čísel**.";"Cevaplar **ondalıksız**.";"جواب **اعشاریہ کے بغیر**۔";"Đáp án **không có số thập phân**.";"Atebion **heb ddegolion**.";"Адказы **без дзесятковых дробаў**.";"Izimpendulo **ezingenawo amadesimali**.";"Svar **utan decimaler**."
"levelIntro.mode.percentages.random";"";"A bullet on the level-intro card, wrapping over two lines. Aim for 62 characters or fewer. **Double asterisks** mark bold. Keep exactly one pair, around whichever words carry the emphasis in your language — not necessarily the same words as in English.";"Also answers **with decimals**.";"Ook antwoorden **met een komma**.";"Ook antwoorde \*\*met kommas\*\*.";"Edhe përgjigje **me presje dhjetore**.";"መልሶች **ከዴሲማል ጋር**ም።";"وأيضًا إجابات **بأعداد عشرية**.";"Նաև պատասխաններ՝ **տասնորդականներով**։";"উত্তৰ **দশমিকৰ সৈতেও**।";"Həm də **ondalıqlı** cavablar.";"Erantzunak ere \*\*hamartarrekin\*\*.";"উত্তর **দশমিকসহও**।";"**ဒဿမပါတဲ့** အဖြေတွေလည်း။";"I odgovori **s decimalama**.";"И отговори **с десетични числа**.";"També respostes **amb decimals**.";"答案也\*\*有小数\*\*。";"Også svar **med decimaler**.";"Auch Antworten **mit Komma**.";"Ka vastused **komakohaga**.";"Eisini svar **við desimaltølum**.";"Myös vastauksia **desimaaleilla**.";"Aussi des réponses **avec décimales**.";"Tamén respostas \*\*con decimais\*\*.";"პასუხები \*\*ათწილადებითაც\*\*.";"Και απαντήσεις **με δεκαδικά**.";"જવાબો **દશાંશ સાથે પણ**.";"גם תשובות **עם עשרוניים**.";"जवाब **दशमलव के साथ** भी।";"Válaszok **tizedesekkel is**.";"Freagraí **le deachúlacha** freisin.";"Einnig svör **með aukastöfum**.";"Juga jawaban \*\*dengan desimal\*\*.";"Anche risposte **con decimali**.";"\*\*小数の答え\*\*もあるよ。";"ಉತ್ತರಗಳು **ದಶಮಾಂಶದೊಂದಿಗೆ** ಕೂಡ.";"Жауаптар **ондық бөлшекпен** де.";"ចម្លើយក៏មាន **ទសភាគ**។";"**소수로도** 답하기.";"I odgovori **s decimalama**.";"ມີຄຳຕອບ **ທົດສະນິຍົມ** ດ້ວຍ.";"Arī atbildes **ar komatiem**.";"Taip pat atsakymai **su dešimtainiais**.";"И одговори **со децимали**.";"Juga jawapan **dengan perpuluhan**.";"**ദശാംശമുള്ള** ഉത്തരങ്ങളും.";"उत्तरे \*\*दशांशांसहही\*\*.";"Мөн **аравтын бутархайтай** хариу.";"उत्तर **दशमलवसहित पनि**।";"Også svar **med desimaler**.";"Також відповіді \*\*з десятковими дробами\*\*.";"ଉତ୍ତର **ଦଶମିକ ସହିତ ମଧ୍ୟ**।";"جاۋابلار **ئونلۇق بىلەنمۇ**.";"Javoblar **o‘nli kasr bilan** ham.";"جواب‌ها **با اعشار** هم هستند.";"Także odpowiedzi **dziesiętne**.";"Também respostas **com decimais**.";"ਜਵਾਬ **ਦਸ਼ਮਲਵ ਨਾਲ ਵੀ**।";"Și răspunsuri **cu zecimale**.";"Ответы и \*\*с десятичными дробями\*\*.";"I odgovori **sa decimalama**.";"**දශම සහිත** පිළිතුරුත්.";"Aj odpovede **s desatinnými číslami**.";"Tudi odgovori **z decimalkami**.";"También respuestas **con decimales**.";"Pia majibu **yenye desimali**.";"பதில்கள் **தசமத்துடனும்**.";"సమాధానాలు **దశాంశాలతో కూడా**.";"มีคำตอบ **แบบทศนิยม** ด้วย";"ལན **གྲངས་ཆུང་ཡོད་པ**།";"Také odpovědi **s desetinnými čísly**.";"**Ondalıklı** cevaplar da.";"جواب **اعشاریہ کے ساتھ بھی**۔";"Có cả đáp án **có số thập phân**.";"Atebion hefyd **gyda degolion**.";"Таксама адказы **з дзесятковымі дробамі**.";"Nezimpendulo **ezinamadesimali**.";"Även svar **med decimaler**."
"levelIntro.mode.random";"";"A bullet on the level-intro card, wrapping over two lines. Aim for 62 characters or fewer. **Double asterisks** mark bold. Keep exactly one pair, around whichever words carry the emphasis in your language — not necessarily the same words as in English.";"Questions in **random order**.";"Vragen **door elkaar**.";"Vrae in \*\*ewekansige volgorde\*\*.";"Pyetje në **rend të rastësishëm**.";"ጥያቄዎች **በዘፈቀደ ቅደም ተከተል**።";"الأسئلة **بترتيب عشوائي**.";"Հարցերը՝ **խառը հերթով**։";"প্ৰশ্ন **এলোমেলো ক্ৰমত**।";"Suallar **qarışıq sırada**.";"Galderak \*\*ausazko ordenan\*\*.";"প্রশ্নগুলো **এলোমেলো ক্রমে**।";"**ကျပန်းအစဉ်** မေးခွန်းတွေ။";"Zadaci **nasumičnim redom**.";"Задачи в **случаен ред**.";"Preguntes en **ordre aleatori**.";"题目\*\*随机出现\*\*。";"Opgaver i **tilfældig rækkefølge**.";"Aufgaben **durcheinander**.";"Küsimused **segamini**.";"Uppgávur í **tilvildarligum raðfylgi**.";"Tehtävät **satunnaisessa järjestyksessä**.";"Questions **dans le désordre**.";"Preguntas en \*\*orde aleatoria\*\*.";"კითხვები \*\*შემთხვევითი რიგით\*\*.";"Ασκήσεις σε **τυχαία σειρά**.";"પ્રશ્નો **મિક્સ ક્રમમાં**.";"שאלות ב**סדר אקראי**.";"सवाल **बेतरतीब क्रम** में।";"Kérdések **véletlen sorrendben**.";"Ceisteanna in **ord randamach**.";"Spurningar í **handahófsröð**.";"Soal dalam \*\*urutan acak\*\*.";"Domande in **ordine casuale**.";"問題は\*\*ランダム\*\*。";"ಪ್ರಶ್ನೆಗಳು **ಯಾದೃಚ್ಛಿಕ ಕ್ರಮದಲ್ಲಿ**.";"Сұрақтар **аралас ретпен**.";"សំណួរតាម **លំដាប់ចៃដន្យ**។";"**무작위 순서**로 문제.";"Zadaci **nasumičnim redom**.";"ຄຳຖາມ **ປົນກັນ**.";"Uzdevumi **jauktā secībā**.";"Klausimai **atsitiktine tvarka**.";"Задачи по **случаен редослед**.";"Soalan dalam **susunan rawak**.";"ചോദ്യങ്ങൾ **ക്രമമില്ലാതെ**.";"प्रश्न \*\*मिसळलेल्या क्रमाने\*\*.";"Бодлогууд **санамсаргүй дарааллаар**.";"प्रश्न **जथाभावी क्रममा**।";"Oppgaver i **tilfeldig rekkefølge**.";"Завдання \*\*впереміш\*\*.";"ପ୍ରଶ୍ନ **ଅନିୟମିତ କ୍ରମରେ**।";"سوئاللار **ئارىلاش تەرتىپتە**.";"Savollar **aralash tartibda**.";"سؤال‌ها **درهم** هستند.";"Pytania w **losowej kolejności**.";"Perguntas em **ordem aleatória**.";"ਸਵਾਲ **ਰਲਵੇਂ ਕ੍ਰਮ** ਵਿੱਚ।";"Întrebări în **ordine aleatoare**.";"Задания \*\*вразнобой\*\*.";"Zadaci **nasumičnim redom**.";"ප්‍රශ්න **අහඹු පිළිවෙළට**.";"Otázky v **náhodnom poradí**.";"Naloge v **naključnem vrstnem redu**.";"Preguntas en **orden aleatorio**.";"Maswali kwa **mpangilio wa nasibu**.";"கேள்விகள் **கலந்த வரிசையில்**.";"ప్రశ్నలు **కలగలిపి**.";"คำถาม **สลับลำดับ**";"དྲི་བ **གོ་རིམ་མེད་པ**།";"Otázky v **náhodném pořadí**.";"Sorular **karışık sırada**.";"سوال **بے ترتیب**۔";"Câu hỏi theo **thứ tự ngẫu nhiên**.";"Cwestiynau mewn **trefn ar hap**.";"Заданні **ўперамешку**.";"Imibuzo **ngokuxubana**.";"Frågor i **slumpad ordning**."
"levelIntro.percentages.intro";"";"A bullet on the level-intro card, wrapping over two lines. Aim for 62 characters or fewer. **Double asterisks** mark bold. Keep exactly one pair, around whichever words carry the emphasis in your language — not necessarily the same words as in English.";"Sums with **percentages**.";"Sommen met **procenten**.";"Somme met \*\*persentasies\*\*.";"Ushtrime me **përqindje**.";"**መቶኛ** ያላቸው ስሌቶች።";"مسائل فيها **نِسَب مئوية**.";"Օրինակներ՝ **տոկոսներով**։";"**শতাংশ**ৰ অংক।";"**Faizli** misallar.";"\*\*Ehunekoak\*\* dituzten eragiketak.";"**শতাংশের** অঙ্ক।";"**ရာခိုင်နှုန်း** ပါတဲ့ ပုစ္ဆာတွေ။";"Zadaci s **procentima**.";"Задачи с **проценти**.";"Sumes amb **percentatges**.";"\*\*百分数\*\*题。";"Regnestykker med **procenter**.";"Aufgaben mit **Prozenten**.";"Tehted **protsentidega**.";"Uppgávur við **prosentum**.";"Laskuja **prosenteilla**.";"Calculs avec des **pourcentages**.";"Contas con \*\*porcentaxes\*\*.";"მაგალითები \*\*პროცენტებით\*\*.";"Ασκήσεις με **ποσοστά**.";"**ટકા** વાળા દાખલા.";"תרגילים עם **אחוזים**.";"**प्रतिशत** वाले सवाल।";"Feladatok **százalékokkal**.";"Suimeanna le **céatadáin**.";"Dæmi með **prósentum**.";"Soal dengan \*\*persentase\*\*.";"Calcoli con **percentuali**.";"\*\*パーセント\*\*の問題。";"**ಶೇಕಡಾ** ಇರುವ ಲೆಕ್ಕಗಳು.";"**Пайыздары** бар есептер.";"លំហាត់មាន **ភាគរយ**។";"**백분율** 문제.";"Zadaci s **postocima**.";"ໂຈດທີ່ມີ **ເປີເຊັນ**.";"Uzdevumi ar **procentiem**.";"Uždaviniai su **procentais**.";"Задачи со **проценти**.";"Soalan dengan **peratus**.";"**ശതമാനങ്ങളുള്ള** കണക്കുകൾ.";"\*\*टक्केवारीची\*\* उदाहरणे.";"**Хувьтай** бодлогууд.";"**प्रतिशत** भएका हिसाब।";"Oppgaver med **prosent**.";"Приклади з \*\*відсотками\*\*.";"**ଶତକଡ଼ା** ସହିତ ସମ।";"**پىرسەنتلىك** مىساللار.";"**Foizli** misollar.";"تمرین‌های **درصدی**.";"Działania z **procentami**.";"Contas com **percentagens**.";"**ਪ੍ਰਤੀਸ਼ਤ** ਵਾਲੇ ਸਵਾਲ।";"Exerciții cu **procente**.";"Примеры с \*\*процентами\*\*.";"Zadaci sa **procentima**.";"**ප්‍රතිශත** ගණන්.";"Príklady s **percentami**.";"Računi z **odstotki**.";"Sumas con **porcentajes**.";"Maswali ya **asilimia**.";"**சதவீத** கணக்குகள்.";"**శాతాలతో** లెక్కలు.";"โจทย์ **เปอร์เซ็นต์**";"**བརྒྱ་ཆ** ཡོད་པའི་རྩིས།";"Příklady s **procenty**.";"**Yüzdeli** işlemler.";"**فیصد** والے سوال۔";"Bài toán về **phần trăm**.";"Symiau gyda **chanrannau**.";"Прыклады з **працэнтамі**.";"Izibalo **zamaphesenti**.";"Tal med **procent**."
"levelIntro.percentages.title %@";"";"The level-intro card. Titles are set in a large heavy face and shrink rather than wrap, so short is better. Aim for 21 characters or fewer. Keep 1× %@ (text substituted at runtime).";"%@ of a number";"%@ van een getal";"%@ van 'n getal";"%@ e një numri";"የቁጥር %@";"%@ من عدد";"Թվի %@-ը";"এটা সংখ্যাৰ %@";"Ədədin %@-i";"Zenbaki baten %@";"একটি সংখ্যার %@";"ဂဏန်းတစ်ခုရဲ့ %@";"%@ od broja";"%@ от число";"%@ d’un nombre";"一个数的 %@";"%@ af et tal";"%@ einer Zahl";"%@ arvust";"%@ av einum tali";"%@ luvusta";"%@ d’un nombre";"%@ dun número";"რიცხვის %@";"%@ ενός αριθμού";"સંખ્યાનું %@";"%@ ממספר";"संख्या का %@";"Egy szám %@-a";"%@ d’uimhir";"%@ af tölu";"%@ dari angka";"%@ di un numero";"数の%@";"ಸಂಖ್ಯೆಯ %@";"Санның %@-ы";"%@ នៃចំនួនមួយ";"숫자의 %@";"%@ od broja";"%@ ຂອງຕົວເລກ";"%@ no skaitļa";"%@ nuo skaičiaus";"%@ од број";"%@ daripada nombor";"ഒരു സംഖ്യയുടെ %@";"संख्येचे %@";"Тооны %@";"संख्याको %@";"%@ av et tall";"%@ від числа";"ଏକ ସଂଖ୍ୟାର %@";"ساننىڭ %@";"Sonning %@";"%@ از یک عدد";"%@ liczby";"%@ de um número";"ਕਿਸੇ ਸੰਖਿਆ ਦਾ %@";"%@ dintr-un număr";"%@ от числа";"%@ od broja";"අංකයක %@";"%@ z čísla";"%@ od števila";"%@ de un número";"%@ ya namba";"ஒரு எண்ணின் %@";"ఒక సంఖ్యలో %@";"%@ ของจำนวน";"གྲངས་ཤིག་གི %@";"%@ z čísla";"Sayının %@ kadarı";"کسی عدد کا %@";"%@ của một số";"%@ o rif";"%@ ад ліку";"%@ yenombolo";"%@ av ett tal"
"levelIntro.subtraction.intro";"";"A bullet on the level-intro card, wrapping over two lines. Aim for 62 characters or fewer. **Double asterisks** mark bold. Keep exactly one pair, around whichever words carry the emphasis in your language — not necessarily the same words as in English.";"Sums where you **take away** a number.";"Sommen waarbij je een getal **aftrekt**.";"Somme waar jy 'n getal \*\*aftrek\*\*.";"Ushtrime ku **zbret** një numër.";"ቁጥርን **የምትቀንስባቸው** ስሌቶች።";"مسائل **تطرح** فيها عددًا.";"Օրինակներ, որտեղ թիվ ես **հանում**։";"য’ত তুমি এটা সংখ্যা **বিয়োগ** কৰা অংক।";"Bir ədədi **çıxdığın** misallar.";"Zenbaki bat \*\*kentzen\*\* duten eragiketak.";"যেসব অঙ্কে একটি সংখ্যা **বিয়োগ** করো।";"ဂဏန်းတစ်ခုကို **နုတ်**တဲ့ ပုစ္ဆာတွေ။";"Zadaci gdje broj **oduzimaš**.";"Задачи, в които **изваждаш** число.";"Sumes on **restes** un nombre.";"从一个数中\*\*减去\*\*另一个数。";"Regnestykker, hvor du **trækker et tal fra**.";"Aufgaben, bei denen du eine Zahl **abziehst**.";"Tehted, kus sa arvu **lahutad**.";"Uppgávur, har tú **tekur frá**.";"Laskuja, joissa **vähennät** luvun.";"Calculs où tu **retires** un nombre.";"Contas nas que \*\*restas\*\* un número.";"მაგალითები, სადაც რიცხვს \*\*აკლებ\*\*.";"Ασκήσεις όπου **αφαιρείς** έναν αριθμό.";"જે દાખલામાં સંખ્યા **બાદ કરો**.";"תרגילים שבהם **מחסרים** מספר.";"ऐसे सवाल जिनमें संख्या **घटाते** हो।";"Feladatok, ahol egy számot **kivonsz**.";"Suimeanna ina **mbaineann tú** uimhir.";"Dæmi þar sem þú **dregur frá** tölu.";"Soal untuk \*\*mengurangi\*\* angka.";"Calcoli in cui **togli** un numero.";"数を\*\*ひく\*\*問題。";"ಸಂಖ್ಯೆಯನ್ನು **ಕಳೆಯುವ** ಲೆಕ್ಕಗಳು.";"Санды **азайтатын** есептер.";"លំហាត់ដែលអ្នក **ដក** ចំនួនមួយ។";"숫자를 **빼는** 문제.";"Zadaci u kojima broj **oduzimaš**.";"ໂຈດທີ່ເຈົ້າ **ລົບ** ຕົວເລກ.";"Uzdevumi, kuros skaitli **atņem**.";"Uždaviniai, kuriuose skaičių **atimi**.";"Задачи каде **одземаш** број.";"Soalan yang kamu **tolak** nombor.";"ഒരു സംഖ്യ **കുറയ്ക്കുന്ന** കണക്കുകൾ.";"ज्यात संख्या \*\*वजा करायची\*\* अशी उदाहरणे.";"Тоог **хасах** бодлогууд.";"एउटा संख्या **घटाउने** हिसाब।";"Oppgaver der du **trekker fra** et tall.";"Приклади, де треба \*\*відняти\*\* число.";"ଯେଉଁ ସମରେ ଏକ ସଂଖ୍ୟା **ବିୟୋଗ** କର।";"بىر ساننى **ئېلىۋېتىدىغان** مىساللار.";"Sonni **ayiradigan** misollar.";"تمرین‌هایی که در آن عددی را **کم** می‌کنی.";"Działania, w których **odejmujesz** liczbę.";"Contas em que **subtrais** um número.";"ਜਿੱਥੇ ਤੁਸੀਂ ਇੱਕ ਸੰਖਿਆ **ਘਟਾਉਂਦੇ** ਹੋ।";"Exerciții în care **scazi** un număr.";"Примеры, где нужно \*\*вычесть\*\* число.";"Zadaci u kojima **oduzimaš** broj.";"අංකයක් **අඩු කරන** ගණන්.";"Príklady, kde číslo **odčítaš**.";"Računi, kjer število **odšteješ**.";"Sumas en las que **restas** un número.";"Maswali ya **kutoa** namba.";"ஒரு எண்ணை **கழிக்கும்** கணக்குகள்.";"ఒక సంఖ్యను **తీసివేసే** లెక్కలు.";"โจทย์ที่ให้ **ลบ** ตัวเลข";"གྲངས་ཤིག **འཐེན་པའི** རྩིས།";"Příklady, kde číslo **odečítáš**.";"Bir sayıyı **çıkardığın** işlemler.";"وہ سوال جن میں آپ عدد **گھٹاتے** ہیں۔";"Bài toán **trừ** một số.";"Symiau lle rwyt ti’n **tynnu** rhif.";"Прыклады, дзе трэба **адняць** лік.";"Izibalo lapho **ususa** inombolo.";"Tal där du **tar bort** ett tal."
"levelIntro.subtraction.title %lld";"";"The level-intro card. Titles are set in a large heavy face and shrink rather than wrap, so short is better. Aim for 20 characters or fewer. Keep 1× %lld (a number).";"Subtract %lld";"Min %lld";"Trek %lld af";"Zbrit %lld";"%lld ቀንስ";"اطرح %lld";"Հանել %lld";"%lld বিয়োগ";"%lld çıx";"Kendu %lld";"%lld বিয়োগ";"%lld နုတ်";"Oduzmi %lld";"Минус %lld";"Resta %lld";"减 %lld";"Minus %lld";"Minus %lld";"Lahuta %lld";"Minus %lld";"Vähennä %lld";"Moins %lld";"Restar %lld";"გამოაკელი %lld";"Αφαίρεσε %lld";"%lld બાદ કરો";"חיסור %lld";"%lld घटाओ";"− %lld";"Bain %lld";"Mínus %lld";"Kurang %lld";"Meno %lld";"%lldをひく";"%lld ಕಳೆ";"%lld азайту";"ដក %lld";"%lld 빼기";"Oduzmi %lld";"ລົບ %lld";"Atņem %lld";"Atimti %lld";"Одземи %lld";"Tolak %lld";"%lld കുറയ്ക്കുക";"%lld वजा करा";"%lld-ыг хас";"%lld घटाउ";"Minus %lld";"Відняти %lld";"%lld ବିୟୋଗ";"%lld نى ئېلىۋەت";"%lld ayir";"منهای %lld";"Odejmij %lld";"Subtrair %lld";"%lld ਘਟਾਓ";"Scade %lld";"Минус %lld";"Oduzmi %lld";"%lld අඩු කරන්න";"Odčítaj %lld";"Odštej %lld";"Restar %lld";"Toa %lld";"%lld கழி";"%lld తీసివేయి";"ลบ %lld";"%lld འཐེན";"Odečti %lld";"%lld çıkar";"%lld گھٹائیں";"Trừ %lld";"Tynnu %lld";"Адняць %lld";"Susa %lld";"Minus %lld"
"levelIntro.tables.intro";"";"A bullet on the level-intro card, wrapping over two lines. Aim for 62 characters or fewer. **Double asterisks** mark bold. Keep exactly one pair, around whichever words carry the emphasis in your language — not necessarily the same words as in English.";"Sums where you **multiply**.";"Sommen waarbij je **vermenigvuldigt**.";"Somme waar jy \*\*vermenigvuldig\*\*.";"Ushtrime ku **shumëzon**.";"**የምታባዛባቸው** ስሌቶች።";"مسائل **تضرب** فيها.";"Օրինակներ, որտեղ **բազմապատկում ես**։";"য’ত তুমি **পূৰণ** কৰা অংক।";"**Vurma** misalları.";"\*\*Biderketak\*\* dituzten eragiketak.";"যেসব অঙ্কে **গুণ** করো।";"**မြှောက်**တဲ့ ပုစ္ဆာတွေ။";"Zadaci gdje **množiš**.";"Задачи, в които **умножаваш**.";"Sumes on **multipliques**.";"做\*\*乘法\*\*题。";"Regnestykker, hvor du **ganger**.";"Aufgaben, bei denen du **multiplizierst**.";"Tehted, kus sa **korrutad**.";"Uppgávur, har tú **falda við**.";"Laskuja, joissa **kerrot**.";"Calculs où tu **multiplies**.";"Contas nas que \*\*multiplicas\*\*.";"მაგალითები, სადაც \*\*ამრავლებ\*\*.";"Ασκήσεις όπου **πολλαπλασιάζεις**.";"જે દાખલામાં **ગુણાકાર કરો**.";"תרגילים שבהם **כופלים**.";"ऐसे सवाल जिनमें **गुणा** करते हो।";"Feladatok, ahol **szorzol**.";"Suimeanna ina **n-iolraíonn tú**.";"Dæmi þar sem þú **margfaldar**.";"Soal untuk \*\*mengalikan\*\*.";"Calcoli in cui **moltiplichi**.";"\*\*かけ算\*\*の問題。";"**ಗುಣಿಸುವ** ಲೆಕ್ಕಗಳು.";"**Көбейтетін** есептер.";"លំហាត់ដែលអ្នក **គុណ**។";"**곱하는** 문제.";"Zadaci u kojima **množiš**.";"ໂຈດທີ່ເຈົ້າ **ຄູນ**.";"Uzdevumi, kuros **reizini**.";"Uždaviniai, kuriuose **daugini**.";"Задачи каде **множиш**.";"Soalan yang kamu **darab**.";"**ഗുണിക്കുന്ന** കണക്കുകൾ.";"ज्यात \*\*गुणाकार\*\* करायचा अशी उदाहरणे.";"**Үржүүлэх** бодлогууд.";"**गुणा गर्ने** हिसाब।";"Oppgaver der du **ganger**.";"Приклади, де треба \*\*множити\*\*.";"ଯେଉଁ ସମରେ **ଗୁଣ** କର।";"**كۆپەيتىدىغان** مىساللار.";"**Ko‘paytirish** misollari.";"تمرین‌هایی که در آن **ضرب** می‌کنی.";"Działania, w których **mnożysz**.";"Contas em que **multiplicas**.";"ਜਿੱਥੇ ਤੁਸੀਂ **ਗੁਣਾ** ਕਰਦੇ ਹੋ।";"Exerciții în care **înmulțești**.";"Примеры на \*\*умножение\*\*.";"Zadaci u kojima **množiš**.";"**ගුණ කරන** ගණන්.";"Príklady, kde **násobíš**.";"Računi, kjer **množiš**.";"Sumas en las que **multiplicas**.";"Maswali ya **kuzidisha**.";"**பெருக்கும்** கணக்குகள்.";"**గుణించే** లెక్కలు.";"โจทย์ที่ให้ **คูณ**";"**སྒྱུར་བའི** རྩིས།";"Příklady, kde **násobíš**.";"**Çarpma** işlemleri.";"وہ سوال جن میں آپ **ضرب** کرتے ہیں۔";"Bài toán **nhân**.";"Symiau lle rwyt ti’n **lluosi**.";"Прыклады, дзе трэба **множыць**.";"Izibalo lapho **uphindaphinda**.";"Tal där du **multiplicerar**."
"levelIntro.tables.title %lld";"";"The level-intro card. Titles are set in a large heavy face and shrink rather than wrap, so short is better. Aim for 20 characters or fewer. Keep 1× %lld (a number).";"Table of %lld";"Tafel van %lld";"Tafel van %lld";"Tabela e %lld";"የ %lld ማባዣ";"جدول %lld";"%lld-ի աղյուսակ";"%lldৰ নামতা";"%lld vurma cədvəli";"%lldren taula";"%lld-এর নামতা";"%lld အမြှောက်ဇယား";"Tablica za %lld";"Таблица по %lld";"Taula del %lld";"%lld 的乘法表";"%lld-tabellen";"%llder-Reihe";"%lld korrutustabel";"%lld-tabellin";"%lld:n kertotaulu";"Table de %lld";"Táboa do %lld";"%lld-ის ტაბულა";"Προπαίδεια %lld";"%lld નો પાડો";"לוח הכפל של %lld";"%lld का पहाड़ा";"%lld-es szorzótábla";"Tábla %lld";"%lld-taflan";"Tabel kali %lld";"Tabellina del %lld";"%lldの段";"%lldರ ಪಾಠ";"%lld кестесі";"តារាងគុណ %lld";"%lld단";"Tablica %lld";"ສູດຄູນ %lld";"%lld reizrēķins";"%lld daugybos lentelė";"Таблица %lld";"Sifir %lld";"%lld ഗുണനപ്പട്ടിക";"%lld चा पाढा";"%lld-ийн хүрд";"%lld को पहाडा";"%lld-gangen";"Множення на %lld";"%lld ର ନାମତା";"%lld نىڭ جەدۋىلى";"%lld karra";"جدول %lld";"Tabliczka %lld";"Tabuada do %lld";"%lld ਦਾ ਪਹਾੜਾ";"Tabla lui %lld";"Таблица %lld";"Tablica za %lld";"%lld ගුණන වගුව";"Násobilka %lld";"Poštevanka %lld";"Tabla del %lld";"Jedwali la %lld";"%lld-ன் வாய்ப்பாடு";"%lld పట్టిక";"สูตรคูณ %lld";"%lld གི་སྒྱུར་རེའུ";"Násobky %lld";"%lld çarpım tablosu";"%lld کا پہاڑا";"Bảng nhân %lld";"Tabl %lld";"Табліца на %lld";"Ithebula lika-%lld";"%lld:ans tabell"
"menu.maximumCount";"";"A small button or pill in the menu. One line, no wrapping — the tightest spots in the app. Aim for 12 characters or fewer.";"MAX";"MAX";"MAKS";"MAX";"ከፍተኛ";"أقصى";"Առավ.";"সৰ্বাধিক";"MAKS";"GEH.";"সর্বোচ্চ";"MAX";"MAKS";"МАКС";"MÀX.";"最多";"MAKS.";"MAX";"MAX";"MAKS";"MAX";"MAX";"MÁX.";"მაქს.";"ΜΕΓ.";"MAX";"מקס׳";"MAX";"MAX";"UAS";"HÁM.";"MAKS";"MAX";"最大";"MAX";"MAX";"អតិបរមា";"최대";"MAKS";"ສູງສຸດ";"MAKS.";"MAX";"МАКС";"MAKS";"പരമം";"कमाल";"MAX";"MAX";"MAKS";"МАКС";"MAX";"MAX";"MAX";"حداکثر";"MAKS.";"MÁX.";"MAX";"MAX";"МАКС.";"MAX";"උපරිම";"MAX";"NAJVEČ";"MÁX.";"MAX";"அதிகம்";"గరిష్ఠం";"สูงสุด";"MAX";"MAX";"MAKS.";"زیادہ";"TỐI ĐA";"MWYAF";"МАКС.";"MAX";"MAX"
"menu.moreLevels";"";"A small button or pill in the menu. One line, no wrapping — the tightest spots in the app. Aim for 15 characters or fewer.";"More levels";"Meer levels";"Meer vlakke";"Më shumë nivele";"ተጨማሪ ደረጃዎች";"مستويات أكثر";"Ավելի շատ մակարդակներ";"আৰু লেভেল";"Daha çox səviyyə";"Maila gehiago";"আরও লেভেল";"နောက်ထပ်အဆင့်များ";"Više nivoa";"Още нива";"Més nivells";"更多关卡";"Flere baner";"Mehr Levels";"Veel tasemeid";"Fleiri stig";"Lisää tasoja";"Plus de niveaux";"Máis niveis";"მეტი დონე";"Περισσότερα επίπεδα";"વધુ લેવલ";"שלבים נוספים";"और स्तर";"További szintek";"Tuilleadh leibhéal";"Fleiri borð";"Level lainnya";"Altri livelli";"もっとレベル";"ಇನ್ನಷ್ಟು ಹಂತಗಳು";"Қосымша деңгейлер";"កម្រិតបន្ថែម";"더 많은 레벨";"Više razina";"ດ່ານເພີ່ມ";"Vairāk līmeņu";"Daugiau lygių";"Повеќе нивоа";"Lagi tahap";"കൂടുതൽ ലെവലുകൾ";"आणखी स्तर";"Бусад түвшин";"थप लेभल";"Flere nivåer";"Більше рівнів";"ଅଧିକ ଲେଭେଲ୍";"تېخىمۇ كۆپ دەرىجە";"Ko‘proq bosqich";"مرحله‌های بیشتر";"Więcej poziomów";"Mais níveis";"ਹੋਰ ਲੈਵਲ";"Mai multe niveluri";"Ещё уровни";"Još nivoa";"තවත් මට්ටම්";"Viac úrovní";"Več stopenj";"Más niveles";"Viwango zaidi";"மேலும் நிலைகள்";"మరిన్ని లెవల్‌లు";"ด่านเพิ่มเติม";"རིམ་པ་མང་བ";"Další úrovně";"Daha fazla seviye";"مزید لیولز";"Thêm cấp độ";"Mwy o lefelau";"Больш узроўняў";"Amaleveli amaningi";"Fler nivåer"
"menu.premiumLevels";"";"A small button or pill in the menu. One line, no wrapping — the tightest spots in the app. Aim for 19 characters or fewer.";"Premium levels";"Premium-levels";"Premium-vlakke";"Nivele premium";"ፕሪሚየም ደረጃዎች";"مستويات مميزة";"Պրեմիում մակարդակներ";"প্ৰিমিয়াম লেভেল";"Premium səviyyələr";"Premium mailak";"প্রিমিয়াম লেভেল";"ပရီမီယံအဆင့်များ";"Premium nivoi";"Премиум нива";"Nivells prèmium";"高级关卡";"Premium-niveauer";"Premium-Level";"Premium-tasemed";"Premium-stig";"Premium-tasot";"Niveaux premium";"Niveis Premium";"პრემიუმ დონეები";"Επίπεδα Premium";"પ્રીમિયમ લેવલ";"שלבי פרימיום";"प्रीमियम लेवल";"Prémium pályák";"Leibhéil Premium";"Premium-borð";"Level premium";"Livelli premium";"プレミアムレベル";"ಪ್ರೀಮಿಯಂ ಹಂತಗಳು";"Премиум деңгейлер";"លេវែល Premium";"프리미엄 레벨";"Premium razine";"ດ່ານພຣີມຽມ";"Premium līmeņi";"Premium lygiai";"Премиум нивоа";"Tahap premium";"പ്രീമിയം ലെവലുകൾ";"प्रीमियम स्तर";"Премиум түвшин";"प्रिमियम लेभल";"Premium-nivåer";"Преміум-рівні";"ପ୍ରିମିୟମ୍ ଲେଭେଲ୍";"Premium دەرىجىلەر";"Premium bosqichlar";"مرحله‌های پریمیوم";"Poziomy Premium";"Níveis premium";"ਪ੍ਰੀਮੀਅਮ ਲੈਵਲ";"Niveluri premium";"Премиум-уровни";"Premium nivoi";"ප්‍රීමියම් මට්ටම්";"Prémiové úrovne";"Premium stopnje";"Niveles premium";"Viwango vya Premium";"பிரீமியம் நிலைகள்";"ప్రీమియం లెవెల్స్";"ด่านพรีเมียม";"Premium རིམ་པ";"Prémiové úrovně";"Premium seviyeler";"پریمیم لیولز";"Màn cao cấp";"Lefelau Premiwm";"Прэміум-узроўні";"Amazinga e-Premium";"Premiumnivåer"
"menu.startHere";"";"A small button or pill in the menu. One line, no wrapping — the tightest spots in the app. Aim for 13 characters or fewer.";"Start here";"Begin hier";"Begin hier";"Fillo këtu";"ከዚህ ጀምር";"ابدأ هنا";"Սկսիր այստեղ";"ইয়াৰ পৰা আৰম্ভ";"Buradan başla";"Hasi hemen";"এখান থেকে শুরু";"ဒီမှာ စပါ";"Počni ovdje";"Започни тук";"Comença aquí";"从这里开始";"Start her";"Hier starten";"Alusta siit";"Byrja her";"Aloita tästä";"Commence ici";"Comeza aquí";"დაიწყე აქ";"Ξεκίνα εδώ";"અહીંથી શરૂ કરો";"מתחילים כאן";"यहाँ से शुरू करें";"Kezdd itt";"Tosaigh anseo";"Byrja hér";"Mulai di sini";"Inizia qui";"ここからスタート";"ಇಲ್ಲಿಂದ ಆರಂಭಿಸು";"Осы жерден баста";"ចាប់ផ្តើមទីនេះ";"여기서 시작";"Počni ovdje";"ເລີ່ມທີ່ນີ້";"Sāc šeit";"Pradėk čia";"Почни тука";"Mula di sini";"ഇവിടെ തുടങ്ങൂ";"इथून सुरू कर";"Эндээс эхэл";"यहाँबाट सुरु";"Start her";"Почни тут";"ଏଠାରୁ ଆରମ୍ଭ";"بۇ يەردىن باشلا";"Shu yerdan boshla";"از اینجا شروع کن";"Zacznij tutaj";"Começa aqui";"ਇੱਥੋਂ ਸ਼ੁਰੂ ਕਰੋ";"Începe aici";"Начни здесь";"Počni ovde";"මෙතැනින් අරඹන්න";"Začni tu";"Začni tukaj";"Empieza aquí";"Anza hapa";"இங்கே தொடங்கு";"ఇక్కడ మొదలుపెట్టు";"เริ่มตรงนี้";"འདི་ནས་འགོ་འཛུགས";"Začni tady";"Buradan başla";"یہاں سے شروع کریں";"Bắt đầu ở đây";"Dechrau yma";"Пачні тут";"Qala lapha";"Börja här"
"menu.unlockWithPremium";"";"A small button or pill in the menu. One line, no wrapping — the tightest spots in the app. Aim for 29 characters or fewer.";"Unlock with Premium";"Ontgrendel met Premium";"Ontsluit meer met Premium";"Zhblloko më shumë me Premium";"በፕሪሚየም ተጨማሪ ክፈት";"افتح المزيد مع المميز";"Բացիր ավելին Պրեմիումով";"প্ৰিমিয়ামেৰে আৰু খোলা";"Premium ilə daha çoxunu aç";"Desblokeatu gehiago Premium-ekin";"প্রিমিয়ামে আরও আনলক করো";"Premium နဲ့ ပိုဖွင့်ပါ";"Otključaj više uz Premium";"Отключи още с Премиум";"Desbloqueja’n més amb Premium";"升级高级版，解锁更多";"Lås op for mere med Premium";"Mit Premium mehr freischalten";"Ava Premiumiga rohkem";"Lat meira upp við Premium";"Avaa lisää Premiumilla";"Débloque plus avec Premium";"Desbloquea máis con Premium";"Premium-ით მეტი გახსენი";"Ξεκλείδωσε περισσότερα με Premium";"પ્રીમિયમથી વધુ ખોલો";"פתחו עוד עם פרימיום";"प्रीमियम से और अनलॉक करें";"Nyiss meg többet Prémiummal";"Díghlasáil tuilleadh le Préimh";"Opnaðu meira með Premium";"Buka lebih banyak dengan Premium";"Sblocca di più con Premium";"プレミアムでもっと遊ぼう";"ಪ್ರೀಮಿಯಂ ಮೂಲಕ ಇನ್ನಷ್ಟು ತೆರೆಯಿರಿ";"Premium арқылы көбірек аш";"ដោះសោបន្ថែមជាមួយព្រីមៀម";"프리미엄으로 더 열기";"Otključaj više uz Premium";"ປົດລັອກເພີ່ມດ້ວຍພຣີມຽມ";"Atbloķē vairāk ar Premium";"Atrakink daugiau su Premium";"Отклучи повеќе со Премиум";"Buka lebih banyak dengan Premium";"പ്രീമിയം ഉപയോഗിച്ച് കൂടുതൽ തുറക്കൂ";"प्रीमियमने आणखी उघड";"Премиумаар илүүг нээ";"प्रिमियमले थप खोल";"Lås opp mer med Premium";"Відкрий більше з Преміум";"Premium ସହ ଆହୁରି ଖୋଲ";"Premium بىلەن تېخىمۇ كۆپنى ئاچ";"Premium bilan ko‘prog‘ini och";"با نسخهٔ ویژه بیشتر باز کن";"Odblokuj więcej z Premium";"Desbloqueia mais com Premium";"ਪ੍ਰੀਮੀਅਮ ਨਾਲ ਹੋਰ ਖੋਲ੍ਹੋ";"Deblochează mai mult cu Premium";"Открой больше с Премиум";"Otključaj više uz Premium";"ප්‍රීමියම් සමඟ තවත් විවෘත කරන්න";"Odomkni viac s Premium";"S Premiumom odkleni več";"Desbloquea más con Premium";"Fungua zaidi kwa Premium";"பிரீமியத்தில் மேலும் திற";"ప్రీమియంతో మరిన్ని తెరువు";"ปลดล็อกเพิ่มด้วยพรีเมียม";"Premium གྱིས་མང་བ་ཁ་ཕྱེ།";"Odemkni více s Premium";"Premium ile daha fazlasını aç";"پریمیم سے مزید کھولیں";"Mở khóa thêm với Premium";"Datgloi mwy gyda Premiwm";"Адкрый больш з Прэміум";"Vula okwengeziwe nge-Premium";"Lås upp mer med Premium"
"mode.fractions.multiple";"";"A small button or pill in the menu. One line, no wrapping — the tightest spots in the app. Aim for 12 characters or fewer.";"Multiple";"Meerdere";"Verskeie";"Disa";"ብዙ";"متعدد";"Մի քանի";"একাধিক";"Bir neçə";"Hainbat";"একাধিক";"အပိုင်းများ";"Više";"Няколко";"Diverses";"多份";"Flere";"Mehrere";"Mitu";"Fleiri";"Monta";"Plusieurs";"Varias";"რამდენიმე";"Πολλά";"ઘણા";"כמה חלקים";"कई";"Több";"Iolrach";"Fleiri";"Beberapa";"Più parti";"いくつか";"ಹಲವು";"Бірнеше";"ច្រើនផ្នែក";"여러 부분";"Više";"ຫຼາຍສ່ວນ";"Vairākas";"Kelios";"Повеќе";"Banyak";"പല ഭാഗങ്ങൾ";"अनेक";"Олон";"धेरै";"Flere";"Кілька";"ଅନେକ";"كۆپ بۆلەك";"Bir nechta";"چندبخشی";"Kilka";"Várias";"ਕਈ";"Mai multe";"Несколько";"Više delova";"කිහිපයක්";"Viac";"Več delov";"Varias";"Nyingi";"பல";"ఎక్కువ భాగాలు";"หลายส่วน";"མང་པོ";"Více částí";"Birden çok";"کئی";"Nhiều phần";"Sawl un";"Некалькі";"Eziningi";"Flera"
"mode.fractions.single";"";"A small button or pill in the menu. One line, no wrapping — the tightest spots in the app. Aim for 12 characters or fewer.";"Single";"Eén deel";"Een deel";"Një";"አንድ";"واحد";"Մեկ";"এটা";"Bir hissə";"Bakarra";"একটি";"တစ်ပိုင်း";"Jedan";"Една";"Una";"一份";"Én";"Ein Teil";"Üks";"Ein";"Yksi";"Une part";"Unha";"ერთი";"Ένα";"એક";"חלק אחד";"एक";"Egy";"Aon chuid";"Einn";"Satu";"Una parte";"1つ";"ಒಂದು";"Бір";"មួយផ្នែក";"한 부분";"Jedan";"ໜຶ່ງສ່ວນ";"Viena";"Viena";"Еден";"Satu";"ഒരു ഭാഗം";"एक";"Нэг";"एक";"Én del";"Одна";"ଗୋଟିଏ";"بىر بۆلەك";"Bitta";"یک‌بخشی";"Jedna";"Uma";"ਇੱਕ";"Una";"Одна";"Jedan deo";"එකක්";"Jedna";"En del";"Una";"Moja";"ஒன்று";"ఒక భాగం";"หนึ่งส่วน";"གཅིག";"Jedna část";"Tek";"ایک";"Một phần";"Un rhan";"Адна";"Eyodwa";"En"
"mode.mixed";"";"A small button or pill in the menu. One line, no wrapping — the tightest spots in the app. Aim for 12 characters or fewer.";"Mixed";"Gemixt";"Gemeng";"Përzier";"የተደባለቀ";"مختلط";"Խառը";"মিশ্ৰ";"Qarışıq";"Nahasia";"মিশ্র";"ရောစပ်";"Miješano";"Смесено";"Mixt";"混合";"Blandet";"Gemischt";"Segatud";"Blandað";"Sekoitettu";"Mélangé";"Mesturado";"შერეული";"Μικτά";"મિશ્ર";"מעורב";"मिला-जुला";"Vegyes";"Measctha";"Blandað";"Dicampur";"Misto";"まぜる";"ಮಿಶ್ರ";"Аралас";"ចម្រុះ";"섞기";"Miješano";"ປະສົມກັນ";"Jaukts";"Mišru";"Мешано";"Bercampur";"കലർന്നത്";"मिश्र";"Хольсон";"मिश्रित";"Blandet";"Змішано";"ମିଶ୍ରିତ";"ئارىلاش";"Aralash";"مخلوط";"Mieszane";"Misturado";"ਮਿਲਿਆ-ਜੁਲਿਆ";"Amestecat";"Смешанный";"Mešano";"මිශ්‍රිත";"Zmiešané";"Mešano";"Mixto";"Mchanganyiko";"கலந்தது";"కలిపినవి";"คละ";"བསྲེས་པ";"Smíšené";"Karışık";"ملا جلا";"Hỗn hợp";"Cymysg";"Змешана";"Kuxubile";"Blandat"
"mode.order";"";"A small button or pill in the menu. One line, no wrapping — the tightest spots in the app. Aim for 12 characters or fewer.";"Order";"Reeks";"Reeks";"Rend";"ቅደም ተከተል";"ترتيب";"Հերթ";"ক্ৰম";"Ardıcıllıq";"Ordena";"ক্রম";"အစဉ်";"Redoslijed";"Ред";"Ordre";"顺序";"Rækkefølge";"Reihe";"Järjekord";"Rað";"Järjestys";"Ordre";"Orde";"რიგი";"Σειρά";"ક્રમ";"סדר";"क्रम";"Sorrend";"Ord";"Röð";"Urutan";"Ordine";"順番";"ಕ್ರಮ";"Рет";"លំដាប់";"순서";"Redoslijed";"ລຳດັບ";"Secība";"Tvarka";"Редослед";"Urutan";"ക്രമം";"क्रम";"Дараалал";"क्रम";"Rekkefølge";"Порядок";"କ୍ରମ";"تەرتىپ";"Tartib";"ترتیب";"Kolejność";"Ordem";"ਕ੍ਰਮ";"Ordine";"Порядок";"Redosled";"පිළිවෙළ";"Poradie";"Vrstni red";"Orden";"Mpangilio";"வரிசை";"క్రమం";"ลำดับ";"གོ་རིམ";"Pořadí";"Sıra";"ترتیب";"Thứ tự";"Trefn";"Парадак";"Ukuhleleka";"Ordning"
"mode.percentages.decimal";"";"A small button or pill in the menu. One line, no wrapping — the tightest spots in the app. Aim for 12 characters or fewer.";"Decimal";"Komma";"Desimaal";"Dhjetor";"አስርዮሽ";"عشري";"Տասնորդական";"দশমিক";"Onluq";"Hamartarra";"দশমিক";"ဒသမ";"Decimalni";"Десетично";"Decimal";"小数";"Decimal";"Dezimal";"Kümnend";"Desimaltal";"Desimaali";"Décimal";"Decimal";"ათწილადი";"Δεκαδικοί";"દશાંશ";"עשרוני";"दशमलव";"Tizedes";"Deachúlach";"Tugabrot";"Desimal";"Decimale";"小数";"ದಶಮಾಂಶ";"Ондық";"ទសភាគ";"소수";"Decimalno";"ທົດສະນິຍົມ";"Decimāls";"Dešimtainiai";"Децимален";"Perpuluhan";"ദശാംശം";"दशांश";"Аравтын";"दशमलव";"Desimal";"Десяткові";"ଦଶମିକ";"ئونلۇق";"O‘nli";"اعشاری";"Dziesiętne";"Decimal";"ਦਸ਼ਮਲਵ";"Zecimal";"Десятичные";"Decimalni";"දශම";"Desatinné";"Decimalno";"Decimal";"Desimali";"தசமம்";"దశాంశం";"ทศนิยม";"གྲངས་ཆུང";"Desetinné";"Ondalık";"اعشاری";"Thập phân";"Degol";"Дзесятковыя";"Idesimali";"Decimal"
"mode.percentages.whole";"";"A small button or pill in the menu. One line, no wrapping — the tightest spots in the app. Aim for 12 characters or fewer.";"Whole";"Heel";"Heel";"I plotë";"ሙሉ";"صحيح";"Ամբողջ";"পূৰ্ণ";"Tam";"Osoa";"পূর্ণ";"ကိန်းပြည့်";"Cijeli";"Цяло";"Enter";"整数";"Heltal";"Ganz";"Täisarv";"Heilt";"Kokonainen";"Entier";"Enteiro";"მთელი";"Ακέραιοι";"પૂર્ણ";"שלם";"पूर्ण";"Egész";"Slánuimhir";"Heil tala";"Bulat";"Intero";"整数";"ಪೂರ್ಣ";"Бүтін";"ចំនួនគត់";"정수";"Cijelo";"ຈຳນວນເຕັມ";"Vesels";"Sveikieji";"Цел";"Bulat";"പൂർണ്ണം";"पूर्ण";"Бүхэл";"पूर्ण";"Heltall";"Цілі";"ପୂର୍ଣ୍ଣ";"پۈتۈن";"Butun";"صحیح";"Całkowite";"Inteiro";"ਪੂਰੀ ਗਿਣਤੀ";"Întreg";"Целые";"Ceo";"පූර්ණ";"Celé";"Celo";"Entero";"Nzima";"முழு";"పూర్ణం";"จำนวนเต็ม";"ཧྲིལ་གྲངས";"Celé";"Tam";"صحیح";"Số nguyên";"Cyfan";"Цэлыя";"Ephelele";"Heltal"
"mode.random";"";"A small button or pill in the menu. One line, no wrapping — the tightest spots in the app. Aim for 12 characters or fewer.";"Random";"Hussel";"Lukraak";"Rastësor";"የዘፈቀደ";"عشوائي";"Պատահական";"যাদৃচ্ছিক";"Təsadüfi";"Ausaz";"এলোমেলো";"ကျပန်း";"Nasumično";"Случайно";"Aleatori";"随机";"Tilfældig";"Zufällig";"Juhuslik";"Tilvild";"Satunnainen";"Aléatoire";"Aleatorio";"შემთხვევითი";"Τυχαία";"અવ્યવસ્થિત";"אקראי";"कोई भी";"Véletlen";"Randamach";"Handahóf";"Acak";"Casuale";"ランダム";"ಯಾದೃಚ್ಛಿಕ";"Кездейсоқ";"ចៃដន្យ";"무작위";"Nasumično";"ສຸ່ມ";"Nejauši";"Atsitiktinai";"Случајно";"Rawak";"ക്രമരഹിതം";"यादृच्छिक";"Санамсаргүй";"अनियमित";"Tilfeldig";"Випадково";"ଯାଦୃଚ୍ଛିକ";"ئىختىيارىي";"Tasodifiy";"تصادفی";"Losowo";"Aleatório";"ਬੇਤਰਤੀਬ";"Aleatoriu";"Случайно";"Nasumično";"අහඹු";"Náhodne";"Naključno";"Aleatorio";"Nasibu";"சீரற்றது";"యాదృచ్ఛికం";"สุ่ม";"གང་བྱུང";"Náhodně";"Rastgele";"بے ترتیب";"Ngẫu nhiên";"Ar hap";"Выпадкова";"Okungahleliwe";"Slump"
"name.placeholder";"";"Onboarding, seen once at first launch. Aim for 45 characters or fewer.";"Your name";"Jouw naam";"Jou naam";"Emri yt";"ስምህ";"اسمك";"Քո անունը";"তোমাৰ নাম";"Adın";"Zure izena";"তোমার নাম";"မင်းနာမည်";"Tvoje ime";"Твоето име";"El teu nom";"你的名字";"Dit navn";"Dein Name";"Sinu nimi";"Títt navn";"Nimesi";"Ton prénom";"O teu nome";"შენი სახელი";"Το όνομά σου";"તમારું નામ";"השם שלך";"तुम्हारा नाम";"A neved";"D’ainm";"Nafnið þitt";"Namamu";"Il tuo nome";"なまえ";"ನಿನ್ನ ಹೆಸರು";"Атың";"ឈ្មោះរបស់អ្នក";"이름";"Tvoje ime";"ຊື່ຂອງເຈົ້າ";"Tavs vārds";"Tavo vardas";"Твоето име";"Nama kamu";"നിന്റെ പേര്";"तुझं नाव";"Чиний нэр";"तिम्रो नाम";"Navnet ditt";"Твоє ім’я";"ତୁମ ନାମ";"ئىسمىڭ";"Isming";"نام تو";"Twoje imię";"O teu nome";"ਤੁਹਾਡਾ ਨਾਮ";"Numele tău";"Твоё имя";"Tvoje ime";"ඔබේ නම";"Tvoje meno";"Tvoje ime";"Tu nombre";"Jina lako";"உன் பெயர்";"నీ పేరు";"ชื่อของเธอ";"ཁྱེད་ཀྱི་མིང་།";"Tvé jméno";"Adın";"آپ کا نام";"Tên của bạn";"Dy enw";"Тваё імя";"Igama lakho";"Ditt namn"
"name.whatsYourName";"";"Onboarding, seen once at first launch. Aim for 45 characters or fewer.";"What's your name?";"Hoe heet je?";"Wat is jou naam?";"Si quhesh?";"ስምህ ማን ነው?";"ما اسمك؟";"Ինչպե՞ս ես կոչվում։";"তোমাৰ নাম কি?";"Adın nədir?";"Nola duzu izena?";"তোমার নাম কী?";"မင်းနာမည် ဘာလဲ။";"Kako se zoveš?";"Как се казваш?";"Com et dius?";"你叫什么名字？";"Hvad hedder du?";"Wie heißt du?";"Mis su nimi on?";"Hvat eitur tú?";"Mikä sinun nimesi on?";"Comment t’appelles-tu ?";"Como te chamas?";"რა გქვია?";"Πώς σε λένε;";"તમારું નામ શું છે?";"איך קוראים לך?";"तुम्हारा नाम क्या है?";"Hogy hívnak?";"Cad is ainm duit?";"Hvað heitir þú?";"Siapa namamu?";"Come ti chiami?";"きみのなまえは？";"ನಿನ್ನ ಹೆಸರೇನು?";"Атың кім?";"អ្នកឈ្មោះអ្វី?";"이름이 뭐예요?";"Kako se zoveš?";"ເຈົ້າຊື່ຫຍັງ?";"Kā tevi sauc?";"Koks tavo vardas?";"Како се викаш?";"Siapa nama kamu?";"നിന്റെ പേരെന്താണ്?";"तुझं नाव काय?";"Чамайг хэн гэдэг вэ?";"तिम्रो नाम के हो?";"Hva heter du?";"Як тебе звати?";"ତୁମ ନାମ କ’ଣ?";"ئىسمىڭ نېمە؟";"Isming nima?";"اسمت چیست؟";"Jak masz na imię?";"Como te chamas?";"ਤੁਹਾਡਾ ਨਾਮ ਕੀ ਹੈ?";"Cum te cheamă?";"Как тебя зовут?";"Kako se zoveš?";"ඔබේ නම මොකක්ද?";"Ako sa voláš?";"Kako ti je ime?";"¿Cómo te llamas?";"Unaitwa nani?";"உன் பெயர் என்ன?";"నీ పేరేంటి?";"เธอชื่ออะไร?";"ཁྱེད་ཀྱི་མིང་ལ་ག་རེ་ཟེར།";"Jak se jmenuješ?";"Adın ne?";"آپ کا نام کیا ہے؟";"Bạn tên gì?";"Beth yw dy enw?";"Як цябе завуць?";"Ungubani igama lakho?";"Vad heter du?"
"notif.animal.body %@";"";"A push-notification body. Aim for 110 characters or fewer. Keep 1× %@ (text substituted at runtime).";"Earn a few more trophies to unlock %@! 🐼";"%@: Verdien nog een paar trofeeën om dit dier vrij te spelen! 🐼";"%@: Verdien nog 'n paar trofeë om hierdie dier te ontsluit! 🐼";"%@: Fitoni disa trofe të tjerë për të zhbllokuar këtë kafshë! 🐼";"%@: ይህን እንስሳ ለመክፈት ጥቂት ተጨማሪ ዋንጫዎችን ያግኙ! 🐼";"%@: احصل على المزيد من الجوائز لفتح هذا الحيوان! 🐼";"%@: Վաստակեք ևս մի քանի գավաթներ՝ այս կենդանուն բացելու համար: 🐼";"%@: এই জন্তুটোৰ তলা খুলিবলৈ আৰু কেইটামান ট্ৰফী অৰ্জন কৰক! 🐼";"%@: Bu heyvanın kilidini açmaq üçün daha bir neçə kubok qazanın! 🐼";"%@: Irabazi trofeo batzuk animalia hau desblokeatzeko! 🐼";"%@: এই প্রাণীটিকে আনলক করতে আরও কয়েকটি ট্রফি অর্জন করুন! 🐼";"%@: ဤတိရစ္ဆာန်ကိုသော့ဖွင့်ရန် နောက်ထပ်ဆုဖလားအချို့ကို ရယူလိုက်ပါ။ 🐼";"%@: Zaradite još nekoliko trofeja da otključate ovu životinju! 🐼";"%@: Спечелете още няколко трофея, за да отключите това животно! 🐼";"%@: Guanya uns quants trofeus més per desbloquejar aquest animal! 🐼";"%@: 赢得更多奖杯来解锁这只动物！ 🐼";"%@: Tjen et par trofæer mere for at låse dette dyr op! 🐼";"%@: Verdiene noch ein paar Trophäen, um dieses Tier freizuschalten! 🐼";"%@: Teenige selle looma avamiseks veel mõned trofeed! 🐼";"%@: Tjen nøkur steyp afturat fyri at læsa hetta djórið upp! 🐼";"%@: Ansaitse muutama palkinto lisää avataksesi tämän eläimen! 🐼";"%@: Gagnez quelques trophées supplémentaires pour débloquer cet animal ! 🐼";"%@: Gaña algúns trofeos máis para desbloquear este animal! 🐼";"%@: იშოვე კიდევ რამდენიმე ტროფი ამ ცხოველის განბლოკვისთვის! 🐼";"%@: Κερδίστε μερικά ακόμη τρόπαια για να ξεκλειδώσετε αυτό το ζώο! 🐼";"%@: આ પ્રાણીને અનલૉક કરવા માટે થોડી વધુ ટ્રોફી કમાઓ! 🐼";"%@: הרוויחו עוד כמה גביעים כדי לפתוח את החיה הזו! 🐼";"%@: इस जानवर को अनलॉक करने के लिए कुछ और ट्राफियां अर्जित करें! 🐼";"%@: Szerezz még néhány trófeát, hogy feloldd ezt az állatot! 🐼";"%@: Faigh cúpla trófaithe eile chun an t-ainmhí seo a dhíghlasáil! 🐼";"%@: Fáðu þér nokkra titla í viðbót til að opna þetta dýr! 🐼";"%@: Hasilkan beberapa piala lagi untuk membuka kunci hewan ini! 🐼";"%@: Guadagna qualche altro trofeo per sbloccare questo animale! 🐼";"%@: この動物のロックを解除するには、さらにいくつかのトロフィーを獲得してください! 🐼";"%@: ಈ ಪ್ರಾಣಿಯನ್ನು ಅನ್‌ಲಾಕ್ ಮಾಡಲು ಇನ್ನೂ ಕೆಲವು ಟ್ರೋಫಿಗಳನ್ನು ಗಳಿಸಿ! 🐼";"%@: Осы жануардың құлпын ашу үшін тағы бірнеше жүлде ұтып алыңыз! 🐼";"%@: ទទួលបានពានរង្វាន់ពីរបីទៀតដើម្បីដោះសោសត្វនេះ! 🐼";"%@: 이 동물의 잠금을 해제하려면 트로피를 몇 개 더 획득하세요! 🐼";"%@: Zaradite još nekoliko trofeja da otključate ovu životinju! 🐼";"%@: ຮັບຮາງວັນອີກສອງສາມອັນເພື່ອປົດລັອກສັດນີ້! 🐼";"%@: Nopelniet vēl dažas trofejas, lai atbloķētu šo dzīvnieku! 🐼";"%@: Uždirbkite dar kelis trofėjus, kad atrakintumėte šį gyvūną! 🐼";"%@: Заработете уште неколку трофеи за да го отклучите ова животно! 🐼";"%@: Peroleh beberapa lagi trofi untuk membuka kunci haiwan ini! 🐼";"%@: ഈ മൃഗത്തെ അൺലോക്ക് ചെയ്യാൻ കുറച്ച് ട്രോഫികൾ കൂടി നേടൂ! 🐼";"%@: या प्राण्याला अनलॉक करण्यासाठी आणखी काही ट्रॉफी मिळवा! 🐼";"%@: Энэ амьтны түгжээг тайлахын тулд хэд хэдэн цом цуглуулаарай! 🐼";"%@: यो जनावर अनलक गर्न केहि थप ट्रफीहरू कमाउनुहोस्! 🐼";"%@: Tjen noen flere trofeer for å låse opp dette dyret! 🐼";"%@: Заробіть ще кілька трофеїв, щоб розблокувати цю тварину! 🐼";"%@: ଏହି ପଶୁକୁ ଖୋଲିବା ପାଇଁ ଆଉ କିଛି ଟ୍ରଫି ରୋଜଗାର କର! 🐼";"%@: بۇ ھايۋاننىڭ قۇلۇپىنى ئېچىش ئۈچۈن يەنە بىر نەچچە لوڭقىغا ئېرىشىڭ! 🐼";"%@: Bu hayvonning qulfini ochish uchun yana bir nechta kuboklarni yutib oling! 🐼";"%@: برای باز کردن قفل این حیوان چند تروفی دیگر به دست آورید! 🐼";"%@: Zdobądź jeszcze kilka trofeów, aby odblokować to zwierzę! 🐼";"%@: Ganhe mais alguns troféus para desbloquear este animal! 🐼";"%@: ਇਸ ਜਾਨਵਰ ਨੂੰ ਅਨਲੌਕ ਕਰਨ ਲਈ ਕੁਝ ਹੋਰ ਟਰਾਫੀਆਂ ਕਮਾਓ! 🐼";"%@: Câștigă încă câteva trofee pentru a debloca acest animal! 🐼";"%@: Заработайте еще несколько трофеев, чтобы разблокировать это животное! 🐼";"%@: Zaradite još nekoliko trofeja da biste otključali ovu životinju! 🐼";"%@: මෙම සතා අගුලු හැරීමට තවත් කුසලාන කිහිපයක් උපයන්න! 🐼";"%@: Získajte niekoľko ďalších trofejí a odomknite toto zviera! 🐼";"%@: Zaslužite še nekaj trofej, da odklenete to žival! 🐼";"%@: ¡Gana algunos trofeos más para desbloquear este animal! 🐼";"%@: Pata vikombe vichache zaidi ili kumfungulia mnyama huyu! 🐼";"%@: இந்த விலங்கைத் திறக்க இன்னும் சில கோப்பைகளைப் பெறுங்கள்! 🐼";"%@ను తెరవడానికి మరికొన్ని ట్రోఫీలు సంపాదించు! 🐼";"%@: รับถ้วยรางวัลเพิ่มอีกเล็กน้อยเพื่อปลดล็อคสัตว์ตัวนี้! 🐼";"%@: སེམས་ཅན་འདི་ཕྱེ་ཆེད་དུ་རྟགས་མ་འགའ་ཤས་རག་རོགས། 🐼";"%@: Získejte několik dalších trofejí a odemkněte toto zvíře! 🐼";"%@: Bu hayvanın kilidini açmak için birkaç kupa daha kazanın! 🐼";"%@: اس جانور کو غیر مقفل کرنے کے لیے کچھ اور ٹرافیاں حاصل کریں! 🐼";"%@: Kiếm thêm một vài danh hiệu để mở khóa con vật này! 🐼";"%@: Enillwch ychydig mwy o dlysau i ddatgloi'r anifail hwn! 🐼";"%@: Зарабіце яшчэ некалькі трафеяў, каб разблакаваць гэтую жывёлу! 🐼";"%@: Zuza ezinye izindebe ezimbalwa ukuze uvule lesi silwane! 🐼";"%@: Tjäna några fler troféer för att låsa upp detta djur! 🐼"
"notif.animal.title %lld";"one";"A push-notification title. The lock screen truncates it, so put the point first. COUNTED TEXT — the wording for a count of one. Leave empty if your language words one no differently from the rest. Aim for 43 characters or fewer. Keep 1× %lld (a number).";"Only %lld trophy to go! 🏆";"Nog maar %lld trofee te gaan! 🏆";"Slegs %lld trofeë om te gaan! 🏆";"Kanë mbetur vetëm %lld trofe! 🏆";"%lld ዋንጫዎች ብቻ ቀርተዋል! 🏆";"فقط %lld الجوائز للذهاب! 🏆";"Մնացել է ընդամենը %lld գավաթ: 🏆";"মাত্ৰ %lld টা ট্ৰফী বাকী আছে! 🏆";"Yalnız %lld kubok qalıb! 🏆";"%lld trofeo baino ez dira falta! 🏆";"আর মাত্র %lldটি ট্রফি! 🏆";"ဆုဖလား %lld ခုပဲကျန်တော့တယ်။ 🏆";"Još samo %lld trofeja! 🏆";"Остават само %lld трофея! 🏆";"Només queden %lld trofeus! 🏆";"只剩下%lld座奖杯了！ 🏆";"Kun %lld trofæer tilbage! 🏆";"Nur noch %lld Trophäen! 🏆";"Jäänud on vaid %lld karikat! 🏆";"Bert %lld steyp eftir! 🏆";"Vain %lld palkintoa jäljellä! 🏆";"Plus que %lld trophées à remporter ! 🏆";"Só quedan %lld trofeos! 🏆";"დარჩენილია მხოლოდ %lld ტიტული! 🏆";"Μόνο %lld τρόπαια απομένουν! 🏆";"માત્ર %lld ટ્રોફી બાકી છે! 🏆";"נותרו רק %lld גביעים! 🏆";"केवल %lld ट्राफियां बाकी हैं! 🏆";"Már csak %lld trófea van hátra! 🏆";"Níl ach %lld thrófaí le dul! 🏆";"Aðeins %lld bikarar eftir! 🏆";"Tinggal %lld trofi lagi! 🏆";"Mancano solo %lld trofei! 🏆";"残りのトロフィーはあと %lld つです！ 🏆";"ಬರಲು ಕೇವಲ %lld ಟ್ರೋಫಿಗಳು! 🏆";"Бар болғаны %lld жүлде қалды! 🏆";"នៅសល់តែ %lld ពានទេ! 🏆";"트로피는 %lld개만 남았습니다! 🏆";"Još samo %lld trofeja! 🏆";"ເຫຼືອພຽງ %lld ລາງວັນເທົ່ານັ້ນ! 🏆";"Vēl tikai %lld trofejas! 🏆";"Liko tik %lld trofėjai! 🏆";"Уште само %lld трофеи! 🏆";"Hanya tinggal %lld trofi lagi! 🏆";"ഇനി %lld ട്രോഫികൾ മാത്രം! 🏆";"फक्त %lld ट्रॉफी बाकी आहेत! 🏆";"Зөвхөн %lld цом үлдлээ! 🏆";"केवल %lld ट्रफीहरू जान बाँकी! 🏆";"Kun %lld trofeer igjen! 🏆";"Залишилося лише %lld трофеїв! 🏆";"ଯିବାକୁ କେବଳ %lld ଟ୍ରଫି! 🏆";"پەقەت %lld لوڭقا! 🏆";"Oldinda atigi %lld ta kubok bor! 🏆";"فقط %lld جام باقی مانده است! 🏆";"Pozostało tylko %lld trofeów! 🏆";"Faltam apenas %lld troféus! 🏆";"ਸਿਰਫ਼ %lld ਟਰਾਫ਼ੀਆਂ ਬਾਕੀ ਹਨ! 🏆";"Mai sunt doar %lld trofee! 🏆";"Осталось всего %lld трофеев! 🏆";"Još samo %lld trofeja! 🏆";"යාමට ඇත්තේ කුසලාන %lldක් පමණි! 🏆";"Už len %lld trofejí! 🏆";"Samo še %lld trofej! 🏆";"¡Solo faltan %lld trofeos! 🏆";"Zimesalia kutwaa taji %lld tu! 🏆";"இன்னும் %lld கோப்பைகள் மட்டுமே! 🏆";"ఇంకా %lld ట్రోఫీలు మాత్రమే! 🏆";"เหลือเพียง %lld ถ้วยรางวัล! 🏆";"བྱ་དགའ་%lldལས་མེད་པ་རེད། . 🏆";"Zbývá už jen %lld trofejí! 🏆";"Geriye yalnızca %lld kupa kaldı! 🏆";"صرف %lld ٹرافیاں باقی ہیں! 🏆";"Chỉ còn %lld cúp! 🏆";"Dim ond %lld tlws i fynd! 🏆";"Засталося толькі %lld трафеяў! 🏆";"Kusele izindebe ezi-%lld kuphela! 🏆";"Bara %lld troféer kvar! 🏆"
"notif.animal.title %lld";"other";"A push-notification title. The lock screen truncates it, so put the point first. COUNTED TEXT — required. The wording for a plural count, and the one used whenever the 'one' row does not apply. Aim for 43 characters or fewer. Keep 1× %lld (a number).";"Only %lld trophies to go! 🏆";"Nog maar %lld trofeeën te gaan! 🏆";"Slegs %lld trofeë om te gaan! 🏆";"Kanë mbetur vetëm %lld trofe! 🏆";"%lld ዋንጫዎች ብቻ ቀርተዋል! 🏆";"فقط %lld الجوائز للذهاب! 🏆";"Մնացել է ընդամենը %lld գավաթ: 🏆";"মাত্ৰ %lld টা ট্ৰফী বাকী আছে! 🏆";"Yalnız %lld kubok qalıb! 🏆";"%lld trofeo baino ez dira falta! 🏆";"আর মাত্র %lldটি ট্রফি! 🏆";"ဆုဖလား %lld ခုပဲကျန်တော့တယ်။ 🏆";"Još samo %lld trofeja! 🏆";"Остават само %lld трофея! 🏆";"Només queden %lld trofeus! 🏆";"只剩下%lld座奖杯了！ 🏆";"Kun %lld trofæer tilbage! 🏆";"Nur noch %lld Trophäen! 🏆";"Jäänud on vaid %lld karikat! 🏆";"Bert %lld steyp eftir! 🏆";"Vain %lld palkintoa jäljellä! 🏆";"Plus que %lld trophées à remporter ! 🏆";"Só quedan %lld trofeos! 🏆";"დარჩენილია მხოლოდ %lld ტიტული! 🏆";"Μόνο %lld τρόπαια απομένουν! 🏆";"માત્ર %lld ટ્રોફી બાકી છે! 🏆";"נותרו רק %lld גביעים! 🏆";"केवल %lld ट्राफियां बाकी हैं! 🏆";"Már csak %lld trófea van hátra! 🏆";"Níl ach %lld thrófaí le dul! 🏆";"Aðeins %lld bikarar eftir! 🏆";"Tinggal %lld trofi lagi! 🏆";"Mancano solo %lld trofei! 🏆";"残りのトロフィーはあと %lld つです！ 🏆";"ಬರಲು ಕೇವಲ %lld ಟ್ರೋಫಿಗಳು! 🏆";"Бар болғаны %lld жүлде қалды! 🏆";"នៅសល់តែ %lld ពានទេ! 🏆";"트로피는 %lld개만 남았습니다! 🏆";"Još samo %lld trofeja! 🏆";"ເຫຼືອພຽງ %lld ລາງວັນເທົ່ານັ້ນ! 🏆";"Vēl tikai %lld trofejas! 🏆";"Liko tik %lld trofėjai! 🏆";"Уште само %lld трофеи! 🏆";"Hanya tinggal %lld trofi lagi! 🏆";"ഇനി %lld ട്രോഫികൾ മാത്രം! 🏆";"फक्त %lld ट्रॉफी बाकी आहेत! 🏆";"Зөвхөн %lld цом үлдлээ! 🏆";"केवल %lld ट्रफीहरू जान बाँकी! 🏆";"Kun %lld trofeer igjen! 🏆";"Залишилося лише %lld трофеїв! 🏆";"ଯିବାକୁ କେବଳ %lld ଟ୍ରଫି! 🏆";"پەقەت %lld لوڭقا! 🏆";"Oldinda atigi %lld ta kubok bor! 🏆";"فقط %lld جام باقی مانده است! 🏆";"Pozostało tylko %lld trofeów! 🏆";"Faltam apenas %lld troféus! 🏆";"ਸਿਰਫ਼ %lld ਟਰਾਫ਼ੀਆਂ ਬਾਕੀ ਹਨ! 🏆";"Mai sunt doar %lld trofee! 🏆";"Осталось всего %lld трофеев! 🏆";"Još samo %lld trofeja! 🏆";"යාමට ඇත්තේ කුසලාන %lldක් පමණි! 🏆";"Už len %lld trofejí! 🏆";"Samo še %lld trofej! 🏆";"¡Solo faltan %lld trofeos! 🏆";"Zimesalia kutwaa taji %lld tu! 🏆";"இன்னும் %lld கோப்பைகள் மட்டுமே! 🏆";"ఇంకా %lld ట్రోఫీలు మాత్రమే! 🏆";"เหลือเพียง %lld ถ้วยรางวัล! 🏆";"བྱ་དགའ་%lldལས་མེད་པ་རེད། . 🏆";"Zbývá už jen %lld trofejí! 🏆";"Geriye yalnızca %lld kupa kaldı! 🏆";"صرف %lld ٹرافیاں باقی ہیں! 🏆";"Chỉ còn %lld cúp! 🏆";"Dim ond %lld tlws i fynd! 🏆";"Засталося толькі %lld трафеяў! 🏆";"Kusele izindebe ezi-%lld kuphela! 🏆";"Bara %lld troféer kvar! 🏆"
"notif.cards.body %lld";"one";"A push-notification body. COUNTED TEXT — the wording for a count of one. Leave empty if your language words one no differently from the rest. Aim for 110 characters or fewer. Keep 1× %lld (a number).";"Play %lld minute today and add a few more.";"Speel vandaag %lld minuut en verzamel er nog een paar.";"Speel vandag %lld minuut en versamel nog 'n paar.";"Luaj %lld minutë sot dhe mblidh edhe pak.";"%lld ደቂቃ ዛሬ ተጫወትና ጥቂት ተጨማሪ ሰብስብ።";"العب %lld دقيقة اليوم واجمع المزيد.";"Խաղա այսօր %lld րոպե ու մի քիչ էլ ավելացրու։";"আজিৰ দিনটোত %lld মিনিট খেলি আৰু কেইটামান গোটোৱা।";"Bu gün %lld dəqiqə oyna və bir neçəsini də topla.";"Jokatu gaur %lld minutu eta bildu beste batzuk.";"আজ %lld মিনিট খেলো, আরও কয়েকটি সংগ্রহ করো।";"ဒီနေ့ %lld မိနစ် ကစားပြီး နည်းနည်းထပ်စုပါ။";"Igraj danas %lld min i skupi još nekoliko.";"Играй %lld минута днес и добави още малко.";"Juga %lld minut avui i recull-ne uns quants més.";"今天玩 %lld 分钟，再多收集几个。";"Spil %lld minut i dag, og saml lidt mere.";"Spiele heute %lld Minute und sammle noch ein paar.";"Mängi täna %lld minut ja kogu veel mõned.";"Spæl %lld minutt í dag og savna nøkur afturat.";"Pelaa tänään %lld minuutti ja kerää vielä muutama.";"Joue %lld minute aujourd’hui et ajoute-en quelques-unes.";"Xoga %lld minuto hoxe e suma uns poucos máis.";"დღეს %lld წუთი ითამაშე და კიდევ რამდენიმე შეაგროვე.";"Παίξε %lld λεπτό σήμερα και μάζεψε λίγα ακόμα.";"%lld મિનિટ રમો અને થોડાં વધુ ભેગાં કરો.";"שחקו היום %lld דקה ואספו עוד כמה.";"आज %lld मिनट खेलो, फिर कुछ और जोड़ो।";"Játssz ma %lld percet, és gyűjts még néhányat.";"Imir ar feadh %lld nóiméad inniu agus bailigh cúpla ceann eile.";"Spilaðu í %lld mínútu í dag og safnaðu nokkrum í viðbót.";"Main %lld menit hari ini dan kumpulkan beberapa lagi.";"Gioca %lld minuto oggi e aggiungine ancora.";"今日は%lld分あそんで、もう少し集めよう。";"ಇಂದು %lld ನಿಮಿಷ ಆಡು, ಇನ್ನೂ ಕೆಲವು ಸಂಗ್ರಹಿಸು.";"Бүгін %lld минут ойнап, тағы біраз жина.";"លេងថ្ងៃនេះ %lld នាទី ហើយប្រមូលបន្ថែមបន្តិចទៀត។";"오늘 %lld분 플레이하고 몇 개 더 모아 보세요.";"Igraj danas %lld minutu i skupi još nekoliko.";"ຫຼິ້ນ %lld ນາທີມື້ນີ້ ແລ້ວເກັບເພີ່ມອີກ.";"Šodien spēlē %lld minūti un savāc vēl dažus.";"Žaisk šiandien %lld minutę ir surink dar kelis.";"Играј %lld минута денес и собери уште неколку.";"Main %lld minit hari ini dan kumpul lagi.";"ഇന്ന് %lld മിനിറ്റ് കളിച്ച് കുറച്ച് കൂടി ശേഖരിക്കൂ.";"आज %lld मिनिट खेळ आणि अजून थोडा वेळ वाढव.";"Өнөөдөр %lld минут тоглоод, дахиад хэдийг цуглуулаарай.";"आज %lld मिनेट खेल र अझै केही जम्मा गर।";"Spill %lld minutt i dag og samle noen til.";"Пограй сьогодні %lld хвилину й збери ще кілька.";"ଆଜି %lld ମିନିଟ୍ ଖେଳି ଆଉ କିଛି ସଂଗ୍ରହ କର।";"بۈگۈن %lld مىنۇت ئويناپ، يەنە بىرنەچچە توپلا.";"Bugun %lld daqiqa o‘yna va yana bir nechtasini yig‘.";"امروز %lld دقیقه بازی کن و چندتای دیگر جمع کن.";"Zagraj dziś przez %lld min i zbierz jeszcze kilka.";"Joga %lld minuto hoje e junta mais alguns.";"ਅੱਜ %lld ਮਿੰਟ ਖੇਡੋ ਅਤੇ ਕੁਝ ਹੋਰ ਇਕੱਠੇ ਕਰੋ।";"Joacă azi %lld minut și mai strânge câteva.";"Сыграй сегодня %lld минуту и собери ещё немного.";"Igraj danas %lld minut i dodaj još malo.";"අද විනාඩි %lldක් සෙල්ලම් කරලා තව ටිකක් එකතු කරන්න.";"Dnes hraj %lld min a nazbieraj ešte pár.";"Danes igraj %lld min in zberi še nekaj.";"Juega %lld minuto hoy y consigue unos cuantos más.";"Cheza dakika %lld leo na uongeze chache zaidi.";"இன்று %lld நிமிடம் விளையாடி இன்னும் சில சேகரிக்கவும்.";"ఈ రోజు %lld నిమిషం ఆడి ఇంకొన్ని సేకరించు.";"วันนี้เล่น %lld นาที แล้วเก็บเพิ่มอีกนิด";"དེ་རིང་སྐར་མ %lld རྩེ་ནས་ད་དུང་ཁ་ཤས་བསྡུས།";"Hraj dnes %lld minutu a přidej ještě pár.";"Bugün %lld dakika oyna, birkaç tane daha topla.";"آج %lld منٹ کھیلیں اور کچھ مزید جمع کریں۔";"Hôm nay chơi %lld phút và nhặt thêm vài cái nữa.";"Chwaraea am %lld munud heddiw a chasglu rhagor.";"Гуляй сёння %lld хвіліну і збяры яшчэ крыху.";"Dlala umzuzu ongu-%lld namuhla, uqoqe okunye futhi.";"Spela %lld minut i dag och samla några till."
"notif.cards.body %lld";"other";"A push-notification body. COUNTED TEXT — required. The wording for a plural count, and the one used whenever the 'one' row does not apply. Aim for 110 characters or fewer. Keep 1× %lld (a number).";"Play %lld minutes today and add a few more.";"Speel vandaag %lld minuten en verzamel er nog een paar.";"Speel vandag %lld minuut en versamel nog 'n paar.";"Luaj %lld minutë sot dhe mblidh edhe pak.";"%lld ደቂቃ ዛሬ ተጫወትና ጥቂት ተጨማሪ ሰብስብ።";"العب %lld دقيقة اليوم واجمع المزيد.";"Խաղա այսօր %lld րոպե ու մի քիչ էլ ավելացրու։";"আজিৰ দিনটোত %lld মিনিট খেলি আৰু কেইটামান গোটোৱা।";"Bu gün %lld dəqiqə oyna və bir neçəsini də topla.";"Jokatu gaur %lld minutu eta bildu beste batzuk.";"আজ %lld মিনিট খেলো, আরও কয়েকটি সংগ্রহ করো।";"ဒီနေ့ %lld မိနစ် ကစားပြီး နည်းနည်းထပ်စုပါ။";"Igraj danas %lld min i skupi još nekoliko.";"Играй %lld минута днес и добави още малко.";"Juga %lld minut avui i recull-ne uns quants més.";"今天玩 %lld 分钟，再多收集几个。";"Spil %lld minut i dag, og saml lidt mere.";"Spiele heute %lld Minute und sammle noch ein paar.";"Mängi täna %lld minut ja kogu veel mõned.";"Spæl %lld minutt í dag og savna nøkur afturat.";"Pelaa tänään %lld minuutti ja kerää vielä muutama.";"Joue %lld minute aujourd’hui et ajoute-en quelques-unes.";"Xoga %lld minuto hoxe e suma uns poucos máis.";"დღეს %lld წუთი ითამაშე და კიდევ რამდენიმე შეაგროვე.";"Παίξε %lld λεπτό σήμερα και μάζεψε λίγα ακόμα.";"%lld મિનિટ રમો અને થોડાં વધુ ભેગાં કરો.";"שחקו היום %lld דקה ואספו עוד כמה.";"आज %lld मिनट खेलो, फिर कुछ और जोड़ो।";"Játssz ma %lld percet, és gyűjts még néhányat.";"Imir ar feadh %lld nóiméad inniu agus bailigh cúpla ceann eile.";"Spilaðu í %lld mínútu í dag og safnaðu nokkrum í viðbót.";"Main %lld menit hari ini dan kumpulkan beberapa lagi.";"Gioca %lld minuto oggi e aggiungine ancora.";"今日は%lld分あそんで、もう少し集めよう。";"ಇಂದು %lld ನಿಮಿಷ ಆಡು, ಇನ್ನೂ ಕೆಲವು ಸಂಗ್ರಹಿಸು.";"Бүгін %lld минут ойнап, тағы біраз жина.";"លេងថ្ងៃនេះ %lld នាទី ហើយប្រមូលបន្ថែមបន្តិចទៀត។";"오늘 %lld분 플레이하고 몇 개 더 모아 보세요.";"Igraj danas %lld minutu i skupi još nekoliko.";"ຫຼິ້ນ %lld ນາທີມື້ນີ້ ແລ້ວເກັບເພີ່ມອີກ.";"Šodien spēlē %lld minūti un savāc vēl dažus.";"Žaisk šiandien %lld minutę ir surink dar kelis.";"Играј %lld минута денес и собери уште неколку.";"Main %lld minit hari ini dan kumpul lagi.";"ഇന്ന് %lld മിനിറ്റ് കളിച്ച് കുറച്ച് കൂടി ശേഖരിക്കൂ.";"आज %lld मिनिट खेळ आणि अजून थोडा वेळ वाढव.";"Өнөөдөр %lld минут тоглоод, дахиад хэдийг цуглуулаарай.";"आज %lld मिनेट खेल र अझै केही जम्मा गर।";"Spill %lld minutt i dag og samle noen til.";"Пограй сьогодні %lld хвилину й збери ще кілька.";"ଆଜି %lld ମିନିଟ୍ ଖେଳି ଆଉ କିଛି ସଂଗ୍ରହ କର।";"بۈگۈن %lld مىنۇت ئويناپ، يەنە بىرنەچچە توپلا.";"Bugun %lld daqiqa o‘yna va yana bir nechtasini yig‘.";"امروز %lld دقیقه بازی کن و چندتای دیگر جمع کن.";"Zagraj dziś przez %lld min i zbierz jeszcze kilka.";"Joga %lld minuto hoje e junta mais alguns.";"ਅੱਜ %lld ਮਿੰਟ ਖੇਡੋ ਅਤੇ ਕੁਝ ਹੋਰ ਇਕੱਠੇ ਕਰੋ।";"Joacă azi %lld minut și mai strânge câteva.";"Сыграй сегодня %lld минуту и собери ещё немного.";"Igraj danas %lld minut i dodaj još malo.";"අද විනාඩි %lldක් සෙල්ලම් කරලා තව ටිකක් එකතු කරන්න.";"Dnes hraj %lld min a nazbieraj ešte pár.";"Danes igraj %lld min in zberi še nekaj.";"Juega %lld minuto hoy y consigue unos cuantos más.";"Cheza dakika %lld leo na uongeze chache zaidi.";"இன்று %lld நிமிடம் விளையாடி இன்னும் சில சேகரிக்கவும்.";"ఈ రోజు %lld నిమిషం ఆడి ఇంకొన్ని సేకరించు.";"วันนี้เล่น %lld นาที แล้วเก็บเพิ่มอีกนิด";"དེ་རིང་སྐར་མ %lld རྩེ་ནས་ད་དུང་ཁ་ཤས་བསྡུས།";"Hraj dnes %lld minutu a přidej ještě pár.";"Bugün %lld dakika oyna, birkaç tane daha topla.";"آج %lld منٹ کھیلیں اور کچھ مزید جمع کریں۔";"Hôm nay chơi %lld phút và nhặt thêm vài cái nữa.";"Chwaraea am %lld munud heddiw a chasglu rhagor.";"Гуляй сёння %lld хвіліну і збяры яшчэ крыху.";"Dlala umzuzu ongu-%lld namuhla, uqoqe okunye futhi.";"Spela %lld minut i dag och samla några till."
"notif.cards.title %lld";"one";"A push-notification title. The lock screen truncates it, so put the point first. COUNTED TEXT — the wording for a count of one. Leave empty if your language words one no differently from the rest. Aim for 40 characters or fewer. Keep 1× %lld (a number).";"%lld fly collected! 🪰";"%lld vlieg verzameld! 🪰";"%lld vlieg versamel! 🪰";"%lld mizë e mbledhur! 🪰";"%lld ዝንብ ሰበሰብክ! 🪰";"جمعت %lld ذبابة! 🪰";"%lld ճանճ հավաքեցիր! 🪰";"%lld মাখি গোটোৱা হ’ল! 🪰";"%lld milçək toplandı! 🪰";"%lld euli bilduta! 🪰";"%lldটি মাছি সংগ্রহ! 🪰";"%lld ယင်ကောင် စုမိပြီ! 🪰";"Skupljena %lld muha! 🪰";"%lld муха събрана! 🪰";"%lld mosca recollida! 🪰";"已收集 %lld 只苍蝇！🪰";"%lld flue samlet! 🪰";"%lld Fliege gesammelt! 🪰";"%lld kärbes kogutud! 🪰";"%lld fluga savnað! 🪰";"%lld kärpänen kerätty! 🪰";"%lld mouche ramassée ! 🪰";"%lld mosca recollida! 🪰";"%lld ბუზი შეაგროვე! 🪰";"Μάζεψες %lld μύγα! 🪰";"%lld માખી ભેગી! 🪰";"%lld זבוב נאסף! 🪰";"%lld मक्खी मिली! 🪰";"%lld légy összegyűjtve! 🪰";"%lld cuileog bailithe! 🪰";"%lld fluga safnað! 🪰";"%lld lalat terkumpul! 🪰";"%lld mosca raccolta! 🪰";"%lld匹のハエをゲット！ 🪰";"%lld ನೊಣ ಸಂಗ್ರಹಿಸಿದೆ! 🪰";"%lld шыбын жиналды! 🪰";"ប្រមូលបានរុយ %lld! 🪰";"파리 %lld마리 모았어요! 🪰";"Skupljena %lld muha! 🪰";"ເກັບແມງວັນໄດ້ %lld! 🪰";"%lld muša savākta! 🪰";"Surinkta %lld musė! 🪰";"%lld мува собрана! 🪰";"%lld lalat dikumpul! 🪰";"%lld ഈച്ച ശേഖരിച്ചു! 🪰";"%lld माशी गोळा केली! 🪰";"%lld ялаа цуглууллаа! 🪰";"%lld झिँगा जम्मा भयो! 🪰";"%lld flue samlet! 🪰";"%lld мушку зібрано! 🪰";"%lld ମାଛି ସଂଗ୍ରହ! 🪰";"%lld چىۋىن توپلاندى! 🪰";"%lld pashsha yig‘ildi! 🪰";"%lld مگس جمع شد! 🪰";"%lld mucha zebrana! 🪰";"%lld mosca apanhada! 🪰";"%lld ਮੱਖੀ ਇਕੱਠੀ ਕੀਤੀ! 🪰";"%lld muscă strânsă! 🪰";"%lld муха собрана! 🪰";"Sakupljena %lld muva! 🪰";"%lld මැස්සෙක් එකතු කළා! 🪰";"%lld mucha nazbieraná! 🪰";"Zbrana %lld muha! 🪰";"¡%lld mosca conseguida! 🪰";"%lld nzi amekusanywa! 🪰";"%lld ஈ சேகரித்தாய்! 🪰";"%lld ఈగ సేకరించావు! 🪰";"เก็บแมลงวัน %lld ตัวแล้ว! 🪰";"སྦྲང་མ %lld བསྡུས! 🪰";"Nasbírána %lld moucha! 🪰";"%lld sinek toplandı! 🪰";"%lld مکھی جمع ہو گئی! 🪰";"Đã nhặt %lld con ruồi! 🪰";"%lld pryfyn wedi’i gasglu! 🪰";"Сабрана %lld муха! 🪰";"Kuqoqwe impukane engu-%lld! 🪰";"%lld fluga samlad! 🪰"
"notif.cards.title %lld";"other";"A push-notification title. The lock screen truncates it, so put the point first. COUNTED TEXT — required. The wording for a plural count, and the one used whenever the 'one' row does not apply. Aim for 40 characters or fewer. Keep 1× %lld (a number).";"%lld flies collected! 🪰";"%lld vliegen verzameld! 🪰";"%lld vlieg versamel! 🪰";"%lld mizë e mbledhur! 🪰";"%lld ዝንብ ሰበሰብክ! 🪰";"جمعت %lld ذبابة! 🪰";"%lld ճանճ հավաքեցիր! 🪰";"%lld মাখি গোটোৱা হ’ল! 🪰";"%lld milçək toplandı! 🪰";"%lld euli bilduta! 🪰";"%lldটি মাছি সংগ্রহ! 🪰";"%lld ယင်ကောင် စုမိပြီ! 🪰";"Skupljena %lld muha! 🪰";"%lld муха събрана! 🪰";"%lld mosca recollida! 🪰";"已收集 %lld 只苍蝇！🪰";"%lld flue samlet! 🪰";"%lld Fliege gesammelt! 🪰";"%lld kärbes kogutud! 🪰";"%lld fluga savnað! 🪰";"%lld kärpänen kerätty! 🪰";"%lld mouche ramassée ! 🪰";"%lld mosca recollida! 🪰";"%lld ბუზი შეაგროვე! 🪰";"Μάζεψες %lld μύγα! 🪰";"%lld માખી ભેગી! 🪰";"%lld זבוב נאסף! 🪰";"%lld मक्खी मिली! 🪰";"%lld légy összegyűjtve! 🪰";"%lld cuileog bailithe! 🪰";"%lld fluga safnað! 🪰";"%lld lalat terkumpul! 🪰";"%lld mosca raccolta! 🪰";"%lld匹のハエをゲット！ 🪰";"%lld ನೊಣ ಸಂಗ್ರಹಿಸಿದೆ! 🪰";"%lld шыбын жиналды! 🪰";"ប្រមូលបានរុយ %lld! 🪰";"파리 %lld마리 모았어요! 🪰";"Skupljena %lld muha! 🪰";"ເກັບແມງວັນໄດ້ %lld! 🪰";"%lld muša savākta! 🪰";"Surinkta %lld musė! 🪰";"%lld мува собрана! 🪰";"%lld lalat dikumpul! 🪰";"%lld ഈച്ച ശേഖരിച്ചു! 🪰";"%lld माशी गोळा केली! 🪰";"%lld ялаа цуглууллаа! 🪰";"%lld झिँगा जम्मा भयो! 🪰";"%lld flue samlet! 🪰";"%lld мушку зібрано! 🪰";"%lld ମାଛି ସଂଗ୍ରହ! 🪰";"%lld چىۋىن توپلاندى! 🪰";"%lld pashsha yig‘ildi! 🪰";"%lld مگس جمع شد! 🪰";"%lld mucha zebrana! 🪰";"%lld mosca apanhada! 🪰";"%lld ਮੱਖੀ ਇਕੱਠੀ ਕੀਤੀ! 🪰";"%lld muscă strânsă! 🪰";"%lld муха собрана! 🪰";"Sakupljena %lld muva! 🪰";"%lld මැස්සෙක් එකතු කළා! 🪰";"%lld mucha nazbieraná! 🪰";"Zbrana %lld muha! 🪰";"¡%lld mosca conseguida! 🪰";"%lld nzi amekusanywa! 🪰";"%lld ஈ சேகரித்தாய்! 🪰";"%lld ఈగ సేకరించావు! 🪰";"เก็บแมลงวัน %lld ตัวแล้ว! 🪰";"སྦྲང་མ %lld བསྡུས! 🪰";"Nasbírána %lld moucha! 🪰";"%lld sinek toplandı! 🪰";"%lld مکھی جمع ہو گئی! 🪰";"Đã nhặt %lld con ruồi! 🪰";"%lld pryfyn wedi’i gasglu! 🪰";"Сабрана %lld муха! 🪰";"Kuqoqwe impukane engu-%lld! 🪰";"%lld fluga samlad! 🪰"
"notif.comeback.body";"";"A push-notification body. Aim for 110 characters or fewer.";"Your animals are waiting. Jump back in and keep collecting trophies!";"Je dieren wachten op je. Spring weer verder en verzamel meer trofeeën!";"Jou diere wag. Kom terug om te speel en hou aan om trofeë in te samel!";"Kafshët tuaja janë duke pritur. Kthehuni për të luajtur dhe vazhdoni të mblidhni trofe!";"እንስሳትዎ እየጠበቁ ናቸው. ለመጫወት ይመለሱ እና ዋንጫዎችን መሰብሰብዎን ይቀጥሉ!";"حيواناتك تنتظر. عد للعب واستمر في جمع الجوائز!";"Ձեր կենդանիները սպասում են:Վերադարձեք խաղալու և շարունակեք գավաթներ հավաքել:";"তোমাৰ জীৱ-জন্তুবোৰে ৰৈ আছে। খেলিবলৈ উভতি আহক আৰু ট্ৰফী সংগ্ৰহ কৰি থাকিব!";"Heyvanlarınız gözləyir. Oynamaq üçün qayıdın və kuboklar toplamağa davam edin!";"Zure animaliak zain daude. Itzuli jolastera eta jarraitu garaikurrak biltzen!";"আপনার পশুরা অপেক্ষা করছে। খেলতে ফিরে আসুন এবং ট্রফি সংগ্রহ করতে থাকুন!";"မင်းရဲ့တိရစ္ဆာန်တွေက စောင့်နေတယ်။ပြန်လာကစားပြီး ဆုဖလားတွေ ဆက်လက်စုဆောင်းလိုက်ပါ။";"Vaše životinje čekaju. Vratite se da igrate i nastavite skupljati trofeje!";"Животните ви чакат. Върнете се да играете и продължавайте да събирате трофеи!";"Els teus animals estan esperant. Torna a jugar i segueix recollint trofeus!";"你的动物正在等待。回来玩并继续收集奖杯！";"Dine dyr venter. Kom tilbage for at spille og fortsæt med at samle trofæer!";"Ihre Tiere warten. Kommen Sie zurück zum Spielen und sammeln Sie weiterhin Trophäen!";"Teie loomad ootavad. Tulge tagasi mängima ja jätkake karikate kogumist!";"Tíni djór bíða. Kom aftur at spæla og halt áfram at savna steyp!";"Eläimesi odottavat. Tule takaisin pelaamaan ja jatka pokaalien keräämistä!";"Vos animaux attendent. Revenez jouer et continuez à collecter des trophées !";"Os teus animais están esperando. Volve xogar e segue collendo trofeos!";"თქვენი ცხოველები გელოდებიან. დაბრუნდი სათამაშოდ და გააგრძელე თასების შეგროვება!";"Τα ζώα σας περιμένουν. Επιστρέψτε για να παίξετε και συνεχίστε να μαζεύετε τρόπαια!";"તમારા પ્રાણીઓ રાહ જોઈ રહ્યા છે. રમવા માટે પાછા આવો અને ટ્રોફી એકત્રિત કરવાનું ચાલુ રાખો!";"החיות שלך מחכות. חזור לשחק ולהמשיך לאסוף גביעים!";"आपके जानवर इंतज़ार कर रहे हैं. खेलने के लिए वापस आएँ और ट्राफियाँ इकट्ठा करते रहें!";"Az állataid várnak. Gyere vissza játszani, és gyűjtsd tovább a trófeákat!";"Tá do chuid ainmhithe ag fanacht. Tar ar ais ag imirt agus lean ort ag bailiú trófaithe!";"Dýrin þín bíða. Komdu aftur til að spila og haltu áfram að safna titlum!";"Hewan Anda sedang menunggu. Kembalilah bermain dan terus kumpulkan piala!";"I tuoi animali stanno aspettando. Torna a giocare e continua a collezionare trofei!";"あなたの動物たちが待っています。再びプレイしてトロフィーを集め続けましょう!";"ನಿಮ್ಮ ಪ್ರಾಣಿಗಳು ಕಾಯುತ್ತಿವೆ. ಆಡಲು ಹಿಂತಿರುಗಿ ಮತ್ತು ಟ್ರೋಫಿಗಳನ್ನು ಸಂಗ್ರಹಿಸುವುದನ್ನು ಮುಂದುವರಿಸಿ!";"Сіздің жануарларыңыз күтіп тұр. Ойынға оралыңыз және жүлделерді жинауды жалғастырыңыз!";"សត្វរបស់អ្នកកំពុងរង់ចាំ។ត្រលប់មកលេង ហើយបន្តប្រមូលពានរង្វាន់!";"당신의 동물들이 기다리고 있습니다. 다시 플레이하고 계속해서 트로피를 모아보세요!";"Vaše životinje čekaju. Vratite se igrati i nastavite skupljati trofeje!";"ສັດ​ຂອງ​ທ່ານ​ກໍາ​ລັງ​ລໍ​ຖ້າ​. ກັບມາຫຼິ້ນ ແລະເກັບລາງວັນຕໍ່ໄປ!";"Jūsu dzīvnieki gaida. Atgriezieties spēlēt un turpiniet vākt trofejas!";"Jūsų gyvūnai laukia. Grįžkite žaisti ir toliau rinkti trofėjus!";"Вашите животни чекаат. Вратете се да играте и продолжете да собирате трофеи!";"Haiwan anda sedang menunggu. Kembali bermain dan terus mengumpul trofi!";"നിങ്ങളുടെ മൃഗങ്ങൾ കാത്തിരിക്കുന്നു. കളിക്കാൻ തിരികെ വരിക, ട്രോഫികൾ ശേഖരിക്കുന്നത് തുടരുക!";"तुमचे प्राणी वाट पाहत आहेत. खेळायला परत या आणि ट्रॉफी गोळा करत रहा!";"Таны амьтад хүлээж байна. Тоглохоор буцаж ирээд цом цуглуулж байгаарай!";"तपाईंका जनावरहरू पर्खिरहेका छन्। खेल्न फिर्ता आउनुहोस् र ट्रफीहरू सङ्कलन गरिरहनुहोस्!";"Dyrene dine venter. Kom tilbake for å spille og fortsett å samle trofeer!";"Ваші тварини чекають. Повертайтеся до гри та продовжуйте збирати трофеї!";"ତୁମର ପଶୁମାନେ ଅପେକ୍ଷା କରିଛନ୍ତି |ଖେଳିବାକୁ ଫେରି ଆସ ଏବଂ ଟ୍ରଫି ସଂଗ୍ରହ ଜାରି ରଖ!";"ھايۋانلىرىڭىز ساقلاۋاتىدۇ. قايتىپ كېلىپ داۋاملىق لوڭقا يىغىڭ!";"Sizning hayvonlar kutmoqda. O'ynash uchun qaytib keling va sovrinlar yig'ishda davom eting!";"حیوانات شما منتظر هستند. برای بازی برگردید و به جمع آوری غنائم ادامه دهید!";"Twoje zwierzęta czekają. Wróć do gry i zbieraj trofea!";"Seus animais estão esperando. Volte para jogar e continue coletando troféus!";"ਤੁਹਾਡੇ ਜਾਨਵਰ ਉਡੀਕ ਕਰ ਰਹੇ ਹਨ। ਖੇਡਣ ਲਈ ਵਾਪਸ ਆਓ ਅਤੇ ਟਰਾਫੀਆਂ ਇਕੱਠੀਆਂ ਕਰਦੇ ਰਹੋ!";"Animalele tale așteaptă. Întoarce-te să joci și continuă să strângi trofee!";"Ваши животные ждут. Возвращайтесь в игру и продолжайте собирать трофеи!";"Vaše životinje čekaju. Vratite se da igrate i nastavite da sakupljate trofeje!";"ඔබේ සතුන් බලා සිටී. ක්‍රීඩා කිරීමට නැවත පැමිණ කුසලාන එකතු කර ගන්න!";"Vaše zvieratá čakajú. Vráťte sa hrať a zbierajte trofeje!";"Vaše živali čakajo. Vrnite se igrat in še naprej zbirajte trofeje!";"Tus animales están esperando. ¡Vuelve a jugar y sigue coleccionando trofeos!";"Wanyama wako wanasubiri. Rudi kucheza na uendelee kukusanya vikombe!";"உங்கள் விலங்குகள் காத்திருக்கின்றன. விளையாட மீண்டும் வாருங்கள், கோப்பைகளை சேகரித்துக்கொண்டே இருங்கள்!";"నీ జంతువులు ఎదురుచూస్తున్నాయి. మళ్లీ వచ్చి ట్రోఫీలు సేకరిస్తూ ఉండు!";"สัตว์ของคุณกำลังรออยู่กลับมาเล่นสะสมถ้วยรางวัลกันต่อ!";"ཁྱེད་ཀྱི་སེམས་ཅན་སྒུག་ནས་ཡོད།རྩེད་མོ་རྩེད་པར་ཕྱིར་ལོག་ནས་རྟགས་མ་བསྡུ་རུབ་བྱེད་རོགས།";"Vaše zvířata čekají. Vraťte se ke hře a pokračujte ve sbírání trofejí!";"Hayvanlarınız bekliyor. Oynamak için geri gelin ve kupa toplamaya devam edin!";"آپ کے جانور انتظار کر رہے ہیں۔کھیلنے کے لیے واپس آئیں اور ٹرافیاں جمع کرتے رہیں!";"Động vật của bạn đang chờ đợi. Hãy quay lại chơi và tiếp tục thu thập chiến lợi phẩm!";"Mae eich anifeiliaid yn aros. Dewch yn ôl i chwarae a daliwch ati i gasglu tlysau!";"Вашы жывёлы чакаюць. Вяртайцеся гуляць і працягвайце збіраць трафеі!";"Izilwane zakho zilindile. Buya uzodlala futhi uqhubeke nokuqoqa izindebe!";"Dina djur väntar. Kom tillbaka för att spela och fortsätt samla troféer!"
"notif.comeback.title";"";"A push-notification title. The lock screen truncates it, so put the point first. Aim for 40 characters or fewer.";"We miss you! 👋";"We missen je! 👋";"Ons mis jou! 👋";"Na mungoni! 👋";"ትናፍቀናለህ! 👋";"إننا نفتقدك! 👋";"Մենք կարոտում ենք քեզ: 👋";"আমি তোমাক মিছ কৰিছো! 👋";"Sizin üçün darıxırıq! 👋";"Faltan botatzen zaitugu! 👋";"আমরা আপনাকে মিস করি! 👋";"တို့တွေမင်းကိုသတိရနေတယ်! 👋";"Nedostaješ nam! 👋";"Липсваш ни! 👋";"Et trobem a faltar! 👋";"我们想你！ 👋";"Vi savner dig! 👋";"Wir vermissen dich! 👋";"Me igatseme sind! 👋";"Vit sakna teg! 👋";"Kaipaamme sinua! 👋";"Tu nous manques ! 👋";"Botámoste de menos! 👋";"გვენატრებით! 👋";"Μας λείπεις! 👋";"અમે તમને યાદ કરીએ છીએ! 👋";"אנחנו מתגעגעים אליך! 👋";"हमें आपकी याद आती है! 👋";"Hiányzol nekünk! 👋";"Is fada uainn thú! 👋";"Við söknum þín! 👋";"Kami merindukanmu! 👋";"Ci manchi! 👋";"私たちはあなたがいなくて寂しいです！ 👋";"ನಾವು ನಿನ್ನನ್ನು ಕಳೆದುಕೊಳ್ಳುತ್ತೇವೆ! 👋";"Біз сені сағындық! 👋";"យើងនឹកអ្នក! 👋";"우리는 당신이 그리워요! 👋";"nedostaješ nam! 👋";"ພວກເຮົາຄິດຮອດເຈົ້າ! 👋";"Mums tevis pietrūkst! 👋";"Mes tavęs pasiilgome! 👋";"Ни недостигаш! 👋";"Kami rindu awak! 👋";"എനിക്ക് നിന്നെ മിസ്സാകും! 👋";"आम्हाला तुमची आठवण येते! 👋";"Бид чамайг санаж байна! 👋";"हामी तपाईंलाई सम्झन्छौं! 👋";"Vi savner deg! 👋";"ми сумуємо за тобою! 👋";"ଆମେ ତୁମକୁ ମନେ ପକାଉଛୁ! 👋";"سېنى سېغىندۇق! 👋";"Biz sizni sog'indik! 👋";"دلمون برات تنگ شده! 👋";"Tęsknimy za tobą! 👋";"Que saudades de você! 👋";"ਅਸੀਂ ਤੁਹਾਨੂੰ ਯਾਦ ਕਰਦੇ ਹਾਂ! 👋";"Ne e dor de tine! 👋";"Мы скучаем по тебе! 👋";"Nedostaješ nam! 👋";"අපිට ඔයාව දැනෙනවා! 👋";"Chýbaš nám! 👋";"Pogrešamo te! 👋";"¡Te echamos de menos! 👋";"Tunakukumbuka! 👋";"நாங்கள் உங்களை இழக்கிறோம்! 👋";"నువ్వు గుర్తొస్తున్నావు! 👋";"เราคิดถึงคุณ! 👋";"ང་ཚོས་ཁྱེད་རང་དྲན་གི་འདུག . 👋";"Chybíš nám! 👋";"Seni özledik! 👋";"ہم آپ کو یاد کرتے ہیں! 👋";"Chúng tôi nhớ bạn! 👋";"Rydym yn colli chi! 👋";"Мы сумуем па табе! 👋";"Siyakukhumbula! 👋";"Vi saknar dig! 👋"
"notif.day3.body %lld";"one";"A push-notification body. COUNTED TEXT — the wording for a count of one. Leave empty if your language words one no differently from the rest. Aim for 110 characters or fewer. Keep 1× %lld (a number).";"Start a %lld-minute session and grow your streak.";"Speel %lld minuut en bouw verder aan je reeks.";"Begin 'n %lld minute speelsessie en verleng jou daaglikse speelreeks.";"Filloni një seancë %lld-minutëshe të lojës dhe zgjeroni brezin tuaj të përditshëm të lojërave.";"የ%lld ደቂቃ የጨዋታ ክፍለ ጊዜ ይጀምሩ እና የእለት ተእለት ጨዋታዎትን ያራዝሙ።";"ابدأ جلسة لعب مدتها %lld دقائق وقم بتمديد خط لعبك اليومي.";"Սկսեք %lld րոպեանոց խաղային նստաշրջան և երկարացրեք ձեր ամենօրյա խաղային շարանը:";"%lld মিনিটৰ খেলা অধিবেশন আৰম্ভ কৰক আৰু আপোনাৰ দৈনিক খেলাৰ ধাৰা বৃদ্ধি কৰক।";"%lld dəqiqəlik oyun seansına başlayın və gündəlik oyun seriyanızı artırın.";"Hasi %lld minutuko jolas-saio bat eta luzatu zure eguneroko jolas bolada.";"একটি %lld-মিনিটের খেলার সেশন শুরু করুন এবং আপনার প্রতিদিনের খেলার স্ট্রীক প্রসারিত করুন।";"%lld မိနစ်ကြာ ကစားချိန်ကို စတင်ပြီး သင်၏နေ့စဥ်ကစားခြင်းကို သက်တမ်းတိုးပါ။";"Započnite %lld-minutnu sesiju igre i produžite svoj dnevni niz igranja.";"Започнете %lld-минутна игрална сесия и удължете ежедневната си игрална серия.";"Comença una sessió de joc de %lld minuts i allarga la teva ratxa diària de joc.";"开始 %lld 分钟的游戏并延长您每天的连续游戏时间。";"Start en %lld-minutters spillesession og forlænge din daglige spillerække.";"Starten Sie eine %lld-minütige Spielsitzung und verlängern Sie Ihre tägliche Spielsträhne.";"Alustage %lld-minutilist mänguseanssi ja pikendage oma igapäevast mänguseeriat.";"Byrja eina %lld minuttir langa spælitíð og leingja tína dagligu spælirøð.";"Aloita %lld minuutin pelisessio ja pidennä päivittäistä pelisarjaasi.";"Démarrez une session de jeu de %lld minutes et prolongez votre séquence de jeu quotidienne.";"Comeza unha sesión de xogo de %lld minutos e amplía a túa racha de xogo diaria.";"დაიწყეთ %lld წუთიანი სათამაშო სესია და გააგრძელეთ თქვენი ყოველდღიური სათამაშო სერია.";"Ξεκινήστε ένα παιχνίδι %lld λεπτών και επεκτείνετε το καθημερινό σερί παιχνιδιού σας.";"%lld-મિનિટનું રમતનું સત્ર શરૂ કરો અને તમારી દૈનિક રમવાની સ્ટ્રીકને લંબાવો.";"התחל סשן משחק של %lld דקות והארך את רצף המשחקים היומי שלך.";"%lld मिनट का खेल सत्र शुरू करें और अपने दैनिक खेल क्रम का विस्तार करें।";"Kezdj el egy %lld perces játékmenetet, és hosszabbítsd meg napi játéksorozatodat.";"Tosaigh seisiún súgartha %lld-nóiméad agus síneadh do stríoc imeartha laethúil.";"Byrjaðu %lld mínútna leiklotu og lengdu daglega spilahrinu þína.";"Mulailah sesi bermain %lld menit dan perpanjang rekor permainan harian Anda.";"Inizia una sessione di gioco di %lld minuti ed estendi la tua serie di giochi giornaliera.";"%lld 分間のプレイ セッションを開始して、毎日の連続プレイを延長しましょう。";"%lld ನಿಮಿಷಗಳ ಆಟದ ಅವಧಿಯನ್ನು ಪ್ರಾರಂಭಿಸಿ ಮತ್ತು ನಿಮ್ಮ ದೈನಂದಿನ ಆಟದ ಸರಣಿಯನ್ನು ವಿಸ್ತರಿಸಿ.";"%lld минуттық ойын сеансын бастаңыз және күнделікті ойын сериясын ұзартыңыз.";"ចាប់ផ្តើមវគ្គលេងរយៈពេល %lld នាទី និងពង្រីកការលេងប្រចាំថ្ងៃរបស់អ្នក។";"%lld분 플레이 세션을 시작하고 일일 연속 플레이를 연장하세요.";"Započnite %lld-minutnu sesiju igranja i produžite svoj dnevni niz igranja.";"ເລີ່ມການຫຼິ້ນ %lld ນາທີ ແລະຂະຫຍາຍການຫຼິ້ນປະຈໍາວັນຂອງທ່ານ.";"Sāciet %lld minūšu spēles sesiju un pagariniet savu ikdienas spēļu sēriju.";"Pradėkite %lld minučių žaidimo sesiją ir pratęskite savo kasdienę žaidimų seriją.";"Започнете %lld-минутна сесија за играње и продолжете ја вашата дневна серија на играње.";"Mulakan sesi bermain selama %lld minit dan lanjutkan rentak permainan harian anda.";"ഒരു %lld മിനിറ്റ് പ്ലേ സെഷൻ ആരംഭിച്ച് നിങ്ങളുടെ ദൈനംദിന പ്ലേ സ്ട്രീക്ക് നീട്ടുക.";"%lld-मिनिटांचे खेळण्याचे सत्र सुरू करा आणि तुमचा दैनंदिन खेळण्याचा सिलसिला वाढवा.";"%lld минутын тоглолтыг эхлүүлж, өдөр бүр тоглох цувралаа уртасга.";"%lld-मिनेट खेल सत्र सुरु गर्नुहोस् र आफ्नो दैनिक खेल स्ट्रीक विस्तार गर्नुहोस्।";"Start en %lld-minutters spilleøkt og forleng din daglige spillrekke.";"Почніть %lld-хвилинну ігрову сесію та подовжте щоденну ігрову серію.";"ଏକ %lld ମିନିଟର ଖେଳ ଅଧିବେଶନ ଆରମ୍ଭ କରନ୍ତୁ ଏବଂ ଆପଣଙ୍କର ଦ daily ନିକ ଖେଳ ଧାରାକୁ ବିସ୍ତାର କରନ୍ତୁ |";"%lld مىنۇتلۇق ئويۇننى باشلاڭ ۋە كۈندىلىك ئويناش ۋاقتىڭىزنى ئۇزارتىڭ.";"%lld daqiqalik o'yin seansini boshlang va kunlik o'yin seriyangizni uzaytiring.";"یک جلسه بازی %lld دقیقه ای را شروع کنید و بازی روزانه خود را افزایش دهید.";"Rozpocznij %lld-minutową sesję gry i przedłuż swoją codzienną passę.";"Inicie uma sessão de jogo de %lld minutos e prolongue sua sequência diária de jogos.";"%lld-ਮਿੰਟ ਦਾ ਪਲੇ ਸੈਸ਼ਨ ਸ਼ੁਰੂ ਕਰੋ ਅਤੇ ਆਪਣੀ ਰੋਜ਼ਾਨਾ ਖੇਡਣ ਦੀ ਲੜੀ ਨੂੰ ਵਧਾਓ।";"Începeți o sesiune de joc de %lld minute și extindeți-vă seria zilnică de joc.";"Начните %lld-минутную игровую сессию и продлите свою ежедневную игровую серию.";"Započnite %lld-minutnu sesiju igre i produžite svoj dnevni niz igranja.";"මිනිත්තු %lldක ක්‍රීඩා සැසියක් ආරම්භ කර ඔබේ දෛනික ක්‍රීඩා මාලාව දිගු කරන්න.";"Začnite %lld-minútovú hernú reláciu a predĺžte si dennú sériu hrania.";"Začnite %lld-minutno sejo igranja in podaljšajte svoj dnevni niz igranja.";"Comienza una sesión de juego de %lld minutos y extiende tu racha de juego diaria.";"Anza kipindi cha kucheza cha dakika %lld na uongeze mfululizo wako wa kucheza wa kila siku.";"%lld நிமிடம் விளையாடி உங்கள் தொடரை வளர்த்துக் கொள்ளுங்கள்.";"%lld నిమిషాల సెషన్ మొదలుపెట్టి నీ వరుసను పెంచు.";"เริ่มเซสชั่นการเล่น %lld นาทีและขยายแนวการเล่นประจำวันของคุณ";"སྐར་མ་ %lld ཡི་རྩེད་མོའི་དུས་ཚོད་འགོ་འཛུགས་ནས་ཉིན་ལྟར་རྩེད་མོའི་རྒྱུན་རིང་དུ་གཏོང་དགོས།";"Začněte %lldminutovou herní relaci a prodlužte si svou každodenní herní sérii.";"%lld dakikalık bir oyun seansı başlatın ve günlük oyun serinizi uzatın.";"%lld منٹ کا پلے سیشن شروع کریں اور اپنے روزانہ کھیلنے کے سلسلے کو بڑھا دیں۔";"Bắt đầu phiên chơi %lld phút và kéo dài thời gian chơi hàng ngày của bạn.";"Dechreuwch sesiwn chwarae %lld munud ac ymestyn eich rhediad chwarae dyddiol.";"Пачніце %lld-хвілінную гульнявую сесію і падоўжыце штодзённую гульнявую серыю.";"Qala iseshini yokudlala eyimizuzu engu-%lld futhi wandise ukulandelana kwakho kokudlala kwansuku zonke.";"Starta en %lld-minuters spelsession och förläng din dagliga spelserie."
"notif.day3.body %lld";"other";"A push-notification body. COUNTED TEXT — required. The wording for a plural count, and the one used whenever the 'one' row does not apply. Aim for 110 characters or fewer. Keep 1× %lld (a number).";"Start a %lld-minute session and grow your streak.";"Speel %lld minuten en bouw verder aan je reeks.";"Begin 'n %lld minute speelsessie en verleng jou daaglikse speelreeks.";"Filloni një seancë %lld-minutëshe të lojës dhe zgjeroni brezin tuaj të përditshëm të lojërave.";"የ%lld ደቂቃ የጨዋታ ክፍለ ጊዜ ይጀምሩ እና የእለት ተእለት ጨዋታዎትን ያራዝሙ።";"ابدأ جلسة لعب مدتها %lld دقائق وقم بتمديد خط لعبك اليومي.";"Սկսեք %lld րոպեանոց խաղային նստաշրջան և երկարացրեք ձեր ամենօրյա խաղային շարանը:";"%lld মিনিটৰ খেলা অধিবেশন আৰম্ভ কৰক আৰু আপোনাৰ দৈনিক খেলাৰ ধাৰা বৃদ্ধি কৰক।";"%lld dəqiqəlik oyun seansına başlayın və gündəlik oyun seriyanızı artırın.";"Hasi %lld minutuko jolas-saio bat eta luzatu zure eguneroko jolas bolada.";"একটি %lld-মিনিটের খেলার সেশন শুরু করুন এবং আপনার প্রতিদিনের খেলার স্ট্রীক প্রসারিত করুন।";"%lld မိနစ်ကြာ ကစားချိန်ကို စတင်ပြီး သင်၏နေ့စဥ်ကစားခြင်းကို သက်တမ်းတိုးပါ။";"Započnite %lld-minutnu sesiju igre i produžite svoj dnevni niz igranja.";"Започнете %lld-минутна игрална сесия и удължете ежедневната си игрална серия.";"Comença una sessió de joc de %lld minuts i allarga la teva ratxa diària de joc.";"开始 %lld 分钟的游戏并延长您每天的连续游戏时间。";"Start en %lld-minutters spillesession og forlænge din daglige spillerække.";"Starten Sie eine %lld-minütige Spielsitzung und verlängern Sie Ihre tägliche Spielsträhne.";"Alustage %lld-minutilist mänguseanssi ja pikendage oma igapäevast mänguseeriat.";"Byrja eina %lld minuttir langa spælitíð og leingja tína dagligu spælirøð.";"Aloita %lld minuutin pelisessio ja pidennä päivittäistä pelisarjaasi.";"Démarrez une session de jeu de %lld minutes et prolongez votre séquence de jeu quotidienne.";"Comeza unha sesión de xogo de %lld minutos e amplía a túa racha de xogo diaria.";"დაიწყეთ %lld წუთიანი სათამაშო სესია და გააგრძელეთ თქვენი ყოველდღიური სათამაშო სერია.";"Ξεκινήστε ένα παιχνίδι %lld λεπτών και επεκτείνετε το καθημερινό σερί παιχνιδιού σας.";"%lld-મિનિટનું રમતનું સત્ર શરૂ કરો અને તમારી દૈનિક રમવાની સ્ટ્રીકને લંબાવો.";"התחל סשן משחק של %lld דקות והארך את רצף המשחקים היומי שלך.";"%lld मिनट का खेल सत्र शुरू करें और अपने दैनिक खेल क्रम का विस्तार करें।";"Kezdj el egy %lld perces játékmenetet, és hosszabbítsd meg napi játéksorozatodat.";"Tosaigh seisiún súgartha %lld-nóiméad agus síneadh do stríoc imeartha laethúil.";"Byrjaðu %lld mínútna leiklotu og lengdu daglega spilahrinu þína.";"Mulailah sesi bermain %lld menit dan perpanjang rekor permainan harian Anda.";"Inizia una sessione di gioco di %lld minuti ed estendi la tua serie di giochi giornaliera.";"%lld 分間のプレイ セッションを開始して、毎日の連続プレイを延長しましょう。";"%lld ನಿಮಿಷಗಳ ಆಟದ ಅವಧಿಯನ್ನು ಪ್ರಾರಂಭಿಸಿ ಮತ್ತು ನಿಮ್ಮ ದೈನಂದಿನ ಆಟದ ಸರಣಿಯನ್ನು ವಿಸ್ತರಿಸಿ.";"%lld минуттық ойын сеансын бастаңыз және күнделікті ойын сериясын ұзартыңыз.";"ចាប់ផ្តើមវគ្គលេងរយៈពេល %lld នាទី និងពង្រីកការលេងប្រចាំថ្ងៃរបស់អ្នក។";"%lld분 플레이 세션을 시작하고 일일 연속 플레이를 연장하세요.";"Započnite %lld-minutnu sesiju igranja i produžite svoj dnevni niz igranja.";"ເລີ່ມການຫຼິ້ນ %lld ນາທີ ແລະຂະຫຍາຍການຫຼິ້ນປະຈໍາວັນຂອງທ່ານ.";"Sāciet %lld minūšu spēles sesiju un pagariniet savu ikdienas spēļu sēriju.";"Pradėkite %lld minučių žaidimo sesiją ir pratęskite savo kasdienę žaidimų seriją.";"Започнете %lld-минутна сесија за играње и продолжете ја вашата дневна серија на играње.";"Mulakan sesi bermain selama %lld minit dan lanjutkan rentak permainan harian anda.";"ഒരു %lld മിനിറ്റ് പ്ലേ സെഷൻ ആരംഭിച്ച് നിങ്ങളുടെ ദൈനംദിന പ്ലേ സ്ട്രീക്ക് നീട്ടുക.";"%lld-मिनिटांचे खेळण्याचे सत्र सुरू करा आणि तुमचा दैनंदिन खेळण्याचा सिलसिला वाढवा.";"%lld минутын тоглолтыг эхлүүлж, өдөр бүр тоглох цувралаа уртасга.";"%lld-मिनेट खेल सत्र सुरु गर्नुहोस् र आफ्नो दैनिक खेल स्ट्रीक विस्तार गर्नुहोस्।";"Start en %lld-minutters spilleøkt og forleng din daglige spillrekke.";"Почніть %lld-хвилинну ігрову сесію та подовжте щоденну ігрову серію.";"ଏକ %lld ମିନିଟର ଖେଳ ଅଧିବେଶନ ଆରମ୍ଭ କରନ୍ତୁ ଏବଂ ଆପଣଙ୍କର ଦ daily ନିକ ଖେଳ ଧାରାକୁ ବିସ୍ତାର କରନ୍ତୁ |";"%lld مىنۇتلۇق ئويۇننى باشلاڭ ۋە كۈندىلىك ئويناش ۋاقتىڭىزنى ئۇزارتىڭ.";"%lld daqiqalik o'yin seansini boshlang va kunlik o'yin seriyangizni uzaytiring.";"یک جلسه بازی %lld دقیقه ای را شروع کنید و بازی روزانه خود را افزایش دهید.";"Rozpocznij %lld-minutową sesję gry i przedłuż swoją codzienną passę.";"Inicie uma sessão de jogo de %lld minutos e prolongue sua sequência diária de jogos.";"%lld-ਮਿੰਟ ਦਾ ਪਲੇ ਸੈਸ਼ਨ ਸ਼ੁਰੂ ਕਰੋ ਅਤੇ ਆਪਣੀ ਰੋਜ਼ਾਨਾ ਖੇਡਣ ਦੀ ਲੜੀ ਨੂੰ ਵਧਾਓ।";"Începeți o sesiune de joc de %lld minute și extindeți-vă seria zilnică de joc.";"Начните %lld-минутную игровую сессию и продлите свою ежедневную игровую серию.";"Započnite %lld-minutnu sesiju igre i produžite svoj dnevni niz igranja.";"මිනිත්තු %lldක ක්‍රීඩා සැසියක් ආරම්භ කර ඔබේ දෛනික ක්‍රීඩා මාලාව දිගු කරන්න.";"Začnite %lld-minútovú hernú reláciu a predĺžte si dennú sériu hrania.";"Začnite %lld-minutno sejo igranja in podaljšajte svoj dnevni niz igranja.";"Comienza una sesión de juego de %lld minutos y extiende tu racha de juego diaria.";"Anza kipindi cha kucheza cha dakika %lld na uongeze mfululizo wako wa kucheza wa kila siku.";"%lld நிமிடங்கள் விளையாடி உங்கள் தொடரை வளர்த்துக் கொள்ளுங்கள்.";"%lld నిమిషాల సెషన్ మొదలుపెట్టి నీ వరుసను పెంచు.";"เริ่มเซสชั่นการเล่น %lld นาทีและขยายแนวการเล่นประจำวันของคุณ";"སྐར་མ་ %lld ཡི་རྩེད་མོའི་དུས་ཚོད་འགོ་འཛུགས་ནས་ཉིན་ལྟར་རྩེད་མོའི་རྒྱུན་རིང་དུ་གཏོང་དགོས།";"Začněte %lldminutovou herní relaci a prodlužte si svou každodenní herní sérii.";"%lld dakikalık bir oyun seansı başlatın ve günlük oyun serinizi uzatın.";"%lld منٹ کا پلے سیشن شروع کریں اور اپنے روزانہ کھیلنے کے سلسلے کو بڑھا دیں۔";"Bắt đầu phiên chơi %lld phút và kéo dài thời gian chơi hàng ngày của bạn.";"Dechreuwch sesiwn chwarae %lld munud ac ymestyn eich rhediad chwarae dyddiol.";"Пачніце %lld-хвілінную гульнявую сесію і падоўжыце штодзённую гульнявую серыю.";"Qala iseshini yokudlala eyimizuzu engu-%lld futhi wandise ukulandelana kwakho kokudlala kwansuku zonke.";"Starta en %lld-minuters spelsession och förläng din dagliga spelserie."
"notif.day3.title";"";"A push-notification title. The lock screen truncates it, so put the point first. Aim for 40 characters or fewer.";"Let’s make day 3 happen! ⭐";"Maak dag 3 compleet! ⭐";"Kom ons laat dag 3 gebeur! ⭐";"Le të realizojmë ditën e tretë! ⭐";"3ኛው ቀን እንዲሆን እናድርግ! ⭐";"دعونا نجعل اليوم الثالث يحدث! ⭐";"Եկեք կատարենք 3-րդ օրը: ⭐";"3য় দিনটো ঘটাওঁ আহক! ⭐";"Gəlin 3-cü günü gerçəkləşdirək! ⭐";"Egin dezagun 3. eguna! ⭐";"দিন 3 ঘটতে দিন! ⭐";"Day 3 ဖြစ်မြောက်အောင် လုပ်ကြရအောင်။ ⭐";"Hajde da ostvarimo 3. dan! ⭐";"Нека ден 3 се случи! ⭐";"Fem que el dia 3 passi! ⭐";"让我们实现第三天吧！ ⭐";"Lad os få dag 3 til at ske! ⭐";"Lasst uns Tag 3 möglich machen! ⭐";"Teeme 3. päeva teoks! ⭐";"Latið okkum fáa dag 3 at henda! ⭐";"Tehdään päivästä 3 toteutuva! ⭐";"Faisons en sorte que le troisième jour ait lieu ! ⭐";"¡Facemos que o día 3 suceda! ⭐";"მოდით, მე-3 დღე მოხდეს! ⭐";"Ας κάνουμε την 3η μέρα να συμβεί! ⭐";"ચાલો દિવસ 3 ની ઘટના બનાવીએ! ⭐";"בואו נגרום ליום השלישי להתרחש! ⭐";"आइए तीसरे दिन को सफल बनाएं! ⭐";"Legyen a 3. nap! ⭐";"Déanaimis an tríú lá! ⭐";"Látum dag 3 gerast! ⭐";"Mari wujudkan hari ke-3! ⭐";"Realizziamo il terzo giorno! ⭐";"3日目も実現させましょう！ ⭐";"3 ನೇ ದಿನವನ್ನು ಮಾಡೋಣ! ⭐";"3-ші күнді орындайық! ⭐";"សូមឱ្យថ្ងៃទី 3 កើតឡើង! ⭐";"3일차를 만들어보자! ⭐";"Ostvarimo treći dan! ⭐";"ຂໍໃຫ້ວັນທີ 3 ເກີດຂຶ້ນ! ⭐";"Panāksim 3. dienu! ⭐";"Kad įvyktų 3 diena! ⭐";"Да го направиме 3-тиот ден да се случи! ⭐";"Mari jadikan hari ke-3 berlaku! ⭐";"നമുക്ക് ദിവസം 3 ആക്കാം! ⭐";"चला तिसरा दिवस घडवूया! ⭐";"3 дахь өдрөө амжилттай болгоцгооё! ⭐";"दिन 3 बनाउनुहोस्! ⭐";"La oss få dag 3 til å skje! ⭐";"Давайте зробимо день 3! ⭐";"ଚାଲ ଦିନ 3 କରିବା! ⭐";"3-كۈنىنى قىلايلى! ⭐";"Keling, 3-kunni amalga oshiraylik! ⭐";"اجازه دهید روز 3 اتفاق بیفتد! ⭐";"Sprawmy, aby dzień 3 się odbył! ⭐";"Vamos fazer o dia 3 acontecer! ⭐";"ਆਉ ਦਿਨ 3 ਨੂੰ ਪੂਰਾ ਕਰੀਏ! ⭐";"Să facem ziua 3 să se întâmple! ⭐";"Давайте сделаем так, чтобы третий день состоялся! ⭐";"Hajde da ostvarimo treći dan! ⭐";"3 වන දිනය සිදු කරමු! ⭐";"Uskutočnime deň 3! ⭐";"Naj se zgodi 3. dan! ⭐";"¡Hagamos realidad el día 3! ⭐";"Wacha tuifanye siku ya 3 ifanyike! ⭐";"3வது நாளை நடக்க வைப்போம்! ⭐";"మూడో రోజును పూర్తి చేద్దాం! ⭐";"มาทำให้วันที่ 3 เกิดขึ้นกันเถอะ! ⭐";"ཉིན་གསུམ་པ་དེ་འགྲུབ་པར་བྱོས། ⭐";"Pojďme uskutečnit den 3! ⭐";"Haydi 3. günü gerçekleştirelim! ⭐";"آئیے دن 3 کو انجام دیں! ⭐";"Hãy biến ngày thứ 3 thành hiện thực! ⭐";"Gadewch i ni wneud i ddiwrnod 3 ddigwydd! ⭐";"Давайце зробім дзень 3! ⭐";"Masenze usuku lwesi-3 lwenzeke! ⭐";"Låt oss få dag 3 att hända! ⭐"
"notif.premium.body %lld";"";"A push-notification body. Aim for 110 characters or fewer. Keep 1× %lld (a number). The count is always 99 (Content.premiumLevelsPerTopic).";"Premium opens %lld levels in every topic and all ten animals.";"Met Premium open je %lld levels per onderwerp en alle tien de dieren.";"Jumping Fox Premium bevat %lld vlakke vir elke onderwerp en al 10 diere. Die avontuur gaan voort!";"Jumping Fox Premium përfshin %lld nivele për çdo temë dhe të 10 kafshët. Aventura vazhdon!";"ዝላይ ፎክስ ፕሪሚየም ለእያንዳንዱ ርዕስ %lld ደረጃዎችን እና ሁሉንም 10 እንስሳትን ያካትታል።ጀብዱ ይቀጥላል!";"يتضمن Jumping Fox Premium %lld مستوى لكل موضوع وجميع الحيوانات العشرة. المغامرة مستمرة!";"Jumping Fox Premium-ը ներառում է %lld մակարդակ յուրաքանչյուր թեմայի և բոլոր 10 կենդանիների համար:Արկածը շարունակվում է:";"জাম্পিং ফক্স প্ৰিমিয়ামত প্ৰতিটো বিষয় আৰু সকলো 10টা প্ৰাণীৰ বাবে %lldটা স্তৰ অন্তৰ্ভুক্ত কৰা হৈছে। দুঃসাহসিক অভিযান চলি থাকে!";"Jumping Fox Premium hər mövzu və bütün 10 heyvan üçün %lld səviyyəni ehtiva edir. Macəra davam edir!";"Jumping Fox Premium-ek %lld maila biltzen ditu gai bakoitzeko eta 10 animalia guztientzat. Abenturak aurrera jarraitzen du!";"জাম্পিং ফক্স প্রিমিয়ামে প্রতিটি বিষয়ের জন্য %lldটি স্তর এবং সমস্ত 10টি প্রাণী রয়েছে। অ্যাডভেঞ্চার চলতে থাকে!";"Jumping Fox Premium တွင် အကြောင်းအရာတိုင်းအတွက် အဆင့် %lld နှင့် တိရစ္ဆာန် 10 ကောင်တို့ပါဝင်သည်။စွန့်စားခန်းသည် ဆက်သွားနေသည်။";"Jumping Fox Premium uključuje %lld nivoa za svaku temu i svih 10 životinja. Avantura se nastavlja!";"Jumping Fox Premium включва %lld нива за всяка тема и всички 10 животни. Приключението продължава!";"Jumping Fox Premium inclou %lld nivells per a cada tema i els 10 animals. L'aventura segueix endavant!";"Jumping Fox Premium 包含每个主题的 %lld 个关卡和全部 10 种动物。冒险仍在继续！";"Jumping Fox Premium inkluderer %lld niveauer for hvert emne og alle 10 dyr. Eventyret fortsætter!";"Jumping Fox Premium umfasst %lld Level für jedes Thema und alle 10 Tiere. Das Abenteuer geht weiter!";"Jumping Fox Premium sisaldab %lld taset iga teema ja kõigi 10 looma jaoks. Seiklus jätkub!";"Jumping Fox Premium inniheldur %lld stig til hvørt evni og øll 10 djórini. Ævintýrið heldur fram!";"Jumping Fox Premium sisältää %lld tasoa jokaiselle aiheelle ja kaikille 10 eläimelle. Seikkailu jatkuu!";"Jumping Fox Premium comprend %lld niveaux pour chaque sujet et les 10 animaux. L'aventure continue !";"Jumping Fox Premium inclúe %lld niveis para cada tema e os 10 animais. A aventura continúa!";"Jumping Fox Premium მოიცავს %lld დონეს ყველა თემისთვის და 10-ვე ცხოველისთვის. თავგადასავალი გრძელდება!";"Το Jumping Fox Premium περιλαμβάνει %lld επίπεδα για κάθε θέμα και τα 10 ζώα. Η περιπέτεια συνεχίζεται!";"જમ્પિંગ ફોક્સ પ્રીમિયમમાં દરેક વિષય માટે %lld સ્તરો અને તમામ 10 પ્રાણીઓનો સમાવેશ થાય છે. સાહસ ચાલુ રહે છે!";"Jumping Fox Premium כולל %lld רמות לכל נושא וכל 10 החיות. ההרפתקה ממשיכה!";"जंपिंग फॉक्स प्रीमियम में प्रत्येक विषय और सभी 10 जानवरों के लिए %lld स्तर शामिल हैं। साहसिक कार्य चलता रहता है!";"A Jumping Fox Premium %lld szintet tartalmaz minden témához és mind a 10 állathoz. A kaland folytatódik!";"Cuimsíonn Jumping Fox Premium %lld leibhéal do gach ábhar agus do gach 10 n-ainmhí. Leanann an eachtra ar aghaidh!";"Jumping Fox Premium inniheldur %lld stig fyrir hvert efni og öll 10 dýrin. Ævintýrið heldur áfram!";"Jumping Fox Premium mencakup %lld level untuk setiap topik dan 10 hewan. Petualangan terus berlanjut!";"Jumping Fox Premium include %lld livelli per ogni argomento e tutti i 10 animali. L'avventura continua!";"Jumping Fox プレミアムには、すべてのトピックと 10 匹すべての動物の %lld レベルが含まれています。冒険はまだまだ続きます！";"ಜಂಪಿಂಗ್ ಫಾಕ್ಸ್ ಪ್ರೀಮಿಯಂ ಪ್ರತಿ ವಿಷಯ ಮತ್ತು ಎಲ್ಲಾ 10 ಪ್ರಾಣಿಗಳಿಗೆ %lld ಹಂತಗಳನ್ನು ಒಳಗೊಂಡಿದೆ. ಸಾಹಸವು ಮುಂದುವರಿಯುತ್ತದೆ!";"Jumping Fox Premium әр тақырыпқа және барлық 10 жануарға арналған %lld деңгейді қамтиды. Шытырман оқиға жалғасуда!";"Jumping Fox Premium រួមបញ្ចូលកម្រិត %lld សម្រាប់គ្រប់ប្រធានបទ និងសត្វទាំង 10 ។ដំណើរផ្សងព្រេងនៅតែបន្ត!";"Jumping Fox 프리미엄에는 모든 주제와 10가지 동물에 대한 %lld개의 레벨이 포함되어 있습니다. 모험은 계속됩니다!";"Jumping Fox Premium uključuje %lld razina za svaku temu i svih 10 životinja. Avantura nastavlja!";"Jumping Fox Premium ປະກອບມີ %lld ລະດັບສຳລັບທຸກໆຫົວຂໍ້ ແລະສັດທັງໝົດ 10 ໂຕ. ການຜະຈົນໄພສືບຕໍ່!";"Jumping Fox Premium ietver %lld līmeņus katrai tēmai un visiem 10 dzīvniekiem. Piedzīvojums turpinās!";"Jumping Fox Premium apima %lld lygius kiekvienai temai ir visiems 10 gyvūnų. Nuotykis tęsiasi!";"Jumping Fox Premium вклучува %lld нивоа за секоја тема и сите 10 животни. Авантурата продолжува!";"Jumping Fox Premium termasuk %lld tahap untuk setiap topik dan kesemua 10 haiwan. Pengembaraan diteruskan!";"ജമ്പിംഗ് ഫോക്സ് പ്രീമിയത്തിൽ ഓരോ വിഷയത്തിനും എല്ലാ 10 മൃഗങ്ങൾക്കും %lld ലെവലുകൾ ഉൾപ്പെടുന്നു. സാഹസികത തുടരുന്നു!";"जंपिंग फॉक्स प्रीमियममध्ये प्रत्येक विषयासाठी %lld स्तर आणि सर्व 10 प्राण्यांचा समावेश आहे. साहस चालूच राहते!";"Jumping Fox Premium нь сэдэв бүрийн %lld түвшин болон бүх 10 амьтныг агуулдаг. Адал явдал үргэлжилсээр байна!";"जम्पिङ फक्स प्रिमियमले हरेक विषय र सबै 10 जनावरहरूको लागि %lld स्तरहरू समावेश गर्दछ। साहसिक कार्य जारी छ!";"Jumping Fox Premium inkluderer %lld nivåer for hvert emne og alle 10 dyrene. Eventyret fortsetter!";"Jumping Fox Premium містить %lld рівнів для кожної теми та всіх 10 тварин. Пригоди тривають!";"ଜମ୍ପ୍ ଫକ୍ସ ପ୍ରିମିୟମ୍ ପ୍ରତ୍ୟେକ ବିଷୟ ଏବଂ ସମସ୍ତ 10 ପ୍ରାଣୀ ପାଇଁ %lld ସ୍ତର ଅନ୍ତର୍ଭୁକ୍ତ କରେ |ଦୁ venture ସାହସିକ କାର୍ଯ୍ୟ ଜାରି ରଖେ!";"سەكرەش تۈلكە مۇكاپاتى ھەر بىر تېما ۋە 10 ھايۋاننىڭ %lld دەرىجىسىنى ئۆز ئىچىگە ئالىدۇ. تەۋەككۈلچىلىك داۋاملىشىدۇ!";"Jumping Fox Premium har bir mavzu va barcha 10 hayvonlar uchun %lld darajani o'z ichiga oladi. Sarguzasht davom etmoqda!";"Jumping Fox Premium شامل %lld سطح برای هر موضوع و هر 10 حیوان است. ماجرا همچنان ادامه دارد!";"Jumping Fox Premium zawiera %lld poziomów dla każdego tematu i wszystkich 10 zwierząt. Przygoda trwa!";"Jumping Fox Premium inclui %lld níveis para cada tópico e todos os 10 animais. A aventura continua!";"ਜੰਪਿੰਗ ਫੌਕਸ ਪ੍ਰੀਮੀਅਮ ਵਿੱਚ ਹਰ ਵਿਸ਼ੇ ਲਈ %lld ਪੱਧਰ ਅਤੇ ਸਾਰੇ 10 ਜਾਨਵਰ ਸ਼ਾਮਲ ਹਨ। ਸਾਹਸ ਜਾਰੀ ਰਹਿੰਦਾ ਹੈ!";"Jumping Fox Premium include %lld de niveluri pentru fiecare subiect și toate cele 10 animale. Aventura continuă!";"Jumping Fox Premium включает в себя %lld уровней на каждую тему и всех 10 животных. Приключение продолжается!";"Jumping Fok Premium uključuje %lld nivoa za svaku temu i svih 10 životinja. Avantura se nastavlja!";"Jumping Fox Premium හි සෑම මාතෘකාවක් සඳහාම මට්ටම් %lldක් සහ සියලුම සතුන් 10ක් ඇතුළත් වේ. වික්‍රමය දිගටම පවතී!";"Jumping Fox Premium obsahuje %lld úrovní pre každú tému a všetkých 10 zvierat. Dobrodružstvo pokračuje!";"Jumping Fox Premium vključuje %lld stopenj za vsako temo in vseh 10 živali. Pustolovščina se nadaljuje!";"Jumping Fox Premium incluye %lld niveles para cada tema y los 10 animales. ¡La aventura continúa!";"Kuruka Fox Premium inajumuisha viwango %lld kwa kila mada na wanyama wote 10. Matukio yanaendelea!";"ஜம்பிங் ஃபாக்ஸ் பிரீமியம் ஒவ்வொரு தலைப்புக்கும் அனைத்து 10 விலங்குகளுக்கும் %lld நிலைகளை உள்ளடக்கியது. சாகசம் தொடர்கிறது!";"ప్రతి అంశానికి %lld లెవల్‌లు, మొత్తం 10 జంతువుల కోసం ప్రీమియం తీసుకో — సాహసం కొనసాగుతుంది.";"Jumping Fox Premium มี %lld ด่านสำหรับทุกหัวข้อและสัตว์ทั้งหมด 10 ตัวการผจญภัยดำเนินต่อไป!";"མཆོང་རྒྱུག་ཕོགས་ཀྱི་སྔོན་ཐོན་ནང་བརྗོད་གཞི་རེ་རེ་དང་སེམས་ཅན་10ཚང་མའི་ཆེད་དུ་རིམ་པ་%lldཚུད་ཡོད།མྱོང་ཚོར་དེ་མུ་མཐུད་དུ་འགྲོ་བཞིན་ཡོད།";"Jumping Fox Premium obsahuje %lld úrovní pro každé téma a všech 10 zvířat. Dobrodružství pokračuje!";"Jumping Fox Premium, her konu ve 10 hayvanın tümü için %lld seviye içerir. Macera devam ediyor!";"جمپنگ فاکس پریمیم میں ہر موضوع کے لیے %lld لیولز اور تمام 10 جانور شامل ہیں۔ایڈونچر جاری ہے!";"Jumping Fox Premium bao gồm %lld cấp độ cho mọi chủ đề và tất cả 10 con vật. Cuộc phiêu lưu vẫn tiếp tục!";"Mae Premiwm Jumping Fox yn cynnwys %lld lefel ar gyfer pob pwnc a phob un o'r 10 anifail. Mae'r antur yn dal i fynd!";"Jumping Fox Premium уключае %lld узроўняў для кожнай тэмы і ўсіх 10 жывёл. Прыгоды працягваюцца!";"I-Jumping Fox Premium ifaka amazinga angama-%lld esihlokweni ngasinye nazo zonke izilwane eziyi-10. I-adventure iyaqhubeka!";"Jumping Fox Premium innehåller %lld nivåer för varje ämne och alla 10 djur. Äventyret fortsätter!"
"notif.premium.title";"";"A push-notification title. The lock screen truncates it, so put the point first. Aim for 47 characters or fewer.";"Unlock more levels and animals! 🌈";"Speel meer niveaus en dieren vrij! 🌈";"Ontsluit meer vlakke en diere! 🌈";"Zhbllokoni më shumë nivele dhe kafshë! 🌈";"ተጨማሪ ደረጃዎችን እና እንስሳትን ይክፈቱ! 🌈";"فتح المزيد من المستويات والحيوانات! 🌈";"Բացեք ավելի շատ մակարդակներ և կենդանիներ: 🌈";"অধিক স্তৰ আৰু প্ৰাণী আনলক! 🌈";"Daha çox səviyyələrin və heyvanların kilidini açın! 🌈";"Desblokeatu maila eta animalia gehiago! 🌈";"আরও স্তর এবং প্রাণী আনলক করুন! 🌈";"အဆင့်များနှင့် တိရစ္ဆာန်များကို လော့ခ်ဖွင့်ပါ။ 🌈";"Otključajte više nivoa i životinja! 🌈";"Отключете повече нива и животни! 🌈";"Desbloqueja més nivells i animals! 🌈";"解锁更多关卡和动物！ 🌈";"Lås op for flere niveauer og dyr! 🌈";"Schalte mehr Level und Tiere frei! 🌈";"Avage rohkem tasemeid ja loomi! 🌈";"Læs fleiri stig og djór upp! 🌈";"Avaa lisää tasoja ja eläimiä! 🌈";"Débloquez plus de niveaux et d'animaux ! 🌈";"Desbloquea máis niveis e animais! 🌈";"გახსენით მეტი დონე და ცხოველები! 🌈";"Ξεκλειδώστε περισσότερα επίπεδα και ζώα! 🌈";"વધુ સ્તરો અને પ્રાણીઓને અનલૉક કરો! 🌈";"פתח עוד רמות וחיות! 🌈";"अधिक स्तरों और जानवरों को अनलॉक करें! 🌈";"Nyisson meg több szintet és állatot! 🌈";"Díghlasáil níos mó leibhéil agus ainmhithe! 🌈";"Opnaðu fleiri stig og dýr! 🌈";"Buka lebih banyak level dan hewan! 🌈";"Sblocca più livelli e animali! 🌈";"さらに多くのレベルと動物をアンロックしましょう！ 🌈";"ಹೆಚ್ಚಿನ ಮಟ್ಟಗಳು ಮತ್ತು ಪ್ರಾಣಿಗಳನ್ನು ಅನ್ಲಾಕ್ ಮಾಡಿ! 🌈";"Көбірек деңгейлер мен жануарлардың құлпын ашыңыз! 🌈";"ដោះសោកម្រិតនិងសត្វកាន់តែច្រើន! 🌈";"더 많은 레벨과 동물을 잠금 해제하세요! 🌈";"Otključajte više razina i životinja! 🌈";"ປົດລັອກຫຼາຍລະດັບ ແລະສັດ! 🌈";"Atbloķējiet vairāk līmeņu un dzīvnieku! 🌈";"Atrakinkite daugiau lygių ir gyvūnų! 🌈";"Отклучете повеќе нивоа и животни! 🌈";"Buka kunci lebih banyak tahap dan haiwan! 🌈";"കൂടുതൽ ലെവലുകളും മൃഗങ്ങളും അൺലോക്ക് ചെയ്യുക! 🌈";"अधिक स्तर आणि प्राणी अनलॉक करा! 🌈";"Илүү олон түвшин, амьтдын түгжээг нээ! 🌈";"थप स्तर र जनावरहरू अनलक गर्नुहोस्! 🌈";"Lås opp flere nivåer og dyr! 🌈";"Розблокуйте більше рівнів і тварин! 🌈";"ଅଧିକ ସ୍ତର ଏବଂ ପଶୁମାନଙ୍କୁ ଅନଲକ୍ କରନ୍ତୁ! 🌈";"تېخىمۇ كۆپ قاتلام ۋە ھايۋانلارنى ئېچىڭ! 🌈";"Ko'proq darajalar va hayvonlarni oching! 🌈";"سطوح و حیوانات بیشتر را باز کنید! 🌈";"Odblokuj więcej poziomów i zwierząt! 🌈";"Desbloqueie mais níveis e animais! 🌈";"ਹੋਰ ਪੱਧਰਾਂ ਅਤੇ ਜਾਨਵਰਾਂ ਨੂੰ ਅਨਲੌਕ ਕਰੋ! 🌈";"Deblochează mai multe niveluri și animale! 🌈";"Разблокируйте больше уровней и животных! 🌈";"Otključajte više nivoa i životinja! 🌈";"තවත් මට්ටම් සහ සතුන් අගුළු හරින්න! 🌈";"Odomknite ďalšie úrovne a zvieratá! 🌈";"Odkleni več stopenj in živali! 🌈";"¡Desbloquea más niveles y animales! 🌈";"Fungua viwango zaidi na wanyama! 🌈";"மேலும் நிலைகளையும் விலங்குகளையும் திறக்கவும்! 🌈";"మరిన్ని లెవల్‌లు, జంతువులను తెరువు! 🌈";"ปลดล็อคระดับและสัตว์เพิ่มเติม! 🌈";"གནས་རིམ་དང་སེམས་ཅན་མང་བ་ཕྱེ་རོགས། . 🌈";"Odemkněte další úrovně a zvířata! 🌈";"Daha fazla seviyenin ve hayvanın kilidini açın! 🌈";"مزید سطحوں اور جانوروں کو غیر مقفل کریں! 🌈";"Mở khóa nhiều cấp độ và động vật hơn! 🌈";"Datgloi mwy o lefelau ac anifeiliaid! 🌈";"Разблакуйце больш узроўняў і жывёл! 🌈";"Vula amazinga engeziwe nezilwane! 🌈";"Lås upp fler nivåer och djur! 🌈"
"notif.reactivate.body %lld";"";"A push-notification body. Aim for 110 characters or fewer. Keep 1× %lld (a number). The count is always 3.";"It’s been %lld days. Let’s solve some sums and earn more trophies!";"Het is %lld dagen geleden. Tijd voor wat sommen en nieuwe trofeeën!";"Dit is al %lld dae. Kom ons los 'n paar wiskunde-oefeninge op en verdien meer trofeë!";"Kanë kaluar %lld ditë. Le të zgjidhim disa ushtrime matematikore dhe të fitojmë më shumë trofe!";"%lld ቀን ሆኖታል።አንዳንድ የሂሳብ ልምምዶችን እንፍታ እና ብዙ ዋንጫዎችን እናገኝ!";"لقد مرت %lld أيام. دعونا نحل بعض تمارين الرياضيات ونكسب المزيد من الجوائز!";"Անցել է %lld օր։Եկեք լուծենք որոշ մաթեմատիկական վարժություններ և վաստակենք ավելի շատ գավաթներ:";"%lld দিন হ'ল। আহকচোন কিছুমান গণিতৰ অনুশীলন সমাধান কৰি আৰু অধিক ট্ৰফী উপাৰ্জন কৰো!";"%lld gün keçdi. Gəlin bəzi riyaziyyat tapşırıqlarını həll edək və daha çox kubok qazanaq!";"%lld egun pasa dira. Ebatzi ditzagun matematikako ariketa batzuk eta irabaz ditzagun garaikur gehiago!";"%lld দিন হয়ে গেল। আসুন কিছু গণিত অনুশীলন সমাধান করি এবং আরও ট্রফি অর্জন করি!";"%lld ရက်ရှိပြီ။သင်္ချာလေ့ကျင့်ခန်းအချို့ကို ဖြေရှင်းပြီး ဆုဖလားများ ထပ်မံရယူကြပါစို့။";"Prošlo je %lld dana. Hajde da riješimo neke matematičke vježbe i zaradimo još trofeja!";"Минаха %lld дни. Нека да решим някои математически упражнения и да спечелим повече трофеи!";"Han passat %lld dies. Anem a resoldre alguns exercicis de matemàtiques i guanyar més trofeus!";"已经%lld天了。让我们解决一些数学练习并赢得更多奖杯！";"Der er gået %lld dage. Lad os løse nogle matematikøvelser og tjene flere trofæer!";"Es sind %lld Tage vergangen. Lasst uns ein paar Matheaufgaben lösen und mehr Trophäen verdienen!";"%lld päeva on möödas. Lahendame mõned matemaatikaülesanded ja teenime rohkem karikaid!";"Tað eru %lld dagar síðani. Latið okkum loysa nakrar støddfrøðiligar uppgávur og vinna okkum fleiri steyp!";"Siitä on %lld päivää. Ratkaistaan ​​matemaattisia tehtäviä ja ansaitaan lisää pokaaleja!";"Cela fait %lld jours. Résolvons quelques exercices de mathématiques et gagnons plus de trophées !";"Xa pasaron %lld días. Resolvemos algúns exercicios de matemáticas e gañemos máis trofeos!";"უკვე %lld დღეა. მოდით გადავწყვიტოთ რამდენიმე მათემატიკური სავარჯიშო და მოვიგოთ მეტი თასი!";"Έχουν περάσει %lld μέρες. Ας λύσουμε μερικές ασκήσεις μαθηματικών και ας κερδίσουμε περισσότερα τρόπαια!";"%lld દિવસ થઈ ગયા. ચાલો ગણિતની કેટલીક કસરતો ઉકેલીએ અને વધુ ટ્રોફી કમાઈએ!";"עברו %lld ימים. בואו נפתור כמה תרגילי מתמטיקה ונרוויח עוד גביעים!";"%lld दिन हो गये. आइए गणित के कुछ अभ्यास हल करें और अधिक ट्राफियां अर्जित करें!";"%lld nap telt el. Oldjunk meg néhány matematikai feladatot, és szerezzünk több trófeát!";"Tá sé %lld lá. Déanaimis roinnt cleachtaí matamaitice a réiteach agus níos mó trófaithe a thuilleamh!";"Það eru %lld dagar síðan. Við skulum leysa nokkrar stærðfræðiæfingar og vinna okkur inn fleiri titla!";"Sudah %lld hari. Ayo selesaikan beberapa latihan matematika dan dapatkan lebih banyak piala!";"Sono passati %lld giorni. Risolviamo alcuni esercizi di matematica e guadagniamo più trofei!";"%lld日が経ちました。数学の練習問題を解いて、より多くのトロフィーを獲得しましょう!";"%lld ದಿನಗಳಾಗಿವೆ. ಕೆಲವು ಗಣಿತ ವ್ಯಾಯಾಮಗಳನ್ನು ಪರಿಹರಿಸೋಣ ಮತ್ತು ಹೆಚ್ಚಿನ ಟ್ರೋಫಿಗಳನ್ನು ಗಳಿಸೋಣ!";"%lld күн болды. Математикалық жаттығуларды шешіп, көбірек жүлде ұтып алайық!";"មានរយៈពេល %lld ថ្ងៃ។តោះ​ដោះស្រាយ​លំហាត់​គណិត​ខ្លះ​ហើយ​ឈ្នះ​ពាន​ទៀត!";"%lld일이 지났습니다. 몇 가지 수학 문제를 풀고 더 많은 트로피를 획득해 보세요!";"Prošla su %lld dana. Riješimo nekoliko matematičkih zadataka i osvojimo još trofeja!";"%lld ມື້ແລ້ວ. ມາແກ້ບົດເຝິກຫັດຄະນິດສາດ ແລະ ຮັບຮາງວັນເພີ່ມເຕີມ!";"Ir pagājušas %lld dienas. Atrisināsim dažus matemātikas uzdevumus un nopelnīsim vairāk trofeju!";"Praėjo %lld dienos. Išspręskime keletą matematikos pratimų ir pelnykime daugiau trofėjų!";"Поминаа %lld дена. Ајде да решиме неколку математички вежби и да заработиме повеќе трофеи!";"dah %lld hari. Mari selesaikan beberapa latihan matematik dan dapatkan lebih banyak trofi!";"%lld ദിവസമായി. നമുക്ക് ചില ഗണിത വ്യായാമങ്ങൾ പരിഹരിച്ച് കൂടുതൽ ട്രോഫികൾ നേടാം!";"%lld दिवस झाले. चला काही गणिताचे व्यायाम सोडवू आणि आणखी ट्रॉफी मिळवू!";"%lld хонож байна. Математикийн дасгалуудыг шийдэж, илүү олон цом олцгооё!";"%lld दिन भयो। केही गणित अभ्यासहरू समाधान गरौं र थप ट्रफीहरू कमाउनुहोस्!";"Det har gått %lld dager. La oss løse noen matematikkøvelser og tjene flere trofeer!";"Минуло %lld дні. Давайте розв’яжемо кілька математичних вправ і заробимо більше трофеїв!";"ଏହା %lld ଦିନ ହୋଇଗଲାଣି |ଚାଲ କିଛି ଗଣିତ ବ୍ୟାୟାମର ସମାଧାନ କରିବା ଏବଂ ଅଧିକ ଟ୍ରଫି ଅର୍ଜନ କରିବା!";"%lld كۈن بولدى. بەزى ماتېماتىكا مەشىقلىرىنى ھەل قىلىپ ، تېخىمۇ كۆپ لوڭقىغا ئېرىشىمىز!";"%lld kun bo'ldi. Keling, matematika mashqlarini hal qilaylik va ko'proq kuboklarni qo'lga kiritaylik!";"%lld روز گذشتبیایید چند تمرین ریاضی را حل کنیم و غنائم بیشتری کسب کنیم!";"Minęły %lld dni. Rozwiążmy kilka ćwiczeń matematycznych i zdobądźmy więcej trofeów!";"Já se passaram %lld dias. Vamos resolver alguns exercícios de matemática e ganhar mais troféus!";"%lld ਦਿਨ ਹੋ ਗਏ ਹਨ। ਆਓ ਕੁਝ ਗਣਿਤ ਅਭਿਆਸਾਂ ਨੂੰ ਹੱਲ ਕਰੀਏ ਅਤੇ ਹੋਰ ਟਰਾਫੀਆਂ ਹਾਸਲ ਕਰੀਏ!";"Au trecut %lld zile. Să rezolvăm câteva exerciții de matematică și să câștigăm mai multe trofee!";"Прошло %lld дня. Давайте решим несколько математических упражнений и заработаем больше призов!";"Prošlo je %lld dana. Hajde da rešimo neke matematičke vežbe i zaradimo više trofeja!";"දවස් %lldක් ගියා. අපි ගණිත අභ්‍යාස කිහිපයක් විසඳා තවත් කුසලාන උපයා ගනිමු!";"Prešli %lld dni. Poďme vyriešiť nejaké matematické cvičenia a zarobiť viac trofejí!";"Minilo je %lld dni. Rešimo nekaj matematičnih vaj in zaslužimo več trofej!";"Han pasado %lld días. ¡Resolvamos algunos ejercicios de matemáticas y ganemos más trofeos!";"Imekuwa siku %lld. Wacha tusuluhishe mazoezi kadhaa ya hesabu na tupate nyara zaidi!";"%lld நாட்கள் ஆகிவிட்டன. சில கணக்குகளைச் செய்து மேலும் கோப்பைகளைப் பெறுவோம்!";"%lld రోజులైంది. కొన్ని లెక్కలు చేసి మరిన్ని ట్రోఫీలు సంపాదిద్దాం!";"ผ่านมา %lld วันแล้วมาแก้แบบฝึกหัดคณิตศาสตร์และรับถ้วยรางวัลเพิ่มกันเถอะ!";"ཉིན་ %lld ཕྱིན་སོང་།ང་ཚོས་ཨང་རྩིས་སྦྱོང་བརྡར་ཁ་ཤས་ཐག་གཅོད་བྱས་ནས་རྟགས་མ་མང་བ་རག་རོགས།";"Jsou to %lld dny. Pojďme vyřešit pár matematických cvičení a vydělat více trofejí!";"%lld gün oldu. Hadi bazı matematik alıştırmalarını çözelim ve daha fazla kupa kazanalım!";"%lld دن ہو گئے ہیں۔آئیے ریاضی کی کچھ مشقیں حل کریں اور مزید ٹرافیاں حاصل کریں!";"Đã %lld ngày rồi. Hãy giải một số bài tập toán và kiếm được nhiều cúp hơn!";"Mae wedi bod yn %lld diwrnod. Gadewch i ni ddatrys rhai ymarferion mathemateg ac ennill mwy o dlysau!";"Прайшло %lld дні. Давайце разгадаем матэматычныя заданні і заробім больш трафеяў!";"Sekuphele izinsuku ezi-%lld. Ake sixazulule ezinye izivivinyo zezibalo futhi sizuze izindebe ezengeziwe!";"Det har gått %lld dagar. Låt oss lösa några matematikövningar och tjäna fler troféer!"
"notif.reactivate.title";"";"A push-notification title. The lock screen truncates it, so put the point first. Aim for 40 characters or fewer.";"Ready to play again? 🎮";"Klaar om weer te spelen? 🎮";"Gereed om weer te speel? 🎮";"Gati për të luajtur përsëri? 🎮";"እንደገና ለመጫወት ዝግጁ ነዎት? 🎮";"على استعداد للعب مرة أخرى؟ 🎮";"Պատրա՞ստ եք նորից խաղալ: 🎮";"আকৌ খেলিবলৈ সাজুনে? 🎮";"Yenidən oynamağa hazırsınız? 🎮";"Berriro jolasteko prest? 🎮";"আবার খেলার জন্য প্রস্তুত? 🎮";"ပြန်ကစားဖို့ အဆင်သင့်ဖြစ်ပြီလား။ 🎮";"Spremni za ponovno igranje? 🎮";"Готови ли сте да играете отново? 🎮";"Preparat per tornar a jugar? 🎮";"准备好再玩了吗？ 🎮";"Klar til at spille igen? 🎮";"Bereit, wieder zu spielen? 🎮";"Kas olete uuesti mängimiseks valmis? 🎮";"Klárur at spæla aftur? 🎮";"Oletko valmis pelaamaan uudelleen? 🎮";"Prêt à rejouer ? 🎮";"Listo para xogar de novo? 🎮";"მზად ხართ კვლავ ითამაშოთ? 🎮";"Είστε έτοιμοι να παίξετε ξανά; 🎮";"ફરીથી રમવા માટે તૈયાર છો? 🎮";"מוכן לשחק שוב? 🎮";"फिर से खेलने के लिए तैयार हैं? 🎮";"Újra játékra készen állsz? 🎮";"Réidh le himirt arís? 🎮";"Tilbúinn til að spila aftur? 🎮";"Siap bermain lagi? 🎮";"Pronti a giocare di nuovo? 🎮";"もう一度プレイする準備はできましたか? 🎮";"ಮತ್ತೆ ಆಡಲು ಸಿದ್ಧರಿದ್ದೀರಾ? 🎮";"Қайта ойнауға дайынсыз ба? 🎮";"ត្រៀម​លេង​ម្ដង​ទៀត​ហើយ​ឬ​នៅ? 🎮";"다시 플레이할 준비가 되셨나요? 🎮";"Jeste li spremni za ponovnu igru? 🎮";"ພ້ອມ​ທີ່​ຈະ​ຫຼິ້ນ​ອີກ​ເທື່ອ​ຫນຶ່ງ​? 🎮";"Vai esat gatavs spēlēt vēlreiz? 🎮";"Pasiruošę vėl žaisti? 🎮";"Подготвени да играте повторно? 🎮";"Bersedia untuk bermain lagi? 🎮";"വീണ്ടും കളിക്കാൻ തയ്യാറാണോ? 🎮";"पुन्हा खेळण्यासाठी तयार आहात? 🎮";"Дахин тоглоход бэлэн үү? 🎮";"फेरि खेल्न तयार हुनुहुन्छ? 🎮";"Klar til å spille igjen? 🎮";"Готові грати знову? 🎮";"ପୁନର୍ବାର ଖେଳିବାକୁ ପ୍ରସ୍ତୁତ? 🎮";"قايتا ئويناشقا تەييارمۇ؟ 🎮";"Yana o'ynashga tayyormisiz? 🎮";"برای بازی دوباره آماده اید؟ 🎮";"Gotowy do ponownej gry? 🎮";"Pronto para jogar de novo? 🎮";"ਦੁਬਾਰਾ ਖੇਡਣ ਲਈ ਤਿਆਰ ਹੋ? 🎮";"Sunteți gata să jucați din nou? 🎮";"Готовы сыграть снова? 🎮";"Spremni da ponovo igrate? 🎮";"නැවත ක්‍රීඩා කිරීමට සූදානම්ද? 🎮";"Ste pripravení hrať znova? 🎮";"Ste pripravljeni znova igrati? 🎮";"¿Listo para jugar de nuevo? 🎮";"Je, uko tayari kucheza tena? 🎮";"மீண்டும் விளையாடத் தயாரா? 🎮";"మళ్లీ ఆడటానికి సిద్ధమా? 🎮";"พร้อมที่จะเล่นอีกครั้งหรือยัง? 🎮";"བསྐྱར་དུ་རྩེད་མོ་རྩེད་རྒྱུར་གྲ་སྒྲིག་ཡིན་ནམ། . 🎮";"Jste připraveni znovu hrát? 🎮";"Tekrar oynamaya hazır mısın? 🎮";"دوبارہ کھیلنے کے لیے تیار ہیں؟ 🎮";"Sẵn sàng chơi lại chưa? 🎮";"Barod i chwarae eto? 🎮";"Гатовы зноў гуляць? 🎮";"Usulungele ukudlala futhi? 🎮";"Redo att spela igen? 🎮"
"notif.streak.body %lld";"one";"A push-notification body. COUNTED TEXT — the wording for a count of one. Leave empty if your language words one no differently from the rest. Aim for 110 characters or fewer. Keep 1× %lld (a number).";"Play for %lld minute and keep it going!";"Speel %lld minuut en houd je reeks vast!";"Speel vir %lld minute en hou jou daaglikse speelreeks aan die gang!";"Luaj për %lld minuta dhe vazhdo serinë e përditshme të lojës!";"ለ %lld ደቂቃዎች ይጫወቱ እና የእለት ተእለት ጨዋታዎን ይቀጥሉ!";"العب لمدة %lld دقائق وحافظ على استمرار خط لعبك اليومي!";"Խաղացեք %lld րոպե և շարունակեք ձեր ամենօրյա խաղային շարանը:";"%lld মিনিট খেলক আৰু আপোনাৰ দৈনন্দিন খেলাৰ ধাৰাটো চলি থাকিব!";"%lld dəqiqə oynayın və gündəlik oyun seriyanızı davam etdirin!";"Jokatu %lld minutuz eta mantendu zure eguneroko jolas-boluari!";"%lld মিনিটের জন্য খেলুন এবং আপনার প্রতিদিনের খেলার ধারা অব্যাহত রাখুন!";"%lld မိနစ်လောက်ကစားပြီး သင့်နေ့စဥ်ကစားခြင်းကို ဆက်လက်လုပ်ဆောင်ပါ။";"Igrajte %lld minuta i nastavite svoj dnevni niz igranja!";"Играйте %lld минути и продължете ежедневната си серия от игри!";"Juga durant %lld minuts i manté la teva ratxa diària de joc!";"玩 %lld 分钟，让您的日常连续玩下去！";"Spil i %lld minutter, og hold din daglige spillerække i gang!";"Spielen Sie %lld Minuten lang und halten Sie Ihre tägliche Spielsträhne aufrecht!";"Mängige %lld minutit ja jätkake oma igapäevast mänguseeriat!";"Spæl í %lld minuttir og halt tína dagligu spælirøð í gongd!";"Pelaa %lld minuuttia ja jatka päivittäistä pelisarjaasi!";"Jouez pendant %lld minutes et continuez votre séquence de jeu quotidienne !";"Xoga durante %lld minutos e mantén a túa racha diaria de xogo!";"ითამაშეთ %lld წუთის განმავლობაში და გააგრძელეთ თქვენი ყოველდღიური სათამაშო სერია!";"Παίξτε για %lld λεπτά και συνεχίστε το καθημερινό σας σερί παιχνιδιού!";"%lld મિનિટ રમો અને તમારી દૈનિક રમતની સિલસિલો ચાલુ રાખો!";"שחק במשך %lld דקות ושמור על רצף המשחקים היומי שלך!";"%lld मिनट तक खेलें और अपने दैनिक खेल क्रम को जारी रखें!";"Játssz %lld percet, és folytasd napi játéksorozatodat!";"Seinn ar feadh %lld nóiméad agus coinnigh do stríoc imeartha laethúil ag dul!";"Spilaðu í %lld mínútur og haltu daglegu leiklotunni gangandi!";"Mainkan selama %lld menit dan pertahankan rekor permainan harian Anda!";"Gioca per %lld minuti e continua la tua serie di giochi giornalieri!";"%lld 分間プレイして、毎日の連続プレイを続けましょう!";"%lld ನಿಮಿಷಗಳ ಕಾಲ ಆಟವಾಡಿ ಮತ್ತು ನಿಮ್ಮ ದೈನಂದಿನ ಆಟದ ಸರಣಿಯನ್ನು ಮುಂದುವರಿಸಿ!";"%lld минут ойнаңыз және күнделікті ойын серияңызды жалғастырыңыз!";"លេងរយៈពេល %lld នាទីហើយបន្តការលេងប្រចាំថ្ងៃរបស់អ្នក!";"%lld분 동안 플레이하고 매일 연속 플레이를 계속하세요!";"Igrajte %lld minuta i nastavite svoj dnevni niz igranja!";"ຫຼິ້ນເປັນເວລາ %lld ນາທີ ແລະສືບຕໍ່ການຫຼິ້ນປະຈຳວັນຂອງເຈົ້າຕໍ່ໄປ!";"Spēlējiet %lld minūtes un turpiniet savu ikdienas spēļu sēriju!";"Žaiskite %lld minučių ir tęskite savo kasdienę žaidimų seriją!";"Играјте %lld минути и одржувајте ја вашата дневна играчка серија!";"Main selama %lld minit dan teruskan rentak permainan harian anda!";"%lld മിനിറ്റ് കളിക്കുക, നിങ്ങളുടെ ദൈനംദിന കളി തുടരുക!";"%lld मिनिटे खेळा आणि तुमचा रोजचा खेळ सुरू ठेवा!";"%lld минут тоглож, өдөр тутмынхаа цувралыг үргэлжлүүлээрэй!";"%lld मिनेटको लागि खेल्नुहोस् र तपाईंको दैनिक प्ले स्ट्रीक जारी राख्नुहोस्!";"Spill i %lld minutter og hold din daglige spillrekke i gang!";"Грайте %lld хвилин і продовжуйте щоденну ігрову серію!";"%lld ମିନିଟ୍ ପାଇଁ ଖେଳନ୍ତୁ ଏବଂ ଆପଣଙ୍କର ଦ daily ନନ୍ଦିନ ଖେଳିବା ଧାରା ଜାରି ରଖନ୍ତୁ!";"%lld مىنۇت ئويناڭ ھەمدە كۈندىلىك ئويۇنلىرىڭىزنى داۋاملاشتۇرۇڭ!";"%lld daqiqa o'ynang va kunlik o'yin seriyangizni davom ettiring!";"%lld دقیقه بازی کنید و بازی های روزانه خود را ادامه دهید!";"Graj przez %lld minut i podtrzymaj swoją codzienną passę!";"Jogue por %lld minutos e continue sua sequência diária de jogos!";"%lld ਮਿੰਟ ਲਈ ਖੇਡੋ ਅਤੇ ਆਪਣੀ ਰੋਜ਼ਾਨਾ ਖੇਡਣ ਦੀ ਲੜੀ ਨੂੰ ਜਾਰੀ ਰੱਖੋ!";"Joacă timp de %lld minute și menține-ți succesul zilnic de joc!";"Играйте %lld минут и продолжайте свою ежедневную серию игр!";"Igrajte %lld minuta i nastavite svoj dnevni niz igranja!";"මිනිත්තු %lld ක් ක්‍රීඩා කර ඔබේ දෛනික ක්‍රීඩා මාලාව දිගටම කරගෙන යන්න!";"Hrajte %lld minút a udržujte svoju každodennú hernú sériu v chode!";"Igrajte %lld minut in nadaljujte s svojim dnevnim nizom igranja!";"¡Juega durante %lld minutos y mantén tu racha de juego diaria!";"Cheza kwa dakika %lld na uendeleze mfululizo wako wa kucheza wa kila siku!";"%lld நிமிடம் விளையாடி உங்கள் தொடரைத் தொடருங்கள்!";"%lld నిమిషాలు ఆడి వరుసను కొనసాగించు!";"เล่นเป็นเวลา %lld นาทีและเล่นต่อเนื่องทุกวัน!";"སྐར་མ་ %lld རྩེད་ནས་ཉིན་ལྟར་རྩེད་མོ་རྩེ་རྒྱུ་རྒྱུན་འཁྱོངས་བྱོས།";"Hrajte %lld minut a udržujte svou každodenní herní sérii v chodu!";"%lld dakika oynayın ve günlük oyun serinizi sürdürün!";"%lld منٹ تک کھیلیں اور اپنی روزانہ کی کھیل کو جاری رکھیں!";"Chơi trong %lld phút và duy trì chuỗi chơi hàng ngày của bạn!";"Chwarae am %lld munud a chadwch eich rhediad chwarae dyddiol i fynd!";"Гуляйце %lld хвілін і працягвайце штодзённую гульнявую серыю!";"Dlala imizuzu eyi-%lld futhi ugcine uchungechunge lwakho lokudlala lwansuku zonke luqhubeka!";"Spela i %lld minuter och håll igång din dagliga spelserie!"
"notif.streak.body %lld";"other";"A push-notification body. COUNTED TEXT — required. The wording for a plural count, and the one used whenever the 'one' row does not apply. Aim for 110 characters or fewer. Keep 1× %lld (a number).";"Play for %lld minutes and keep it going!";"Speel %lld minuten en houd je reeks vast!";"Speel vir %lld minute en hou jou daaglikse speelreeks aan die gang!";"Luaj për %lld minuta dhe vazhdo serinë e përditshme të lojës!";"ለ %lld ደቂቃዎች ይጫወቱ እና የእለት ተእለት ጨዋታዎን ይቀጥሉ!";"العب لمدة %lld دقائق وحافظ على استمرار خط لعبك اليومي!";"Խաղացեք %lld րոպե և շարունակեք ձեր ամենօրյա խաղային շարանը:";"%lld মিনিট খেলক আৰু আপোনাৰ দৈনন্দিন খেলাৰ ধাৰাটো চলি থাকিব!";"%lld dəqiqə oynayın və gündəlik oyun seriyanızı davam etdirin!";"Jokatu %lld minutuz eta mantendu zure eguneroko jolas-boluari!";"%lld মিনিটের জন্য খেলুন এবং আপনার প্রতিদিনের খেলার ধারা অব্যাহত রাখুন!";"%lld မိနစ်လောက်ကစားပြီး သင့်နေ့စဥ်ကစားခြင်းကို ဆက်လက်လုပ်ဆောင်ပါ။";"Igrajte %lld minuta i nastavite svoj dnevni niz igranja!";"Играйте %lld минути и продължете ежедневната си серия от игри!";"Juga durant %lld minuts i manté la teva ratxa diària de joc!";"玩 %lld 分钟，让您的日常连续玩下去！";"Spil i %lld minutter, og hold din daglige spillerække i gang!";"Spielen Sie %lld Minuten lang und halten Sie Ihre tägliche Spielsträhne aufrecht!";"Mängige %lld minutit ja jätkake oma igapäevast mänguseeriat!";"Spæl í %lld minuttir og halt tína dagligu spælirøð í gongd!";"Pelaa %lld minuuttia ja jatka päivittäistä pelisarjaasi!";"Jouez pendant %lld minutes et continuez votre séquence de jeu quotidienne !";"Xoga durante %lld minutos e mantén a túa racha diaria de xogo!";"ითამაშეთ %lld წუთის განმავლობაში და გააგრძელეთ თქვენი ყოველდღიური სათამაშო სერია!";"Παίξτε για %lld λεπτά και συνεχίστε το καθημερινό σας σερί παιχνιδιού!";"%lld મિનિટ રમો અને તમારી દૈનિક રમતની સિલસિલો ચાલુ રાખો!";"שחק במשך %lld דקות ושמור על רצף המשחקים היומי שלך!";"%lld मिनट तक खेलें और अपने दैनिक खेल क्रम को जारी रखें!";"Játssz %lld percet, és folytasd napi játéksorozatodat!";"Seinn ar feadh %lld nóiméad agus coinnigh do stríoc imeartha laethúil ag dul!";"Spilaðu í %lld mínútur og haltu daglegu leiklotunni gangandi!";"Mainkan selama %lld menit dan pertahankan rekor permainan harian Anda!";"Gioca per %lld minuti e continua la tua serie di giochi giornalieri!";"%lld 分間プレイして、毎日の連続プレイを続けましょう!";"%lld ನಿಮಿಷಗಳ ಕಾಲ ಆಟವಾಡಿ ಮತ್ತು ನಿಮ್ಮ ದೈನಂದಿನ ಆಟದ ಸರಣಿಯನ್ನು ಮುಂದುವರಿಸಿ!";"%lld минут ойнаңыз және күнделікті ойын серияңызды жалғастырыңыз!";"លេងរយៈពេល %lld នាទីហើយបន្តការលេងប្រចាំថ្ងៃរបស់អ្នក!";"%lld분 동안 플레이하고 매일 연속 플레이를 계속하세요!";"Igrajte %lld minuta i nastavite svoj dnevni niz igranja!";"ຫຼິ້ນເປັນເວລາ %lld ນາທີ ແລະສືບຕໍ່ການຫຼິ້ນປະຈຳວັນຂອງເຈົ້າຕໍ່ໄປ!";"Spēlējiet %lld minūtes un turpiniet savu ikdienas spēļu sēriju!";"Žaiskite %lld minučių ir tęskite savo kasdienę žaidimų seriją!";"Играјте %lld минути и одржувајте ја вашата дневна играчка серија!";"Main selama %lld minit dan teruskan rentak permainan harian anda!";"%lld മിനിറ്റ് കളിക്കുക, നിങ്ങളുടെ ദൈനംദിന കളി തുടരുക!";"%lld मिनिटे खेळा आणि तुमचा रोजचा खेळ सुरू ठेवा!";"%lld минут тоглож, өдөр тутмынхаа цувралыг үргэлжлүүлээрэй!";"%lld मिनेटको लागि खेल्नुहोस् र तपाईंको दैनिक प्ले स्ट्रीक जारी राख्नुहोस्!";"Spill i %lld minutter og hold din daglige spillrekke i gang!";"Грайте %lld хвилин і продовжуйте щоденну ігрову серію!";"%lld ମିନିଟ୍ ପାଇଁ ଖେଳନ୍ତୁ ଏବଂ ଆପଣଙ୍କର ଦ daily ନନ୍ଦିନ ଖେଳିବା ଧାରା ଜାରି ରଖନ୍ତୁ!";"%lld مىنۇت ئويناڭ ھەمدە كۈندىلىك ئويۇنلىرىڭىزنى داۋاملاشتۇرۇڭ!";"%lld daqiqa o'ynang va kunlik o'yin seriyangizni davom ettiring!";"%lld دقیقه بازی کنید و بازی های روزانه خود را ادامه دهید!";"Graj przez %lld minut i podtrzymaj swoją codzienną passę!";"Jogue por %lld minutos e continue sua sequência diária de jogos!";"%lld ਮਿੰਟ ਲਈ ਖੇਡੋ ਅਤੇ ਆਪਣੀ ਰੋਜ਼ਾਨਾ ਖੇਡਣ ਦੀ ਲੜੀ ਨੂੰ ਜਾਰੀ ਰੱਖੋ!";"Joacă timp de %lld minute și menține-ți succesul zilnic de joc!";"Играйте %lld минут и продолжайте свою ежедневную серию игр!";"Igrajte %lld minuta i nastavite svoj dnevni niz igranja!";"මිනිත්තු %lld ක් ක්‍රීඩා කර ඔබේ දෛනික ක්‍රීඩා මාලාව දිගටම කරගෙන යන්න!";"Hrajte %lld minút a udržujte svoju každodennú hernú sériu v chode!";"Igrajte %lld minut in nadaljujte s svojim dnevnim nizom igranja!";"¡Juega durante %lld minutos y mantén tu racha de juego diaria!";"Cheza kwa dakika %lld na uendeleze mfululizo wako wa kucheza wa kila siku!";"%lld நிமிடங்கள் விளையாடி உங்கள் தொடரைத் தொடருங்கள்!";"%lld నిమిషాలు ఆడి వరుసను కొనసాగించు!";"เล่นเป็นเวลา %lld นาทีและเล่นต่อเนื่องทุกวัน!";"སྐར་མ་ %lld རྩེད་ནས་ཉིན་ལྟར་རྩེད་མོ་རྩེ་རྒྱུ་རྒྱུན་འཁྱོངས་བྱོས།";"Hrajte %lld minut a udržujte svou každodenní herní sérii v chodu!";"%lld dakika oynayın ve günlük oyun serinizi sürdürün!";"%lld منٹ تک کھیلیں اور اپنی روزانہ کی کھیل کو جاری رکھیں!";"Chơi trong %lld phút và duy trì chuỗi chơi hàng ngày của bạn!";"Chwarae am %lld munud a chadwch eich rhediad chwarae dyddiol i fynd!";"Гуляйце %lld хвілін і працягвайце штодзённую гульнявую серыю!";"Dlala imizuzu eyi-%lld futhi ugcine uchungechunge lwakho lokudlala lwansuku zonke luqhubeka!";"Spela i %lld minuter och håll igång din dagliga spelserie!"
"notif.streak.title %lld";"one";"A push-notification title. The lock screen truncates it, so put the point first. COUNTED TEXT — the wording for a count of one. Leave empty if your language words one no differently from the rest. Aim for 63 characters or fewer. Keep 1× %lld (a number).";"Your %lld-day streak is on fire! 🔥";"Je reeks van %lld dag staat in vuur en vlam! 🔥";"Jou daaglikse speelreeks het %lld dae bereik! 🔥";"Seria juaj e përditshme e lojërave ka arritur në %lld ditë! 🔥";"የእለት ተእለት ጨዋታዎ %lld ቀናት ደርሷል! 🔥";"لقد وصلت خط اللعب اليومي الخاص بك إلى %lld أيام! 🔥";"Ձեր ամենօրյա խաղային շարանը հասել է %lld օրվա: 🔥";"আপোনাৰ দৈনিক খেলাৰ ধাৰা %lld দিন হ’ল! 🔥";"Gündəlik oyun seriyanız %lld günə çatdı! 🔥";"Zure eguneroko jokatzeko bolada %lld egunetara iritsi da! 🔥";"আপনার দৈনিক খেলার ধারা %lld দিনে পৌঁছেছে! 🔥";"သင်၏နေ့စဥ်ကစားနည်းသည် %lld ရက်သို့ရောက်ရှိသွားပါပြီ။ 🔥";"Vaš dnevni niz igranja je dostigao %lld dana! 🔥";"Вашата ежедневна серия от игри достигна %lld дни! 🔥";"La teva ratxa diària de joc ha arribat als %lld dies! 🔥";"您的每日连续玩次数已达到 %lld 天！ 🔥";"Din daglige spillerække har nået %lld dage! 🔥";"Ihre tägliche Spielsträhne hat %lld Tage erreicht! 🔥";"Teie igapäevane mänguseeria on jõudnud %lld päevani! 🔥";"Tín dagliga spælirøð er komin upp á %lld dagar! 🔥";"Päivittäinen peliputkesi on saavuttanut %lld päivää! 🔥";"Votre séquence de jeu quotidienne a atteint %lld jours ! 🔥";"A túa racha diaria de xogo alcanzou os %lld días! 🔥";"თქვენი ყოველდღიური სათამაშო სერია %lld დღეს მიაღწია! 🔥";"Το καθημερινό σερί παιχνιδιού σας έφτασε τις %lld ημέρες! 🔥";"તમારી દૈનિક રમવાની શ્રેણી %lld દિવસ સુધી પહોંચી ગઈ છે! 🔥";"רצף המשחקים היומי שלך הגיע ל-%lld ימים! 🔥";"आपके दैनिक खेल का क्रम %lld दिनों तक पहुंच गया है! 🔥";"A napi játéksorozatod elérte az %lld napot! 🔥";"Tá do stríoc imeartha laethúil %lld lá bainte amach! 🔥";"Daglega spilahraðan þín er komin í %lld daga! 🔥";"Rekor permainan harian Anda telah mencapai %lld hari! 🔥";"La tua serie di giochi giornalieri ha raggiunto i %lld giorni! 🔥";"毎日の連続プレイ日数が %lld 日に達しました! 🔥";"ನಿಮ್ಮ ದೈನಂದಿನ ಆಟದ ಸರಣಿಯು %lld ದಿನಗಳನ್ನು ತಲುಪಿದೆ! 🔥";"Сіздің күнделікті ойнау серияңыз %lld күнге жетті! 🔥";"ការលេងប្រចាំថ្ងៃរបស់អ្នកបានឈានដល់ %lld ថ្ងៃហើយ! 🔥";"일일 연속 플레이 횟수가 %lld일에 도달했습니다! 🔥";"Vaš dnevni niz igranja je dosegao %lld dana! 🔥";"ສະຖິຕິການຫຼິ້ນປະຈໍາວັນຂອງເຈົ້າຮອດ %lld ມື້ແລ້ວ! 🔥";"Jūsu ikdienas spēļu sērija ir sasniegusi %lld dienas! 🔥";"Jūsų kasdienė žaidimų serija pasiekė %lld dienas! 🔥";"Вашата дневна серија на игра достигна %lld дена! 🔥";"Rentak permainan harian anda telah mencapai %lld hari! 🔥";"നിങ്ങളുടെ പ്രതിദിന പ്ലേ സ്ട്രീക്ക് %lld ദിവസത്തിലെത്തി! 🔥";"तुमचा दैनंदिन खेळण्याचा सिलसिला %lld दिवसांपर्यंत पोहोचला आहे! 🔥";"Таны өдөр тутмын тоглолтын цуврал %lld хоног боллоо! 🔥";"तपाइँको दैनिक प्ले स्ट्रीक %lld दिन पुगेको छ! 🔥";"Din daglige spillrekke har nådd %lld dager! 🔥";"Ваша щоденна ігрова серія досягла %lld днів! 🔥";"ତୁମର ଦ daily ନିକ ଖେଳିବା ଧାରା %lld ଦିନରେ ପହଞ୍ଚିଛି! 🔥";"كۈندىلىك ئويناش ۋاقتىڭىز %lld كۈنگە يەتتى! 🔥";"Sizning kunlik o'yin seriyangiz %lld kunga yetdi! 🔥";"بازی روزانه شما به %lld روز رسیده است! 🔥";"Twoja codzienna passa gry osiągnęła %lld dni! 🔥";"Sua sequência diária de jogos atingiu %lld dias! 🔥";"ਤੁਹਾਡੀ ਰੋਜ਼ਾਨਾ ਖੇਡਣ ਦੀ ਸਟ੍ਰੀਕ %lld ਦਿਨਾਂ ਤੱਕ ਪਹੁੰਚ ਗਈ ਹੈ! 🔥";"Seria ta zilnică de joc a ajuns la %lld zile! 🔥";"Ваша ежедневная игровая серия достигла %lld дней! 🔥";"Vaš dnevni niz igranja je dostigao %lld dana! 🔥";"ඔබේ දෛනික ක්‍රීඩා මාලාව දින %lldකට ළඟා වී ඇත! 🔥";"Vaša denná séria hrania dosiahla %lld dní! 🔥";"Vaš dnevni niz igranja je dosegel %lld dni! 🔥";"¡Tu racha diaria de juego ha llegado a %lld días! 🔥";"Mfululizo wako wa kucheza wa kila siku umefikia siku %lld! 🔥";"உங்கள் தினசரி விளையாட்டுத் தொடர் %lld நாட்களை எட்டியுள்ளது! 🔥";"నీ %lld రోజుల వరుస దూసుకుపోతోంది! 🔥";"แนวการเล่นประจำวันของคุณถึง %lld วันแล้ว! 🔥";"ཁྱེད་རང་གི་ཉིན་རེའི་རྩེད་མོའི་རིམ་པ་དེ་ཉིན་%lldལ་སླེབས་ཡོད། 🔥";"Vaše denní hrací série dosáhla %lld dnů! 🔥";"Günlük oyun seriniz %lld güne ulaştı! 🔥";"آپ کا روزانہ کھیلنے کا سلسلہ %lld دن تک پہنچ گیا ہے! 🔥";"Chuỗi chơi hàng ngày của bạn đã đạt tới %lld ngày! 🔥";"Mae eich rhediad chwarae dyddiol wedi cyrraedd %lld diwrnod! 🔥";"Ваша штодзённая гульнявая серыя дасягнула %lld дзён! 🔥";"Ukudlala kwakho kwansuku zonke sekufinyelele ezinsukwini ezi-%lld! 🔥";"Din dagliga spelsvit har nått %lld dagar! 🔥"
"notif.streak.title %lld";"other";"A push-notification title. The lock screen truncates it, so put the point first. COUNTED TEXT — required. The wording for a plural count, and the one used whenever the 'one' row does not apply. Aim for 63 characters or fewer. Keep 1× %lld (a number).";"Your %lld-day streak is on fire! 🔥";"Je reeks van %lld dagen staat in vuur en vlam! 🔥";"Jou daaglikse speelreeks het %lld dae bereik! 🔥";"Seria juaj e përditshme e lojërave ka arritur në %lld ditë! 🔥";"የእለት ተእለት ጨዋታዎ %lld ቀናት ደርሷል! 🔥";"لقد وصلت خط اللعب اليومي الخاص بك إلى %lld أيام! 🔥";"Ձեր ամենօրյա խաղային շարանը հասել է %lld օրվա: 🔥";"আপোনাৰ দৈনিক খেলাৰ ধাৰা %lld দিন হ’ল! 🔥";"Gündəlik oyun seriyanız %lld günə çatdı! 🔥";"Zure eguneroko jokatzeko bolada %lld egunetara iritsi da! 🔥";"আপনার দৈনিক খেলার ধারা %lld দিনে পৌঁছেছে! 🔥";"သင်၏နေ့စဥ်ကစားနည်းသည် %lld ရက်သို့ရောက်ရှိသွားပါပြီ။ 🔥";"Vaš dnevni niz igranja je dostigao %lld dana! 🔥";"Вашата ежедневна серия от игри достигна %lld дни! 🔥";"La teva ratxa diària de joc ha arribat als %lld dies! 🔥";"您的每日连续玩次数已达到 %lld 天！ 🔥";"Din daglige spillerække har nået %lld dage! 🔥";"Ihre tägliche Spielsträhne hat %lld Tage erreicht! 🔥";"Teie igapäevane mänguseeria on jõudnud %lld päevani! 🔥";"Tín dagliga spælirøð er komin upp á %lld dagar! 🔥";"Päivittäinen peliputkesi on saavuttanut %lld päivää! 🔥";"Votre séquence de jeu quotidienne a atteint %lld jours ! 🔥";"A túa racha diaria de xogo alcanzou os %lld días! 🔥";"თქვენი ყოველდღიური სათამაშო სერია %lld დღეს მიაღწია! 🔥";"Το καθημερινό σερί παιχνιδιού σας έφτασε τις %lld ημέρες! 🔥";"તમારી દૈનિક રમવાની શ્રેણી %lld દિવસ સુધી પહોંચી ગઈ છે! 🔥";"רצף המשחקים היומי שלך הגיע ל-%lld ימים! 🔥";"आपके दैनिक खेल का क्रम %lld दिनों तक पहुंच गया है! 🔥";"A napi játéksorozatod elérte az %lld napot! 🔥";"Tá do stríoc imeartha laethúil %lld lá bainte amach! 🔥";"Daglega spilahraðan þín er komin í %lld daga! 🔥";"Rekor permainan harian Anda telah mencapai %lld hari! 🔥";"La tua serie di giochi giornalieri ha raggiunto i %lld giorni! 🔥";"毎日の連続プレイ日数が %lld 日に達しました! 🔥";"ನಿಮ್ಮ ದೈನಂದಿನ ಆಟದ ಸರಣಿಯು %lld ದಿನಗಳನ್ನು ತಲುಪಿದೆ! 🔥";"Сіздің күнделікті ойнау серияңыз %lld күнге жетті! 🔥";"ការលេងប្រចាំថ្ងៃរបស់អ្នកបានឈានដល់ %lld ថ្ងៃហើយ! 🔥";"일일 연속 플레이 횟수가 %lld일에 도달했습니다! 🔥";"Vaš dnevni niz igranja je dosegao %lld dana! 🔥";"ສະຖິຕິການຫຼິ້ນປະຈໍາວັນຂອງເຈົ້າຮອດ %lld ມື້ແລ້ວ! 🔥";"Jūsu ikdienas spēļu sērija ir sasniegusi %lld dienas! 🔥";"Jūsų kasdienė žaidimų serija pasiekė %lld dienas! 🔥";"Вашата дневна серија на игра достигна %lld дена! 🔥";"Rentak permainan harian anda telah mencapai %lld hari! 🔥";"നിങ്ങളുടെ പ്രതിദിന പ്ലേ സ്ട്രീക്ക് %lld ദിവസത്തിലെത്തി! 🔥";"तुमचा दैनंदिन खेळण्याचा सिलसिला %lld दिवसांपर्यंत पोहोचला आहे! 🔥";"Таны өдөр тутмын тоглолтын цуврал %lld хоног боллоо! 🔥";"तपाइँको दैनिक प्ले स्ट्रीक %lld दिन पुगेको छ! 🔥";"Din daglige spillrekke har nådd %lld dager! 🔥";"Ваша щоденна ігрова серія досягла %lld днів! 🔥";"ତୁମର ଦ daily ନିକ ଖେଳିବା ଧାରା %lld ଦିନରେ ପହଞ୍ଚିଛି! 🔥";"كۈندىلىك ئويناش ۋاقتىڭىز %lld كۈنگە يەتتى! 🔥";"Sizning kunlik o'yin seriyangiz %lld kunga yetdi! 🔥";"بازی روزانه شما به %lld روز رسیده است! 🔥";"Twoja codzienna passa gry osiągnęła %lld dni! 🔥";"Sua sequência diária de jogos atingiu %lld dias! 🔥";"ਤੁਹਾਡੀ ਰੋਜ਼ਾਨਾ ਖੇਡਣ ਦੀ ਸਟ੍ਰੀਕ %lld ਦਿਨਾਂ ਤੱਕ ਪਹੁੰਚ ਗਈ ਹੈ! 🔥";"Seria ta zilnică de joc a ajuns la %lld zile! 🔥";"Ваша ежедневная игровая серия достигла %lld дней! 🔥";"Vaš dnevni niz igranja je dostigao %lld dana! 🔥";"ඔබේ දෛනික ක්‍රීඩා මාලාව දින %lldකට ළඟා වී ඇත! 🔥";"Vaša denná séria hrania dosiahla %lld dní! 🔥";"Vaš dnevni niz igranja je dosegel %lld dni! 🔥";"¡Tu racha diaria de juego ha llegado a %lld días! 🔥";"Mfululizo wako wa kucheza wa kila siku umefikia siku %lld! 🔥";"உங்கள் தினசரி விளையாட்டுத் தொடர் %lld நாட்களை எட்டியுள்ளது! 🔥";"నీ %lld రోజుల వరుస దూసుకుపోతోంది! 🔥";"แนวการเล่นประจำวันของคุณถึง %lld วันแล้ว! 🔥";"ཁྱེད་རང་གི་ཉིན་རེའི་རྩེད་མོའི་རིམ་པ་དེ་ཉིན་%lldལ་སླེབས་ཡོད། 🔥";"Vaše denní hrací série dosáhla %lld dnů! 🔥";"Günlük oyun seriniz %lld güne ulaştı! 🔥";"آپ کا روزانہ کھیلنے کا سلسلہ %lld دن تک پہنچ گیا ہے! 🔥";"Chuỗi chơi hàng ngày của bạn đã đạt tới %lld ngày! 🔥";"Mae eich rhediad chwarae dyddiol wedi cyrraedd %lld diwrnod! 🔥";"Ваша штодзённая гульнявая серыя дасягнула %lld дзён! 🔥";"Ukudlala kwakho kwansuku zonke sekufinyelele ezinsukwini ezi-%lld! 🔥";"Din dagliga spelsvit har nått %lld dagar! 🔥"
"notif.weekly.body %lld";"one";"A push-notification body. COUNTED TEXT — the wording for a count of one. Leave empty if your language words one no differently from the rest. Aim for 110 characters or fewer. Keep 1× %lld (a number).";"You have %lld fly in total. Ready for a few more?";"Je hebt in totaal %lld vlieg. Klaar voor nog een paar?";"Dit bring jou totaal op %lld trofeë te staan. Wonderlike werk!";"Kjo e çon totalin tuaj në %lld trofe. Punë e mahnitshme!";"ያ በአጠቃላይ %lld ዋንጫዎችን ያመጣልዎታል።የሚገርም ስራ!";"وبذلك يصل مجموع جوائزك إلى %lld جائزة. عمل مذهل!";"Դա ձեր ընդհանուր տիտղոսը հասցնում է %lld-ի:Զարմանալի աշխատանք!";"তেতিয়া আপোনাৰ মুঠ %lld ট্ৰফী হ’ব। আচৰিত কাম!";"Bu, toplamınızı %lld kuboka çatdırır. Heyrətamiz iş!";"Horrek %lld garaikurra ekartzen ditu guztira. Lan harrigarria!";"এটি আপনার মোট %lld ট্রফি নিয়ে আসে। আশ্চর্যজনক কাজ!";"ဒါက မင်းရဲ့ စုစုပေါင်း ဆုဖလား %lld ကို ယူဆောင်လာပေးတယ်။အံ့သြဖွယ်အလုပ်။";"To dovodi do vašeg ukupnog broja od %lld trofeja. Amazing work!";"Това води до %lld трофея. Невероятна работа!";"Això porta el teu total a %lld trofeus. Un treball increïble!";"这将使您的奖杯总数达到 %lld 个。了不起的工作！";"Det bringer din total op på %lld trofæer. Fantastisk arbejde!";"Damit beläuft sich Ihre Gesamtsumme auf %lld Trophäen. Erstaunliche Arbeit!";"See toob kokku %lld trofeed. Hämmastav töö!";"Soleiðis eru tykkara tilsamans %lld steyp. Ótrúligt arbeiði!";"Tämä nostaa yhteensä %lld palkintoa. Hämmästyttävää työtä!";"Cela porte votre total à %lld trophées. Un travail incroyable !";"Isto leva o teu total a %lld trofeos. Un traballo incrible!";"ამით თქვენი სულ %lld ტიტულს მიაღწევთ. საოცარი ნამუშევარი!";"Αυτό ανεβάζει το σύνολο σας σε %lld τρόπαια. Καταπληκτική δουλειά!";"તે તમારી કુલ %lld ટ્રોફી લાવે છે. અમેઝિંગ કામ!";"זה מביא את הסכום הכולל שלך ל-%lld גביעים. עבודה מדהימה!";"इससे आपकी कुल ट्रॉफियां %lld हो जाती हैं। अद्भुत कार्य!";"Ezzel eléri az %lld trófeát. Csodálatos munka!";"Tugann sé sin do iomlán go %lld trófaí. Obair iontach!";"Það færir þér samtals %lld titla. Ótrúlegt verk!";"Itu membuat total Anda menjadi %lld piala. Kerja luar biasa!";"Ciò porta il tuo totale a %lld trofei. Lavoro fantastico!";"これでトロフィーの合計は %lld 個になります。素晴らしい作品です！";"ಅದು ನಿಮ್ಮ ಒಟ್ಟು %lld ಟ್ರೋಫಿಗಳನ್ನು ತರುತ್ತದೆ. ಅದ್ಭುತ ಕೆಲಸ!";"Бұл сіздің жалпы жүлделеріңізді %lld-ге жеткізеді. Керемет жұмыс!";"នោះនាំឱ្យចំនួនសរុបរបស់អ្នកដល់ %lld ពានរង្វាន់។ការងារ​អស្ចារ្យ!";"그러면 총 트로피가 %lld개가 됩니다. 놀라운 작품입니다!";"To dovodi vaš ukupni broj do %lld trofeja. Nevjerojatan rad!";"ນັ້ນເຮັດໃຫ້ຈໍານວນທັງຫມົດຂອງເຈົ້າເປັນ %lld ລາງວັນ. ເຮັດ​ໃຫ້​ປະ​ລາດ​!";"Tādējādi jūs kopā iegūstat %lld trofejas. Apbrīnojams darbs!";"Tai padidins jūsų bendrą %lld trofėjų. Nuostabus darbas!";"Тоа го носи вашиот вкупен број на %lld трофеи. Неверојатна работа!";"Itu menjadikan jumlah anda sebanyak %lld trofi. Kerja yang menakjubkan!";"അത് നിങ്ങളുടെ ആകെ %lld ട്രോഫികളായി എത്തിക്കുന്നു. അത്ഭുതകരമായ പ്രവൃത്തി!";"त्यामुळे तुमची एकूण %lld ट्रॉफी होतील. आश्चर्यकारक काम!";"Ингэснээр таны нийт %lld цом авчирна. Гайхалтай ажил!";"यसले तपाइँको कुल %lld ट्रफी ल्याउँछ। अचम्मको काम!";"Det bringer totalen din til %lld trofeer. Utrolig arbeid!";"Таким чином, ваша загальна сума досягає %lld трофеїв. Дивовижна робота!";"ଏହା ତୁମର ସମୁଦାୟ %lld ଟ୍ରଫି ଆଣିଥାଏ |ଆଶ୍ଚର୍ଯ୍ୟଜନକ କାର୍ଯ୍ୟ!";"بۇ سىزنىڭ ئومۇمىي لوڭقىڭىزنى %lld لوڭقىغا يەتكۈزىدۇ. ھەيران قالارلىق خىزمەت!";"Bu sizning jami sovrinlaringizni %lld taga yetkazadi. Ajoyib ish!";"که مجموع جام شما را به %lld می رساند. کار شگفت انگیز!";"To daje w sumie %lld trofeów. Niesamowita praca!";"Isso eleva seu total para %lld troféus. Trabalho incrível!";"ਇਸ ਨਾਲ ਤੁਹਾਡੀ ਕੁੱਲ %lld ਟਰਾਫੀਆਂ ਹੋ ਜਾਂਦੀਆਂ ਹਨ। ਹੈਰਾਨੀਜਨਕ ਕੰਮ!";"Asta aduce totalul tău la %lld de trofee. Lucru uimitor!";"Таким образом, ваша общая сумма составит %lld трофеев. Удивительная работа!";"To vam dovodi do %lld trofeja. Amazing vork!";"එය ඔබගේ මුළු කුසලාන %lld දක්වා ගෙන එයි. පුදුම වැඩක්!";"Váš celkový počet tak dosiahne %lld trofejí. Úžasná práca!";"S tem dosežete skupno %lld trofej. Čudovito delo!";"Eso eleva el total a %lld trofeos. ¡Trabajo increíble!";"Hiyo inaleta jumla yako hadi nyara %lld. Kazi ya ajabu!";"இது உங்கள் மொத்த கோப்பைகளை %lld ஆகக் கொண்டுவருகிறது. அற்புதமான வேலை!";"దీంతో నీ మొత్తం %lld ట్రోఫీలకు చేరింది. అద్భుతం!";"นั่นจะทำให้คุณได้รับถ้วยรางวัลถึง %lld ถ้วยผลงานน่าทึ่ง!";"དེས་ཁྱེད་ཀྱི་བསྡོམས་པས་བྱ་དགའ་%lldལ་སླེབས་ཡོད།ཡ་མཚན་ཅན་གྱི་ལས་ཀ་རེད།";"To znamená, že máte celkem %lld trofejí. Úžasná práce!";"Bu, toplamınızı %lld kupaya çıkarır. Harika iş!";"اس سے آپ کی کل ٹرافیاں %lld ہو جاتی ہیں۔حیرت انگیز کام!";"Điều đó nâng tổng số cúp của bạn lên %lld. Công việc tuyệt vời!";"Daw hynny â’ch cyfanswm i %lld o dlysau. Gwaith anhygoel!";"Гэта даводзіць вашу агульную суму да %lld трафеяў. Дзіўная праца!";"Lokho kuletha isamba sakho sezindebe ezingu-%lld. Umsebenzi omangalisayo!";"Det ger din totala summa till %lld troféer. Underbart arbete!"
"notif.weekly.body %lld";"other";"A push-notification body. COUNTED TEXT — required. The wording for a plural count, and the one used whenever the 'one' row does not apply. Aim for 110 characters or fewer. Keep 1× %lld (a number).";"You have %lld flies in total. Ready for a few more?";"Je hebt in totaal %lld vliegen. Klaar voor nog een paar?";"Dit bring jou totaal op %lld trofeë te staan. Wonderlike werk!";"Kjo e çon totalin tuaj në %lld trofe. Punë e mahnitshme!";"ያ በአጠቃላይ %lld ዋንጫዎችን ያመጣልዎታል።የሚገርም ስራ!";"وبذلك يصل مجموع جوائزك إلى %lld جائزة. عمل مذهل!";"Դա ձեր ընդհանուր տիտղոսը հասցնում է %lld-ի:Զարմանալի աշխատանք!";"তেতিয়া আপোনাৰ মুঠ %lld ট্ৰফী হ’ব। আচৰিত কাম!";"Bu, toplamınızı %lld kuboka çatdırır. Heyrətamiz iş!";"Horrek %lld garaikurra ekartzen ditu guztira. Lan harrigarria!";"এটি আপনার মোট %lld ট্রফি নিয়ে আসে। আশ্চর্যজনক কাজ!";"ဒါက မင်းရဲ့ စုစုပေါင်း ဆုဖလား %lld ကို ယူဆောင်လာပေးတယ်။အံ့သြဖွယ်အလုပ်။";"To dovodi do vašeg ukupnog broja od %lld trofeja. Amazing work!";"Това води до %lld трофея. Невероятна работа!";"Això porta el teu total a %lld trofeus. Un treball increïble!";"这将使您的奖杯总数达到 %lld 个。了不起的工作！";"Det bringer din total op på %lld trofæer. Fantastisk arbejde!";"Damit beläuft sich Ihre Gesamtsumme auf %lld Trophäen. Erstaunliche Arbeit!";"See toob kokku %lld trofeed. Hämmastav töö!";"Soleiðis eru tykkara tilsamans %lld steyp. Ótrúligt arbeiði!";"Tämä nostaa yhteensä %lld palkintoa. Hämmästyttävää työtä!";"Cela porte votre total à %lld trophées. Un travail incroyable !";"Isto leva o teu total a %lld trofeos. Un traballo incrible!";"ამით თქვენი სულ %lld ტიტულს მიაღწევთ. საოცარი ნამუშევარი!";"Αυτό ανεβάζει το σύνολο σας σε %lld τρόπαια. Καταπληκτική δουλειά!";"તે તમારી કુલ %lld ટ્રોફી લાવે છે. અમેઝિંગ કામ!";"זה מביא את הסכום הכולל שלך ל-%lld גביעים. עבודה מדהימה!";"इससे आपकी कुल ट्रॉफियां %lld हो जाती हैं। अद्भुत कार्य!";"Ezzel eléri az %lld trófeát. Csodálatos munka!";"Tugann sé sin do iomlán go %lld trófaí. Obair iontach!";"Það færir þér samtals %lld titla. Ótrúlegt verk!";"Itu membuat total Anda menjadi %lld piala. Kerja luar biasa!";"Ciò porta il tuo totale a %lld trofei. Lavoro fantastico!";"これでトロフィーの合計は %lld 個になります。素晴らしい作品です！";"ಅದು ನಿಮ್ಮ ಒಟ್ಟು %lld ಟ್ರೋಫಿಗಳನ್ನು ತರುತ್ತದೆ. ಅದ್ಭುತ ಕೆಲಸ!";"Бұл сіздің жалпы жүлделеріңізді %lld-ге жеткізеді. Керемет жұмыс!";"នោះនាំឱ្យចំនួនសរុបរបស់អ្នកដល់ %lld ពានរង្វាន់។ការងារ​អស្ចារ្យ!";"그러면 총 트로피가 %lld개가 됩니다. 놀라운 작품입니다!";"To dovodi vaš ukupni broj do %lld trofeja. Nevjerojatan rad!";"ນັ້ນເຮັດໃຫ້ຈໍານວນທັງຫມົດຂອງເຈົ້າເປັນ %lld ລາງວັນ. ເຮັດ​ໃຫ້​ປະ​ລາດ​!";"Tādējādi jūs kopā iegūstat %lld trofejas. Apbrīnojams darbs!";"Tai padidins jūsų bendrą %lld trofėjų. Nuostabus darbas!";"Тоа го носи вашиот вкупен број на %lld трофеи. Неверојатна работа!";"Itu menjadikan jumlah anda sebanyak %lld trofi. Kerja yang menakjubkan!";"അത് നിങ്ങളുടെ ആകെ %lld ട്രോഫികളായി എത്തിക്കുന്നു. അത്ഭുതകരമായ പ്രവൃത്തി!";"त्यामुळे तुमची एकूण %lld ट्रॉफी होतील. आश्चर्यकारक काम!";"Ингэснээр таны нийт %lld цом авчирна. Гайхалтай ажил!";"यसले तपाइँको कुल %lld ट्रफी ल्याउँछ। अचम्मको काम!";"Det bringer totalen din til %lld trofeer. Utrolig arbeid!";"Таким чином, ваша загальна сума досягає %lld трофеїв. Дивовижна робота!";"ଏହା ତୁମର ସମୁଦାୟ %lld ଟ୍ରଫି ଆଣିଥାଏ |ଆଶ୍ଚର୍ଯ୍ୟଜନକ କାର୍ଯ୍ୟ!";"بۇ سىزنىڭ ئومۇمىي لوڭقىڭىزنى %lld لوڭقىغا يەتكۈزىدۇ. ھەيران قالارلىق خىزمەت!";"Bu sizning jami sovrinlaringizni %lld taga yetkazadi. Ajoyib ish!";"که مجموع جام شما را به %lld می رساند. کار شگفت انگیز!";"To daje w sumie %lld trofeów. Niesamowita praca!";"Isso eleva seu total para %lld troféus. Trabalho incrível!";"ਇਸ ਨਾਲ ਤੁਹਾਡੀ ਕੁੱਲ %lld ਟਰਾਫੀਆਂ ਹੋ ਜਾਂਦੀਆਂ ਹਨ। ਹੈਰਾਨੀਜਨਕ ਕੰਮ!";"Asta aduce totalul tău la %lld de trofee. Lucru uimitor!";"Таким образом, ваша общая сумма составит %lld трофеев. Удивительная работа!";"To vam dovodi do %lld trofeja. Amazing vork!";"එය ඔබගේ මුළු කුසලාන %lld දක්වා ගෙන එයි. පුදුම වැඩක්!";"Váš celkový počet tak dosiahne %lld trofejí. Úžasná práca!";"S tem dosežete skupno %lld trofej. Čudovito delo!";"Eso eleva el total a %lld trofeos. ¡Trabajo increíble!";"Hiyo inaleta jumla yako hadi nyara %lld. Kazi ya ajabu!";"இது உங்கள் மொத்த கோப்பைகளை %lld ஆகக் கொண்டுவருகிறது. அற்புதமான வேலை!";"దీంతో నీ మొత్తం %lld ట్రోఫీలకు చేరింది. అద్భుతం!";"นั่นจะทำให้คุณได้รับถ้วยรางวัลถึง %lld ถ้วยผลงานน่าทึ่ง!";"དེས་ཁྱེད་ཀྱི་བསྡོམས་པས་བྱ་དགའ་%lldལ་སླེབས་ཡོད།ཡ་མཚན་ཅན་གྱི་ལས་ཀ་རེད།";"To znamená, že máte celkem %lld trofejí. Úžasná práce!";"Bu, toplamınızı %lld kupaya çıkarır. Harika iş!";"اس سے آپ کی کل ٹرافیاں %lld ہو جاتی ہیں۔حیرت انگیز کام!";"Điều đó nâng tổng số cúp của bạn lên %lld. Công việc tuyệt vời!";"Daw hynny â’ch cyfanswm i %lld o dlysau. Gwaith anhygoel!";"Гэта даводзіць вашу агульную суму да %lld трафеяў. Дзіўная праца!";"Lokho kuletha isamba sakho sezindebe ezingu-%lld. Umsebenzi omangalisayo!";"Det ger din totala summa till %lld troféer. Underbart arbete!"
"notif.weekly.title %lld";"one";"A push-notification title. The lock screen truncates it, so put the point first. COUNTED TEXT — the wording for a count of one. Leave empty if your language words one no differently from the rest. Aim for 40 characters or fewer. Keep 1× %lld (a number).";"%lld fly this week! 🎉";"%lld vlieg deze week! 🎉";"Jy het hierdie week %lld trofeë verdien! 🌟";"Ju fituat %lld trofe këtë javë! 🌟";"በዚህ ሳምንት %lld ዋንጫዎችን አግኝተዋል! 🌟";"لقد حصلت على %lld جائزة هذا الأسبوع! 🌟";"Այս շաբաթ դուք վաստակեցիք %lld գավաթ: 🌟";"এই সপ্তাহত আপুনি %lldটা ট্ৰফী অৰ্জন কৰিলে! 🌟";"Bu həftə %lld kubok qazandınız! 🌟";"%lld txapel irabazi dituzu aste honetan! 🌟";"আপনি এই সপ্তাহে %lldটি ট্রফি জিতেছেন! 🌟";"သင်သည် ဤအပတ်တွင် ဆုဖလား %lld ရရှိခဲ့သည်။ 🌟";"Osvojili ste %lld trofeja ove sedmice! 🌟";"Спечелихте %lld трофея тази седмица! 🌟";"Heu guanyat %lld trofeus aquesta setmana! 🌟";"本周您赢得了 %lld 个奖杯！ 🌟";"Du har tjent %lld trofæer i denne uge! 🌟";"Du hast diese Woche %lld Trophäen verdient! 🌟";"Teenisite sel nädalal %lld karikat! 🌟";"Tit vunnu %lld steyp hesa vikuna! 🌟";"Ansaitsit %lld palkintoa tällä viikolla! 🌟";"Vous avez remporté %lld trophées cette semaine ! 🌟";"Gañaches %lld trofeos esta semana! 🌟";"ამ კვირაში %lld ტიტული მოიპოვე! 🌟";"Κέρδισες %lld τρόπαια αυτή την εβδομάδα! 🌟";"તમે આ અઠવાડિયે %lld ટ્રોફી મેળવી છે! 🌟";"זכית ב-%lld גביעים השבוע! 🌟";"आपने इस सप्ताह %lld ट्राफियां अर्जित कीं! 🌟";"Ezen a héten %lld trófeát gyűjtöttél! 🌟";"Ghnóthaigh tú %lld trófaí an tseachtain seo chaite! 🌟";"Þú vannst %lld titla í vikunni! 🌟";"Anda memperoleh %lld piala minggu ini! 🌟";"Hai guadagnato %lld trofei questa settimana! 🌟";"今週は %lld 個のトロフィーを獲得しました! 🌟";"ಈ ವಾರ ನೀವು %lld ಟ್ರೋಫಿಗಳನ್ನು ಗಳಿಸಿದ್ದೀರಿ! 🌟";"Осы аптада %lld жүлде алдыңыз! 🌟";"អ្នកទទួលបានពានរង្វាន់ចំនួន %lld នៅសប្តាហ៍នេះ! 🌟";"이번 주에 트로피 %lld개를 획득하셨습니다! 🌟";"Osvojili ste %lld trofeja ovaj tjedan! 🌟";"ເຈົ້າໄດ້ຮັບ %lld ລາງວັນໃນອາທິດນີ້! 🌟";"Šonedēļ jūs nopelnījāt %lld trofejas! 🌟";"Šią savaitę pelnėte %lld trofėjų! 🌟";"Заработивте %lld трофеи оваа недела! 🌟";"Anda memperoleh %lld trofi minggu ini! 🌟";"ഈ ആഴ്ച നിങ്ങൾ %lld ട്രോഫികൾ നേടി! 🌟";"तुम्ही या आठवड्यात %lld ट्रॉफी मिळवल्या आहेत! 🌟";"Та энэ долоо хоногт %lld цом авлаа! 🌟";"तपाईंले यो हप्ता %lld ट्राफीहरू कमाउनुभयो! 🌟";"Du har tjent %lld trofeer denne uken! 🌟";"Цього тижня ви заробили %lld трофеїв! 🌟";"ଆପଣ ଏହି ସପ୍ତାହରେ %lld ଟି ଟ୍ରଫି ଅର୍ଜନ କରିଛନ୍ତି! 🌟";"بۇ ھەپتە %lld لوڭقىغا ئېرىشتىڭىز! 🌟";"Siz bu hafta %lld ta sovrin yutib oldingiz! 🌟";"شما در این هفته %lld جام به دست آوردید! 🌟";"W tym tygodniu zdobyłeś %lld trofeów! 🌟";"Você ganhou %lld troféus esta semana! 🌟";"ਤੁਸੀਂ ਇਸ ਹਫ਼ਤੇ %lld ਟਰਾਫ਼ੀਆਂ ਹਾਸਲ ਕੀਤੀਆਂ ਹਨ! 🌟";"Ați câștigat %lld de trofee săptămâna aceasta! 🌟";"На этой неделе вы заработали %lld призов! 🌟";"Ove nedelje ste osvojili %lld trofeja! 🌟";"ඔබ මේ සතියේ කුසලාන %lldක් උපයා ගත්තා! 🌟";"Tento týždeň ste získali %lld trofejí! 🌟";"Ta teden ste osvojili %lld trofej! 🌟";"¡Has ganado %lld trofeos esta semana! 🌟";"Umejishindia vikombe %lld wiki hii! 🌟";"இந்த வாரம் %lld கோப்பைகளைப் பெற்றுள்ளீர்கள்! 🌟";"ఈ వారం నువ్వు %lld ట్రోఫీలు సంపాదించావు! 🌟";"คุณได้รับ %lld ถ้วยรางวัลในสัปดาห์นี้! 🌟";"ཁྱོད་ཀྱིས་བདུན་ཕྲག་འདིར་བྱ་དགའ་%lldཐོབ་ཡོད། . 🌟";"Tento týden jste získali %lld trofejí! 🌟";"Bu hafta %lld kupa kazandınız! 🌟";"آپ نے اس ہفتے %lld ٹرافیاں حاصل کیں! 🌟";"Bạn đã kiếm được %lld danh hiệu trong tuần này! 🌟";"Fe enilloch chi %lld tlws yr wythnos hon! 🌟";"На гэтым тыдні вы зарабілі %lld трафеяў! 🌟";"Uzuze izindebe ezingu-%lld kuleli sonto! 🌟";"Du tjänade %lld troféer den här veckan! 🌟"
"notif.weekly.title %lld";"other";"A push-notification title. The lock screen truncates it, so put the point first. COUNTED TEXT — required. The wording for a plural count, and the one used whenever the 'one' row does not apply. Aim for 40 characters or fewer. Keep 1× %lld (a number).";"%lld flies this week! 🎉";"%lld vliegen deze week! 🎉";"Jy het hierdie week %lld trofeë verdien! 🌟";"Ju fituat %lld trofe këtë javë! 🌟";"በዚህ ሳምንት %lld ዋንጫዎችን አግኝተዋል! 🌟";"لقد حصلت على %lld جائزة هذا الأسبوع! 🌟";"Այս շաբաթ դուք վաստակեցիք %lld գավաթ: 🌟";"এই সপ্তাহত আপুনি %lldটা ট্ৰফী অৰ্জন কৰিলে! 🌟";"Bu həftə %lld kubok qazandınız! 🌟";"%lld txapel irabazi dituzu aste honetan! 🌟";"আপনি এই সপ্তাহে %lldটি ট্রফি জিতেছেন! 🌟";"သင်သည် ဤအပတ်တွင် ဆုဖလား %lld ရရှိခဲ့သည်။ 🌟";"Osvojili ste %lld trofeja ove sedmice! 🌟";"Спечелихте %lld трофея тази седмица! 🌟";"Heu guanyat %lld trofeus aquesta setmana! 🌟";"本周您赢得了 %lld 个奖杯！ 🌟";"Du har tjent %lld trofæer i denne uge! 🌟";"Du hast diese Woche %lld Trophäen verdient! 🌟";"Teenisite sel nädalal %lld karikat! 🌟";"Tit vunnu %lld steyp hesa vikuna! 🌟";"Ansaitsit %lld palkintoa tällä viikolla! 🌟";"Vous avez remporté %lld trophées cette semaine ! 🌟";"Gañaches %lld trofeos esta semana! 🌟";"ამ კვირაში %lld ტიტული მოიპოვე! 🌟";"Κέρδισες %lld τρόπαια αυτή την εβδομάδα! 🌟";"તમે આ અઠવાડિયે %lld ટ્રોફી મેળવી છે! 🌟";"זכית ב-%lld גביעים השבוע! 🌟";"आपने इस सप्ताह %lld ट्राफियां अर्जित कीं! 🌟";"Ezen a héten %lld trófeát gyűjtöttél! 🌟";"Ghnóthaigh tú %lld trófaí an tseachtain seo chaite! 🌟";"Þú vannst %lld titla í vikunni! 🌟";"Anda memperoleh %lld piala minggu ini! 🌟";"Hai guadagnato %lld trofei questa settimana! 🌟";"今週は %lld 個のトロフィーを獲得しました! 🌟";"ಈ ವಾರ ನೀವು %lld ಟ್ರೋಫಿಗಳನ್ನು ಗಳಿಸಿದ್ದೀರಿ! 🌟";"Осы аптада %lld жүлде алдыңыз! 🌟";"អ្នកទទួលបានពានរង្វាន់ចំនួន %lld នៅសប្តាហ៍នេះ! 🌟";"이번 주에 트로피 %lld개를 획득하셨습니다! 🌟";"Osvojili ste %lld trofeja ovaj tjedan! 🌟";"ເຈົ້າໄດ້ຮັບ %lld ລາງວັນໃນອາທິດນີ້! 🌟";"Šonedēļ jūs nopelnījāt %lld trofejas! 🌟";"Šią savaitę pelnėte %lld trofėjų! 🌟";"Заработивте %lld трофеи оваа недела! 🌟";"Anda memperoleh %lld trofi minggu ini! 🌟";"ഈ ആഴ്ച നിങ്ങൾ %lld ട്രോഫികൾ നേടി! 🌟";"तुम्ही या आठवड्यात %lld ट्रॉफी मिळवल्या आहेत! 🌟";"Та энэ долоо хоногт %lld цом авлаа! 🌟";"तपाईंले यो हप्ता %lld ट्राफीहरू कमाउनुभयो! 🌟";"Du har tjent %lld trofeer denne uken! 🌟";"Цього тижня ви заробили %lld трофеїв! 🌟";"ଆପଣ ଏହି ସପ୍ତାହରେ %lld ଟି ଟ୍ରଫି ଅର୍ଜନ କରିଛନ୍ତି! 🌟";"بۇ ھەپتە %lld لوڭقىغا ئېرىشتىڭىز! 🌟";"Siz bu hafta %lld ta sovrin yutib oldingiz! 🌟";"شما در این هفته %lld جام به دست آوردید! 🌟";"W tym tygodniu zdobyłeś %lld trofeów! 🌟";"Você ganhou %lld troféus esta semana! 🌟";"ਤੁਸੀਂ ਇਸ ਹਫ਼ਤੇ %lld ਟਰਾਫ਼ੀਆਂ ਹਾਸਲ ਕੀਤੀਆਂ ਹਨ! 🌟";"Ați câștigat %lld de trofee săptămâna aceasta! 🌟";"На этой неделе вы заработали %lld призов! 🌟";"Ove nedelje ste osvojili %lld trofeja! 🌟";"ඔබ මේ සතියේ කුසලාන %lldක් උපයා ගත්තා! 🌟";"Tento týždeň ste získali %lld trofejí! 🌟";"Ta teden ste osvojili %lld trofej! 🌟";"¡Has ganado %lld trofeos esta semana! 🌟";"Umejishindia vikombe %lld wiki hii! 🌟";"இந்த வாரம் %lld கோப்பைகளைப் பெற்றுள்ளீர்கள்! 🌟";"ఈ వారం నువ్వు %lld ట్రోఫీలు సంపాదించావు! 🌟";"คุณได้รับ %lld ถ้วยรางวัลในสัปดาห์นี้! 🌟";"ཁྱོད་ཀྱིས་བདུན་ཕྲག་འདིར་བྱ་དགའ་%lldཐོབ་ཡོད། . 🌟";"Tento týden jste získali %lld trofejí! 🌟";"Bu hafta %lld kupa kazandınız! 🌟";"آپ نے اس ہفتے %lld ٹرافیاں حاصل کیں! 🌟";"Bạn đã kiếm được %lld danh hiệu trong tuần này! 🌟";"Fe enilloch chi %lld tlws yr wythnos hon! 🌟";"На гэтым тыдні вы зарабілі %lld трафеяў! 🌟";"Uzuze izindebe ezingu-%lld kuleli sonto! 🌟";"Du tjänade %lld troféer den här veckan! 🌟"
"onboarding.level.advanced.subtitle";"";"Onboarding, seen once at first launch. Aim for 49 characters or fewer.";"Different mixed sums together.";"Verschillende mix-sommen door elkaar.";"Verskillende somme deurmekaar.";"Detyra të ndryshme të përziera.";"የተለያዩ ድብልቅ ስሌቶች።";"مسائل مختلطة مختلفة معًا.";"Տարբեր խառը առաջադրանքներ միասին։";"বেলেগ বেলেগ মিশ্ৰ অংক একেলগে।";"Müxtəlif qarışıq misallar.";"Nahasketa-ariketa desberdinak batera.";"বিভিন্ন মিশ্র অঙ্ক একসঙ্গে।";"ရောစပ်ပုစ္ဆာအမျိုးမျိုး။";"Različiti miješani zadaci.";"Различни смесени задачи.";"Diferents operacions mixtes.";"不同的混合题放在一起。";"Forskellige blandede opgaver.";"Verschiedene gemischte Aufgaben.";"Erinevad segaülesanded koos.";"Ymisk blandingsstykki hvørt um annað.";"Erilaisia sekalaskuja.";"Différents calculs mélangés.";"Diferentes contas mesturadas.";"სხვადასხვა შერეული ამოცანა ერთად.";"Διαφορετικές μικτές ασκήσεις μαζί.";"અલગ અલગ મિશ્ર દાખલા સાથે.";"תרגילים מעורבים מסוגים שונים.";"अलग-अलग मिली-जुली गणनाएँ।";"Különböző vegyes feladatok együtt.";"Suimeanna éagsúla measctha le chéile.";"Mismunandi blönduð dæmi saman.";"Berbagai soal campuran.";"Diversi esercizi misti insieme.";"いろいろなミックス問題。";"ಬೇರೆ ಬೇರೆ ಮಿಶ್ರ ಲೆಕ್ಕಗಳು.";"Әртүрлі аралас есептер.";"លំហាត់ចម្រុះផ្សេងៗលាយគ្នា។";"여러 가지 섞인 문제를 함께 풀어요.";"Različiti miješani zadaci.";"ໂຈດປະສົມຫຼາຍແບບຢູ່ນຳກັນ.";"Dažādi jaukti uzdevumi kopā.";"Įvairios mišrios užduotys kartu.";"Различни мешани задачи.";"Soalan campur yang berbeza.";"വ്യത്യസ്ത മിക്സ് കണക്കുകൾ ഒരുമിച്ച്.";"वेगवेगळी मिश्र उदाहरणे एकत्र.";"Өөр өөр холимог бодлогууд.";"विभिन्न मिश्रित हिसाब सँगै।";"Forskjellige miksoppgaver sammen.";"Різні змішані завдання впереміш.";"ଭିନ୍ନ ମିଶ୍ରିତ ପ୍ରଶ୍ନ ଏକାଠି।";"ئوخشىمىغان ئارىلاش مەسىلىلەر.";"Turli aralash misollar birga.";"تمرین‌های ترکیبی مختلف با هم.";"Różne działania wymieszane razem.";"Várias contas misturadas.";"ਵੱਖ-ਵੱਖ ਮਿਲੇ-ਜੁਲੇ ਹਿਸਾਬ ਇਕੱਠੇ।";"Exerciții mixte diferite, toate împreună.";"Разные смешанные примеры.";"Različiti mešani zadaci zajedno.";"විවිධ මිශ්‍ර ගණන් එකට.";"Rôzne zmiešané príklady.";"Različne mešane naloge skupaj.";"Distintos ejercicios mezclados.";"Hesabu tofauti zilizochanganywa.";"விதவிதமான கலவைக் கணக்குகள் ஒன்றாக.";"వేర్వేరు మిక్స్ లెక్కలు కలిపి.";"โจทย์ผสมหลายแบบคละกัน";"རྩིས་འདྲེས་མ་མི་འདྲ་བ་མཉམ་དུ།";"Různé smíšené příklady dohromady.";"Farklı karışık işlemler bir arada.";"مختلف ملے جلے سوال۔";"Các phép tính hỗn hợp khác nhau.";"Gwahanol symiau cymysg gyda'i gilydd.";"Розныя змешаныя прыклады.";"Izibalo ezixubile ezahlukene.";"Olika blandade tal."
"onboarding.level.advanced.title";"";"Onboarding, seen once at first launch. Aim for 45 characters or fewer.";"Pretty good already";"Al aardig goed";"Reeds baie goed";"Tashmë mjaft mirë";"አስቀድመህ ጥሩ ነህ";"جيد جدًا بالفعل";"Արդեն բավական լավ է";"ইতিমধ্যে যথেষ্ট ভাল";"Artıq yaxşısan";"Dagoeneko nahiko ondo";"ইতিমধ্যেই বেশ ভালো";"တော်တော်ကောင်းနေပြီ";"Već ti dobro ide";"Вече доста добре";"Ja ho fas força bé";"已经很不错";"Allerede ret god";"Schon ziemlich gut";"Juba päris tubli";"Longu rættiliga dugnalig/ur";"Osaat jo aika hyvin";"Déjà plutôt doué";"Xa bastante ben";"უკვე საკმაოდ კარგად";"Ήδη αρκετά καλός";"પહેલેથી ઘણું સારું";"כבר די טוב";"पहले से काफी अच्छे";"Már egész ügyes";"Maith go leor cheana";"Orðin(n) nokkuð góð(ur)";"Sudah cukup bagus";"Già abbastanza bravo";"もうけっこうできる";"ಈಗಲೇ ಚೆನ್ನಾಗಿದ್ದೀಯ";"Әжептәуір жақсы";"ពូកែគួរសមហើយ";"벌써 꽤 잘해요";"Već ti dobro ide";"ເກັ່ງພໍສົມຄວນແລ້ວ";"Jau diezgan labi";"Jau visai gerai";"Веќе ти оди добро";"Dah agak bagus";"ഇതിനകം നന്നായി അറിയാം";"आधीच बरं जमतंय";"Аль хэдийн сайн";"पहिल्यै राम्रो";"Allerede ganske god";"Уже досить добре";"ଏବେଠାରୁ ବହୁତ ଭଲ";"خېلى ياخشى";"Ancha yaxshi";"همین حالا هم خیلی خوبی";"Już całkiem nieźle";"Já és bastante bom";"ਪਹਿਲਾਂ ਹੀ ਕਾਫ਼ੀ ਵਧੀਆ";"Te descurci deja bine";"Уже неплохо";"Već ti ide dobro";"දැනටමත් හොඳයි";"Už ti to celkom ide";"Že kar dobro";"Ya se te da bastante bien";"Tayari unafanya vizuri";"ஏற்கனவே நன்றாக செய்கிறாய்";"ఇప్పటికే బాగానే వచ్చు";"ทำได้ดีแล้ว";"ད་ལྟ་ཡག་ཐག་ཆོད།";"Už docela dobré";"Şimdiden oldukça iyi";"کافی اچھے ہیں";"Đã khá giỏi rồi";"Eitha da'n barod";"Ужо даволі добра";"Usuvele wenza kahle";"Redan ganska bra"
"onboarding.level.beginner.subtitle";"";"Onboarding, seen once at first launch. Aim for 45 characters or fewer.";"Practise with sums in order.";"Oefenen met oplopende sommen.";"Oefen somme in volgorde.";"Ushtrohu me detyra në rend.";"ስሌቶችን በቅደም ተከተል ተለማመድ።";"تدرّب على المسائل بالترتيب.";"Փորձիր հերթականությամբ տրված առաջադրանքներ։";"ক্ৰমে থকা অংকৰে অভ্যাস কৰা।";"Misalları sıra ilə məşq et.";"Praktikatu ariketak ordenan.";"ক্রমে থাকা অঙ্ক অনুশীলন করো।";"အစဉ်လိုက် ပုစ္ဆာများကို လေ့ကျင့်ပါ။";"Vježbaj zadatke redom.";"Упражнявай задачи подред.";"Practica operacions en ordre.";"按顺序练习算式。";"Øv opgaver i rækkefølge.";"Übe Aufgaben der Reihe nach.";"Harjuta ülesandeid järjekorras.";"Ven roknistykki í raðfylgju.";"Harjoittele laskuja järjestyksessä.";"Entraîne-toi avec les calculs dans l’ordre.";"Practica con contas en orde.";"ივარჯიშე ამოცანებით თანმიმდევრობით.";"Εξάσκηση με ασκήσεις στη σειρά.";"ક્રમમાં દાખલાનો અભ્યાસ કરો.";"מתאמנים על תרגילים לפי הסדר.";"क्रम से सवालों का अभ्यास करो।";"Gyakorlás sorrendben jövő feladatokkal.";"Cleachtaigh suimeanna in ord.";"Æfðu dæmi í röð.";"Berlatih dengan soal berurutan.";"Allenati con esercizi in ordine.";"順番どおりの問題をれんしゅう。";"ಕ್ರಮದ ಲೆಕ್ಕಗಳನ್ನು ಅಭ್ಯಾಸ ಮಾಡು.";"Есептерді ретімен жаттық.";"ហាត់លំហាត់តាមលំដាប់។";"순서대로 나오는 문제를 연습해요.";"Vježbaj zadatke po redu.";"ຝຶກໂຈດຕາມລຳດັບ.";"Trenējies ar uzdevumiem secībā.";"Treniruokis su užduotimis iš eilės.";"Вежбај задачи по редослед.";"Berlatih dengan soalan ikut urutan.";"ക്രമത്തിലുള്ള കണക്കുകൾ പരിശീലിക്കൂ.";"क्रमाने उदाहरणांचा सराव कर.";"Бодлогуудыг дарааллаар давт.";"क्रमका हिसाब अभ्यास गर।";"Øv på oppgaver i rekkefølge.";"Тренуй завдання по порядку.";"କ୍ରମରେ ଥିବା ପ୍ରଶ୍ନ ଅଭ୍ୟାସ କର।";"تەرتىپلىك مەسىلىلەرنى مەشىق قىل.";"Misollarni tartib bilan mashq qil.";"تمرین با سؤال‌های مرتب.";"Ćwicz działania po kolei.";"Pratica contas por ordem.";"ਕ੍ਰਮਵਾਰ ਹਿਸਾਬਾਂ ਦਾ ਅਭਿਆਸ ਕਰੋ।";"Exersează cu exerciții în ordine.";"Примеры по порядку.";"Vežbaj zadatke po redu.";"පිළිවෙළට ගණන් පුහුණු වන්න.";"Trénuj príklady v poradí.";"Vadi naloge po vrsti.";"Practica con ejercicios en orden.";"Fanya mazoezi kwa hesabu zilizopangwa.";"வரிசையான கணக்குகளுடன் பயிற்சி செய்.";"లెక్కలను క్రమంగా సాధన చేయి.";"ฝึกโจทย์ตามลำดับ";"གོ་རིམ་ལྟར་གྱི་རྩིས་སྦྱོངས།";"Procvičuj příklady v pořadí.";"Sıralı işlemlerle çalış.";"ترتیب وار سوالوں کی مشق کریں۔";"Luyện các phép tính theo thứ tự.";"Ymarfer gyda symiau mewn trefn.";"Трэніруй прыклады па парадку.";"Zijwayeze izibalo ngokulandelana.";"Öva på tal i ordning."
"onboarding.level.beginner.title";"";"Onboarding, seen once at first launch. Aim for 45 characters or fewer.";"Just started";"Net begonnen";"Pas begin";"Sapo ke filluar";"አሁን ጀምረሃል";"بدأت للتو";"Հենց նոր եմ սկսել";"এতিয়াহে আৰম্ভ";"Yeni başlamısan";"Hasi berria";"সবে শুরু";"စတင်ခါစ";"Tek si počeo/la";"Току-що започнах";"Acabes de començar";"刚刚开始";"Lige begyndt";"Gerade angefangen";"Alles alustasid";"Júst byrjað";"Olet vasta aloittanut";"Je débute";"Acabo de comezar";"ახლახან დავიწყე";"Μόλις ξεκίνησα";"હમણાં જ શરૂઆત";"רק התחלתי";"अभी शुरू किया";"Most kezdtem";"Díreach tosaithe";"Nýbyrjuð/n";"Baru mulai";"Hai appena iniziato";"はじめたばかり";"ಈಗಷ್ಟೇ ಆರಂಭಿಸಿದೆ";"Жаңа бастадың";"ទើបចាប់ផ្តើម";"이제 막 시작했어요";"Tek počinješ";"ຫາກໍເລີ່ມ";"Tikko sāki";"Ką tik pradėjau";"Само што почнав";"Baru mula";"ഇപ്പോൾ തുടങ്ങിയതാണ്";"आत्ताच सुरुवात";"Дөнгөж эхэлсэн";"भर्खर सुरु";"Nettopp begynt";"Щойно почав";"ଏବେ ଆରମ୍ଭ କଲ";"ئەمدى باشلىدىم";"Endi boshlading";"تازه شروع کرده‌ام";"Dopiero zaczynam";"Acabaste de começar";"ਹੁਣੇ ਸ਼ੁਰੂ ਕੀਤਾ";"Abia ai început";"Только начал";"Tek si počeo/la";"දැන් පටන් ගත්තා";"Práve začínaš";"Šele začenjam";"Acabas de empezar";"Umeanza tu";"இப்போதுதான் தொடங்கினாய்";"ఇప్పుడే మొదలు";"เพิ่งเริ่ม";"ད་ག་རང་འགོ་ཚུགས།";"Právě začínáš";"Yeni başladım";"ابھی شروع کیا";"Mới bắt đầu";"Newydd ddechrau";"Толькі пачынаю";"Usanda kuqala";"Har just börjat"
"onboarding.level.intermediate.subtitle";"";"Onboarding, seen once at first launch. Aim for 45 characters or fewer.";"Sums in random order.";"Sommen in willekeurige volgorde.";"Somme in lukrake volgorde.";"Detyra në rend të rastësishëm.";"ስሌቶች በዘፈቀደ ቅደም ተከተል።";"مسائل بترتيب عشوائي.";"Առաջադրանքներ՝ պատահական հերթականությամբ։";"যাদৃচ্ছিক ক্ৰমৰ অংক।";"Misallar təsadüfi sıra ilə.";"Ariketak ausazko ordenan.";"এলোমেলো ক্রমে অঙ্ক।";"ကျပန်းအစဉ်နဲ့ ပုစ္ဆာများ။";"Zadaci nasumičnim redom.";"Задачи в случаен ред.";"Operacions en ordre aleatori.";"随机顺序的算式。";"Opgaver i tilfældig rækkefølge.";"Aufgaben in zufälliger Reihenfolge.";"Ülesanded juhuslikus järjekorras.";"Roknistykki í tilvildarligari raðfylgju.";"Laskut satunnaisessa järjestyksessä.";"Calculs dans un ordre aléatoire.";"Contas en orde aleatoria.";"ამოცანები შემთხვევითი რიგით.";"Ασκήσεις σε τυχαία σειρά.";"અવ્યવસ્થિત ક્રમમાં દાખલા.";"תרגילים בסדר אקראי.";"किसी भी क्रम में सवाल।";"Feladatok véletlen sorrendben.";"Suimeanna in ord randamach.";"Dæmi í handahófsröð.";"Soal dalam urutan acak.";"Esercizi in ordine casuale.";"ランダムな順番の問題。";"ಯಾದೃಚ್ಛಿಕ ಕ್ರಮದ ಲೆಕ್ಕಗಳು.";"Есептер кездейсоқ ретпен.";"លំហាត់តាមលំដាប់ចៃដន្យ។";"문제가 무작위로 나와요.";"Zadaci nasumičnim redom.";"ໂຈດຕາມລຳດັບສຸ່ມ.";"Uzdevumi nejaušā secībā.";"Užduotys atsitiktine tvarka.";"Задачи по случаен редослед.";"Soalan dalam urutan rawak.";"ക്രമരഹിത കണക്കുകൾ.";"यादृच्छिक क्रमात उदाहरणे.";"Бодлогууд санамсаргүй дараалалтай.";"अनियमित क्रमका हिसाब।";"Oppgaver i tilfeldig rekkefølge.";"Завдання у випадковому порядку.";"ଯାଦୃଚ୍ଛିକ କ୍ରମରେ ପ୍ରଶ୍ନ।";"مەسىلىلەر ئىختىيارىي تەرتىپتە.";"Misollar tasodifiy tartibda.";"سؤال‌ها با ترتیب تصادفی.";"Działania w losowej kolejności.";"Contas por ordem aleatória.";"ਬੇਤਰਤੀਬ ਕ੍ਰਮ ਵਿੱਚ ਹਿਸਾਬ।";"Exerciții în ordine aleatorie.";"Примеры в случайном порядке.";"Zadaci nasumičnim redom.";"අහඹු පිළිවෙළේ ගණන්.";"Príklady v náhodnom poradí.";"Naloge v naključnem vrstnem redu.";"Ejercicios en orden aleatorio.";"Hesabu kwa mpangilio wa nasibu.";"சீரற்ற வரிசையில் கணக்குகள்.";"యాదృచ్ఛిక క్రమంలో లెక్కలు.";"โจทย์ตามลำดับสุ่ม";"གོ་རིམ་གང་བྱུང་གི་རྩིས།";"Příklady v náhodném pořadí.";"İşlemler rastgele sırada.";"بے ترتیب سوال۔";"Các phép tính theo thứ tự ngẫu nhiên.";"Symiau mewn trefn ar hap.";"Прыклады ў выпадковым парадку.";"Izibalo ngokulandelana okungahleliwe.";"Tal i slumpmässig ordning."
"onboarding.level.intermediate.title";"";"Onboarding, seen once at first launch. Aim for 45 characters or fewer.";"Some practice already";"Al wat geoefend";"Al ’n bietjie geoefen";"Ke bërë pak ushtrime";"ትንሽ ተለማምደሃል";"تمرّنت قليلًا";"Արդեն մի քիչ փորձել եմ";"ইতিমধ্যে অলপ অভ্যাস";"Bir az məşq etmisən";"Dagoeneko praktikatu duzu";"আগেও কিছু অনুশীলন";"နည်းနည်း လေ့ကျင့်ပြီးပြီ";"Već si malo vježbao/la";"Вече съм упражнявал";"Ja has practicat una mica";"已经练过一些";"Har øvet lidt";"Schon etwas geübt";"Oled juba harjutanud";"Hevur vant eitt sindur";"Olet jo harjoitellut";"Déjà un peu entraîné";"Xa practiquei algo";"უკვე ცოტა ვივარჯიშე";"Έχω κάνει λίγη εξάσκηση";"થોડો અભ્યાસ કર્યો છે";"כבר התאמנתי קצת";"पहले थोड़ा अभ्यास किया";"Már gyakoroltam";"Roinnt cleachtaidh déanta";"Búin(n) að æfa smá";"Sudah pernah berlatih";"Hai già fatto pratica";"少しれんしゅうした";"ಸ್ವಲ್ಪ ಅಭ್ಯಾಸವಾಗಿದೆ";"Біраз жаттыққансың";"បានហាត់ខ្លះហើយ";"조금 연습했어요";"Već imaš nešto vježbe";"ຝຶກມາແລ້ວໜ້ອຍໜຶ່ງ";"Jau nedaudz trenējies";"Jau šiek tiek mokiausi";"Веќе имам вежбано";"Dah pernah berlatih";"കുറച്ച് പരിശീലിച്ചിട്ടുണ്ട്";"थोडा सराव झाला";"Бага зэрэг давтсан";"पहिल्यै केही अभ्यास";"Har øvd litt";"Уже трохи тренувався";"କିଛି ଅଭ୍ୟାସ ହୋଇଛି";"ئازراق مەشىق قىلغان";"Biroz mashq qilgansan";"کمی تمرین کرده‌ام";"Już trochę umiem";"Já praticaste um pouco";"ਥੋੜ੍ਹਾ ਅਭਿਆਸ ਹੋ ਚੁੱਕਾ";"Ai exersat deja puțin";"Уже тренировался";"Već si malo vežbao/la";"ටිකක් පුහුණු වෙලා";"Už máš niečo natrénované";"Nekaj že znam";"Ya has practicado un poco";"Tayari umefanya mazoezi";"ஏற்கனவே கொஞ்சம் பயிற்சி";"కొంత సాధన చేశావు";"ฝึกมาบ้างแล้ว";"ཅུང་ཙམ་སྦྱངས་ཟིན།";"Už máš něco natrénováno";"Biraz çalıştım";"کچھ مشق ہو چکی";"Đã luyện một chút";"Wedi ymarfer tipyn";"Ужо крыху трэніраваўся";"Usuvele uzijwayeze";"Har övat lite"
"onboarding.level.title";"";"Onboarding, seen once at first launch. Aim for 45 characters or fewer.";"How good are you at this already?";"Hoe goed ben je hier al in?";"Hoe goed is jy al hiermee?";"Sa mirë e njeh këtë?";"ቀድሞውኑ ምን ያህል ጥሩ ነህ?";"ما مدى إتقانك لهذا؟";"Որքա՞ն լավ գիտես սա արդեն։";"ইয়াত তুমি ইতিমধ্যে কিমান ভাল?";"Bunu artıq nə qədər yaxşı bilirsən?";"Zenbateraino moldatzen zara honekin?";"এতে তুমি এখন কতটা ভালো?";"ဒါကို ဘယ်လောက်တော်ပြီးပြီလဲ။";"Koliko ovo već dobro znaš?";"Колко си добър в това?";"Com se’t dona això?";"你已经有多熟练？";"Hvor god er du allerede til det?";"Wie gut kannst du das schon?";"Kui hästi sa seda juba oskad?";"Hvussu dugnalig/ur ert tú longu?";"Kuinka hyvin osaat jo?";"Quel est déjà ton niveau ?";"Que tal se che dá isto?";"უკვე რამდენად კარგად იცი?";"Πόσο καλός είσαι ήδη σε αυτό;";"તમે આમાં પહેલેથી કેટલા સારા છો?";"עד כמה אתם כבר טובים בזה?";"इसमें तुम पहले से कितने अच्छे हो?";"Mennyire vagy már ügyes ebben?";"Cé chomh maith is atá tú air seo?";"Hversu góð(ur) ertu í þessu?";"Seberapa jago kamu sekarang?";"Quanto sei già bravo?";"もうどれくらいできる？";"ಇದರಲ್ಲಿ ಈಗಾಗಲೇ ಎಷ್ಟು ಚೆನ್ನಾಗಿದ್ದೀಯ?";"Мұны қаншалықты жақсы білесің?";"អ្នកពូកែប៉ុណ្ណាហើយ?";"이걸 얼마나 잘하나요?";"Koliko ti ovo već dobro ide?";"ຕອນນີ້ເຈົ້າເກັ່ງປານໃດ?";"Cik labi tu to jau proti?";"Kaip gerai tai jau moki?";"Колку добро го знаеш ова?";"Sejauh mana kamu dah pandai?";"ഇത് നിനക്ക് ഇതിനകം എത്ര നന്നായി അറിയാം?";"हे तुला आधीपासून किती जमतं?";"Чи үүнийг хэр сайн мэдэх вэ?";"यसमा तिमी कति राम्रो छौ?";"Hvor god er du allerede?";"Наскільки добре ти це вже вмієш?";"ତୁମେ ଏଥିରେ କେତେ ଭଲ?";"بۇنى قانچىلىك بىلىسەن؟";"Buni qanchalik yaxshi bilasan?";"الان چقدر در این موضوع خوبی؟";"Jak dobrze już to umiesz?";"Quão bom já és nisto?";"ਤੁਸੀਂ ਇਸ ਵਿੱਚ ਪਹਿਲਾਂ ਹੀ ਕਿੰਨੇ ਚੰਗੇ ਹੋ?";"Cât de bine te descurci deja?";"Насколько хорошо ты это умеешь?";"Koliko ti ovo već dobro ide?";"මේක දැනටමත් කොච්චර හොඳට පුළුවන්ද?";"Ako dobre ti to už ide?";"Kako dobro ti to že gre?";"¿Qué tal se te da esto?";"Una ujuzi gani tayari?";"இதில் உனக்கு ஏற்கனவே எவ்வளவு தெரியும்?";"ఇది నీకు ఇప్పటికే ఎంత బాగా వచ్చు?";"ตอนนี้เธอเก่งแค่ไหนแล้ว?";"ཁྱེད་རང་འདི་ལ་ད་ལྟ་ག་ཚོད་མཁས་པོ་ཡོད།";"Jak dobře to už umíš?";"Bunda ne kadar iyisin?";"آپ اس میں پہلے سے کتنے اچھے ہیں؟";"Bạn đã giỏi phần này đến đâu?";"Pa mor dda wyt ti ar hyn yn barod?";"Наколькі добра ты гэта ўжо ўмееш?";"Usuvele wazi kangakanani ngalokhu?";"Hur bra är du redan på det här?"
"onboarding.name.subtitle";"";"Onboarding, seen once at first launch. Aim for 47 characters or fewer.";"Let's get started. What's your name?";"Laten we beginnen. Hoe heet je?";"Kom ons begin. Wat is jou naam?";"Le të fillojmë. Si quhesh?";"እንጀምር። ስምህ ማን ነው?";"لنبدأ. ما اسمك؟";"Սկսենք։ Ինչպե՞ս ես կոչվում։";"আৰম্ভ কৰোঁ আহা। তোমাৰ নাম কি?";"Başlayaq. Adın nədir?";"Has gaitezen. Nola duzu izena?";"চলো শুরু করি। তোমার নাম কী?";"စလိုက်ရအောင်။ မင်းနာမည် ဘာလဲ။";"Počnimo. Kako se zoveš?";"Да започваме. Как се казваш?";"Comencem. Com et dius?";"开始吧。你叫什么名字？";"Lad os begynde. Hvad hedder du?";"Los geht’s. Wie heißt du?";"Hakkame pihta. Mis su nimi on?";"Latið okkum byrja. Hvat eitur tú?";"Aloitetaan! Mikä sinun nimesi on?";"C’est parti ! Comment t’appelles-tu ?";"Imos comezar. Como te chamas?";"დავიწყოთ. რა გქვია?";"Ας ξεκινήσουμε. Πώς σε λένε;";"ચાલો શરૂ કરીએ. તમારું નામ શું છે?";"בואו נתחיל. איך קוראים לך?";"चलो शुरू करें। तुम्हारा नाम क्या है?";"Kezdjünk hozzá! Hogy hívnak?";"Tosaímis. Cad is ainm duit?";"Byrjum. Hvað heitir þú?";"Ayo mulai. Siapa namamu?";"Cominciamo! Come ti chiami?";"さあ、はじめよう。きみのなまえは？";"ಆರಂಭಿಸೋಣ. ನಿನ್ನ ಹೆಸರೇನು?";"Бастайық. Атың кім?";"ចាប់ផ្តើមគ្នា។ អ្នកឈ្មោះអ្វី?";"시작해 볼까요? 이름이 뭐예요?";"Krenimo. Kako se zoveš?";"ມາເລີ່ມກັນ. ເຈົ້າຊື່ຫຍັງ?";"Sāksim! Kā tevi sauc?";"Pradėkime. Koks tavo vardas?";"Да почнеме. Како се викаш?";"Mari mula. Siapa nama kamu?";"തുടങ്ങാം. നിന്റെ പേരെന്താണ്?";"चला सुरू करूया. तुझं नाव काय?";"Эхэлцгээе. Чамайг хэн гэдэг вэ?";"सुरु गरौँ। तिम्रो नाम के हो?";"La oss begynne. Hva heter du?";"Почнімо! Як тебе звати?";"ଚାଲ ଆରମ୍ଭ କରିବା। ତୁମ ନାମ କ’ଣ?";"باشلايلى. ئىسمىڭ نېمە؟";"Boshlaymiz. Isming nima?";"شروع کنیم. اسمت چیست؟";"Zaczynajmy. Jak masz na imię?";"Vamos começar. Como te chamas?";"ਆਓ ਸ਼ੁਰੂ ਕਰੀਏ। ਤੁਹਾਡਾ ਨਾਮ ਕੀ ਹੈ?";"Să începem. Cum te cheamă?";"Давай начнём. Как тебя зовут?";"Počnimo. Kako se zoveš?";"අපි පටන් ගමු. ඔබේ නම මොකක්ද?";"Poďme na to. Ako sa voláš?";"Začnimo. Kako ti je ime?";"Empecemos. ¿Cómo te llamas?";"Tuanze. Unaitwa nani?";"தொடங்கலாம். உன் பெயர் என்ன?";"మొదలుపెడదాం. నీ పేరేంటి?";"มาเริ่มกันเลย เธอชื่ออะไร?";"ད་འགོ་འཛུགས། ཁྱེད་ཀྱི་མིང་ལ་ག་རེ་ཟེར།";"Jdeme na to. Jak se jmenuješ?";"Haydi başlayalım. Adın ne?";"آئیں شروع کریں۔ آپ کا نام کیا ہے؟";"Bắt đầu nhé. Bạn tên gì?";"Dewch i ddechrau. Beth yw dy enw?";"Пачнём! Як цябе завуць?";"Asiqale. Ungubani igama lakho?";"Nu börjar vi. Vad heter du?"
"onboarding.name.title";"";"Onboarding, seen once at first launch. Aim for 46 characters or fewer. The line break inside this text is deliberate; keep it.";"Doing sums has
 never been this fun!";"Sommen maken was
 nog nooit zo leuk!";"Somme maak was nog nooit so lekker nie!";"Detyrat s’kanë qenë kurrë kaq zbavitëse!";"ስሌት መሥራት ይህን ያህል አስደሳች ሆኖ አያውቅም!";"لم تكن المسائل ممتعة هكذا من قبل!";"Հաշվելը երբեք այսքան զվարճալի չի եղել։";"অংক কৰা কেতিয়াও ইমান মজাৰ নাছিল!";"Misal həll etmək heç belə əyləncəli olmayıb!";"Kalkuluak egitea ez da inoiz hain dibertigarria izan!";"অঙ্ক করা এত মজার কখনও ছিল না!";"ပုစ္ဆာတွက်တာ ဒီလောက်ပျော်စရာ မရှိသေးဘူး!";"Računanje nikad nije bilo ovako zabavno!";"Смятането никога не е било толкова забавно!";"Fer operacions mai havia estat tan divertit!";"做算术从没这么好玩！";"Det har aldrig været så sjovt at regne!";"Rechnen hat noch nie so viel Spaß gemacht!";"Arvutamine pole kunagi nii lõbus olnud!";"Tað hevur ongantíð verið so stuttligt at rokna!";"Laskeminen ei ole koskaan ollut näin hauskaa!";"Faire des calculs n’a jamais été aussi amusant !";"Facer contas nunca foi tan divertido!";"ამოცანების ამოხსნა ასეთი სახალისო არასდროს ყოფილა!";"Οι ασκήσεις δεν ήταν ποτέ τόσο διασκεδαστικές!";"દાખલા ગણવા ક્યારેય એટલું મજેદાર નહોતું!";"לפתור תרגילים מעולם לא היה כיף כל כך!";"गणित इतना मज़ेदार कभी नहीं था!";"A számolás még sosem volt ilyen jó móka!";"Ní raibh suimeanna chomh spraíúil riamh!";"Það hefur aldrei verið svona gaman að reikna!";"Berhitung belum pernah seseru ini!";"Fare i calcoli non è mai stato così divertente!";"計算ってこんなに楽しい！";"ಲೆಕ್ಕ ಮಾಡುವುದು ಇಷ್ಟು ಮಜವಾಗಿರಲಿಲ್ಲ!";"Есеп шығару бұрын-соңды мұндай қызық болмаған!";"គណនាលំហាត់មិនធ្លាប់សប្បាយបែបនេះទេ!";"계산이 이렇게 재미있었던 적은 없어요!";"Računanje nikad nije bilo zabavnije!";"ເຮັດໂຈດບໍ່ເຄີຍມ່ວນຂະໜາດນີ້!";"Rēķināt vēl nekad nav bijis tik jautri!";"Skaičiuoti dar niekada nebuvo taip smagu!";"Сметањето никогаш не било позабавно!";"Mengira tak pernah seseronok ini!";"കണക്കുകൾ ഇത്ര രസകരമായിട്ടില്ല!";"गणित कधीच इतकं मजेदार नव्हतं!";"Бодлого бодох ийм хөгжилтэй байгаагүй!";"हिसाब गर्नु यति रमाइलो कहिल्यै थिएन!";"Regning har aldri vært så gøy!";"Рахувати ще ніколи не було так весело!";"ଗଣିତ କରିବା ଏତେ ମଜା କେବେ ନଥିଲା!";"ھېسابلاش بۇنچە قىزىقارلىق بولۇپ باقمىغان!";"Misol yechish hech qachon bunchalik qiziq bo‘lmagan!";"حل کردن سؤال‌ها هیچ‌وقت این‌قدر بامزه نبوده!";"Liczenie jeszcze nigdy nie było tak fajne!";"Fazer contas nunca foi tão divertido!";"ਹਿਸਾਬ ਕਰਨਾ ਕਦੇ ਇੰਨਾ ਮਜ਼ੇਦਾਰ ਨਹੀਂ ਸੀ!";"Calculele nu au fost niciodată atât de distractive!";"Решать примеры ещё никогда не было так весело!";"Računanje nikad nije bilo ovako zabavno!";"ගණන් හදන එක මෙතරම් විනෝද වෙලා නැහැ!";"Počítanie ešte nikdy nebolo také zábavné!";"Računanje še nikoli ni bilo tako zabavno!";"¡Hacer cuentas nunca fue tan divertido!";"Kufanya hesabu hakujawahi kufurahisha hivi!";"கணக்குப் போடுவது இவ்வளவு வேடிக்கையாக இருந்ததே இல்லை!";"లెక్కలు చేయడం ఇంత సరదాగా ఎప్పుడూ లేదు!";"คิดเลขไม่เคยสนุกเท่านี้!";"རྩིས་རྒྱག་པ་དེ་འདྲ་སྤྲོ་པོ་ནམ་ཡང་མ་བྱུང་!";"Počítání ještě nikdy nebylo tak zábavné!";"İşlem yapmak hiç bu kadar eğlenceli olmamıştı!";"حساب کبھی اتنا مزے دار نہیں تھا!";"Làm toán chưa bao giờ vui thế này!";"Fu gwneud symiau erioed mor hwyl!";"Рашаць прыклады яшчэ ніколі не было так весела!";"Ukubala akukaze kube mnandi kanje!";"Det har aldrig varit så kul att räkna!"
"onboarding.subject.subtitle";"";"Onboarding, seen once at first launch. Aim for 50 characters or fewer.";"Choose a topic to start with.";"Kies een onderwerp om mee te beginnen.";"Kies ’n onderwerp om mee te begin.";"Zgjidh një temë për të filluar.";"ለመጀመር ርዕስ ምረጥ።";"اختر موضوعًا لتبدأ به.";"Ընտրիր թեմա՝ սկսելու համար։";"আৰম্ভ কৰিবলৈ এটা বিষয় বাছা।";"Başlamaq üçün mövzu seç.";"Aukeratu hasteko gai bat.";"শুরু করার জন্য একটি বিষয় বেছে নাও।";"စဖို့ အကြောင်းအရာတစ်ခု ရွေးပါ။";"Izaberi temu za početak.";"Избери тема, с която да започнеш.";"Tria un tema per començar.";"选择一个主题开始。";"Vælg et emne at starte med.";"Wähle ein Thema zum Starten.";"Vali alustamiseks teema.";"Vel eitt evni at byrja við.";"Valitse aihe, josta aloitat.";"Choisis un sujet pour commencer.";"Escolle un tema para comezar.";"აირჩიე თემა დასაწყებად.";"Διάλεξε ένα θέμα για να ξεκινήσεις.";"શરૂ કરવા એક વિષય પસંદ કરો.";"בחרו נושא להתחיל בו.";"शुरू करने के लिए एक विषय चुनें।";"Válassz egy témát a kezdéshez.";"Roghnaigh ábhar le tosú.";"Veldu efni til að byrja á.";"Pilih topik untuk memulai.";"Scegli un argomento da cui iniziare.";"最初にやるテーマをえらぼう。";"ಆರಂಭಿಸಲು ಒಂದು ವಿಷಯ ಆರಿಸು.";"Бастайтын тақырыпты таңда.";"ជ្រើសប្រធានបទមួយដើម្បីចាប់ផ្តើម។";"먼저 배울 주제를 골라요.";"Odaberi temu za početak.";"ເລືອກຫົວຂໍ້ເພື່ອເລີ່ມ.";"Izvēlies tēmu, ar ko sākt.";"Pasirink temą, nuo kurios pradėsi.";"Избери тема за почеток.";"Pilih topik untuk mula.";"തുടങ്ങാൻ ഒരു വിഷയം തിരഞ്ഞെടുക്കൂ.";"सुरू करण्यासाठी विषय निवड.";"Эхлэх сэдвээ сонго.";"सुरु गर्न एउटा विषय छान।";"Velg et emne å starte med.";"Обери тему для початку.";"ଆରମ୍ଭ କରିବାକୁ ଗୋଟିଏ ବିଷୟ ବାଛ।";"باشلايدىغان تېمىنى تاللا.";"Boshlash uchun mavzu tanla.";"یک موضوع برای شروع انتخاب کن.";"Wybierz temat na początek.";"Escolhe um tema para começar.";"ਸ਼ੁਰੂ ਕਰਨ ਲਈ ਇੱਕ ਵਿਸ਼ਾ ਚੁਣੋ।";"Alege un subiect cu care să începi.";"Выбери тему для начала.";"Izaberi temu za početak.";"පටන් ගන්න මාතෘකාවක් තෝරන්න.";"Vyber si tému, ktorou začneš.";"Za začetek izberi temo.";"Elige un tema para empezar.";"Chagua mada ya kuanzia.";"தொடங்க ஒரு தலைப்பைத் தேர்ந்தெடு.";"మొదలుపెట్టడానికి ఒక అంశాన్ని ఎంచుకో.";"เลือกหัวข้อที่จะเริ่ม";"འགོ་འཛུགས་སའི་བརྗོད་གཞི་འདེམས།";"Vyber si téma, kterým začneš.";"Başlamak için bir konu seç.";"شروع کرنے کے لیے موضوع چنیں۔";"Chọn một chủ đề để bắt đầu.";"Dewis bwnc i ddechrau.";"Выберы тэму, з якой пачнеш.";"Khetha isihloko ozoqala ngaso.";"Välj ett ämne att börja med."
"onboarding.subject.title";"";"Onboarding, seen once at first launch. Aim for 45 characters or fewer.";"What do you want to learn?";"Wat wil je leren?";"Wat wil jy leer?";"Çfarë dëshiron të mësosh?";"ምን መማር ትፈልጋለህ?";"ماذا تريد أن تتعلم؟";"Ի՞նչ ես ուզում սովորել։";"তুমি কি শিকিব খোজা?";"Nə öyrənmək istəyirsən?";"Zer ikasi nahi duzu?";"তুমি কী শিখতে চাও?";"ဘာသင်ချင်လဲ။";"Šta želiš naučiti?";"Какво искаш да научиш?";"Què vols aprendre?";"你想学什么？";"Hvad vil du lære?";"Was möchtest du lernen?";"Mida tahad õppida?";"Hvat vilt tú læra?";"Mitä haluat oppia?";"Que veux-tu apprendre ?";"Que queres aprender?";"რის სწავლა გინდა?";"Τι θέλεις να μάθεις;";"તમે શું શીખવા માંગો છો?";"מה תרצו ללמוד?";"तुम क्या सीखना चाहते हो?";"Mit szeretnél megtanulni?";"Cad ba mhaith leat a fhoghlaim?";"Hvað viltu læra?";"Apa yang ingin kamu pelajari?";"Cosa vuoi imparare?";"何を学びたい？";"ನೀನು ಏನು ಕಲಿಯಲು ಬಯಸುತ್ತೀಯ?";"Нені үйренгің келеді?";"អ្នកចង់រៀនអ្វី?";"무엇을 배우고 싶나요?";"Što želiš naučiti?";"ເຈົ້າຢາກຮຽນຫຍັງ?";"Ko tu vēlies iemācīties?";"Ko nori išmokti?";"Што сакаш да научиш?";"Apa yang kamu mahu belajar?";"നിനക്ക് എന്താണ് പഠിക്കേണ്ടത്?";"तुला काय शिकायचं आहे?";"Юу сурмаар байна?";"तिमी के सिक्न चाहन्छौ?";"Hva vil du lære?";"Що ти хочеш вивчати?";"ତୁମେ କ’ଣ ଶିଖିବାକୁ ଚାହୁଁଛ?";"نېمىنى ئۆگەنمەكچىسەن؟";"Nimani o‘rganmoqchisan?";"دوست داری چه چیزی یاد بگیری؟";"Czego chcesz się nauczyć?";"O que queres aprender?";"ਤੁਸੀਂ ਕੀ ਸਿੱਖਣਾ ਚਾਹੁੰਦੇ ਹੋ?";"Ce vrei să înveți?";"Чему ты хочешь научиться?";"Šta želiš da naučiš?";"ඔබ ඉගෙනගන්න කැමති මොනවාද?";"Čo sa chceš naučiť?";"Kaj se želiš naučiti?";"¿Qué quieres aprender?";"Unataka kujifunza nini?";"நீ என்ன கற்க விரும்புகிறாய்?";"నువ్వు ఏం నేర్చుకోవాలనుకుంటున్నావు?";"อยากเรียนอะไร?";"ཁྱེད་ཀྱིས་ག་རེ་སྦྱོང་འདོད་དམ།";"Co se chceš naučit?";"Ne öğrenmek istiyorsun?";"آپ کیا سیکھنا چاہتے ہیں؟";"Bạn muốn học gì?";"Beth wyt ti eisiau ei ddysgu?";"Што ты хочаш вывучыць?";"Ufuna ukufunda ini?";"Vad vill du lära dig?"
"parentGate.approved";"";"The adult check shown before a purchase. Written for a grown-up, not a child. Aim for 70 characters or fewer.";"Approved";"Goedgekeurd";"Goedgekeur";"Miratuar";"ጸድቋል";"تمت الموافقة";"Հաստատված է";"অনুমোদিত";"Təsdiqləndi";"Onartuta";"অনুমোদিত";"အတည်ပြုပြီး";"Odobreno";"Одобрено";"Aprovat";"已通过";"Godkendt";"Bestätigt";"Kinnitatud";"Góðkent";"Hyväksytty";"Validé";"Aprobado";"დადასტურებულია";"Εγκρίθηκε";"મંજૂર";"אושר";"मंज़ूर";"Jóváhagyva";"Ceadaithe";"Samþykkt";"Disetujui";"Approvato";"承認ずみ";"ಅನುಮೋದಿಸಲಾಗಿದೆ";"Мақұлданды";"បានអនុម័ត";"승인됨";"Odobreno";"ອະນຸມັດແລ້ວ";"Apstiprināts";"Patvirtinta";"Одобрено";"Diluluskan";"അംഗീകരിച്ചു";"मंजूर";"Зөвшөөрлөө";"स्वीकृत";"Godkjent";"Підтверджено";"ଅନୁମୋଦିତ";"تەستىقلاندى";"Tasdiqlandi";"تأیید شد";"Zatwierdzone";"Aprovado";"ਮਨਜ਼ੂਰ";"Aprobat";"Подтверждено";"Odobreno";"අනුමතයි";"Schválené";"Odobreno";"Aprobado";"Imeidhinishwa";"அங்கீகரிக்கப்பட்டது";"ఆమోదించబడింది";"อนุมัติแล้ว";"ཆོག་མཆན་ཐོབ།";"Schváleno";"Onaylandı";"منظور";"Đã xác nhận";"Cymeradwywyd";"Пацверджана";"Kuvunyelwe";"Godkänd"
"parentGate.attempts %lld %lld";"";"The adult check shown before a purchase. Written for a grown-up, not a child. Aim for 70 characters or fewer. Keep 2× %lld (a number). Several values are substituted, so number them: %1$…, %2$… in whatever order your language reads.";"Attempts: %1$lld of %2$lld";"Pogingen: %1$lld van %2$lld";"Pogings: %1$lld van %2$lld";"Përpjekje: %1$lld nga %2$lld";"ሙከራዎች፦ %1$lld ከ%2$lld";"المحاولات: %1$lld من %2$lld";"Փորձեր՝ %1$lld՝ %2$lld-ից";"চেষ্টা: %1$lld ৰ ভিতৰত %2$lld";"Cəhdlər: %1$lld-dən %2$lld";"Saiakerak: %1$lld / %2$lld";"চেষ্টা: %1$lld-এর মধ্যে %2$lld";"ကြိုးစားမှု: %1$lld မှ %2$lld";"Pokušaji: %1$lld od %2$lld";"Опити: %1$lld от %2$lld";"Intents: %1$lld de %2$lld";"尝试次数：%1$lld/%2$lld";"Forsøg: %1$lld af %2$lld";"Versuche: %1$lld von %2$lld";"Katsed: %1$lld / %2$lld";"Royndir: %1$lld av %2$lld";"Yritykset: %1$lld/%2$lld";"Essais : %1$lld sur %2$lld";"Intentos: %1$lld de %2$lld";"ცდები: %1$lld / %2$lld";"Προσπάθειες: %1$lld από %2$lld";"પ્રયત્નો: %1$lld માંથી %2$lld";"ניסיונות: %1$lld מתוך %2$lld";"कोशिशें: %1$lld में से %2$lld";"Próbálkozások: %1$lld / %2$lld";"Iarrachtaí: %1$lld as %2$lld";"Tilraunir: %1$lld af %2$lld";"Percobaan: %1$lld dari %2$lld";"Tentativi: %1$lld su %2$lld";"回数：%1$lld／%2$lld";"ಪ್ರಯತ್ನಗಳು: %2$lldರಲ್ಲಿ %1$lld";"Әрекеттер: %1$lld / %2$lld";"ការព្យាយាម៖ %1$lld ក្នុងចំណោម %2$lld";"시도: %1$lld/%2$lld";"Pokušaji: %1$lld od %2$lld";"ລອງ: %1$lld ຈາກ %2$lld";"Mēģinājumi: %1$lld no %2$lld";"Bandymai: %1$lld iš %2$lld";"Обиди: %1$lld од %2$lld";"Cubaan: %1$lld daripada %2$lld";"ശ്രമങ്ങൾ: %1$lldൽ %2$lld";"प्रयत्न: %1$lld पैकी %2$lld";"Оролдлого: %1$lld-аас %2$lld";"प्रयास: %1$lld मध्ये %2$lld";"Forsøk: %1$lld av %2$lld";"Спроби: %1$lld з %2$lld";"ଚେଷ୍ଟା: %1$lld ମଧ୍ୟରୁ %2$lld";"سىناق: %1$lld / %2$lld";"Urinishlar: %1$lld tadan %2$lld ta";"تلاش‌ها: %1$lld از %2$lld";"Próby: %1$lld z %2$lld";"Tentativas: %1$lld de %2$lld";"ਕੋਸ਼ਿਸ਼ਾਂ: %1$lld ਵਿੱਚੋਂ %2$lld";"Încercări: %1$lld din %2$lld";"Попытки: %1$lld из %2$lld";"Pokušaji: %1$lld od %2$lld";"උත්සාහ: %1$lld න් %2$lld";"Pokusy: %1$lld z %2$lld";"Poskusi: %1$lld od %2$lld";"Intentos: %1$lld de %2$lld";"Majaribio: %1$lld kati ya %2$lld";"முயற்சிகள்: %1$lld / %2$lld";"ప్రయత్నాలు: %1$lldలో %2$lld";"ลองแล้ว: %1$lld จาก %2$lld";"ཚོད་ལྟ། %1$lld ནས་ %2$lld";"Pokusy: %1$lld z %2$lld";"Deneme: %1$lld/%2$lld";"کوششیں: %1$lld از %2$lld";"Lần thử: %1$lld trên %2$lld";"Ceisiadau: %1$lld o %2$lld";"Спробы: %1$lld з %2$lld";"Imizamo: %1$lld kokungu-%2$lld";"Försök: %1$lld av %2$lld"
"parentGate.holdInstruction %@ %lld";"one";"The adult check shown before a purchase. Written for a grown-up, not a child. COUNTED TEXT — the wording for a count of one. Leave empty if your language words one no differently from the rest. Aim for 70 characters or fewer. Keep 1× %lld (a number) and 1× %@ (text substituted at runtime). Several values are substituted, so number them: %1$…, %2$… in whatever order your language reads.";"Hold the %1$@ for %2$lld second.";"Houd de %1$@ %2$lld seconde ingedrukt.";"Druk en hou die %@ vir %lld sekondes.";"Mbaje %@ shtypur për %lld sekonda.";"%@ን ለ%lld ሰከንድ ተጭነው ይያዙ።";"اضغط مطولًا على %@ لمدة %lld ثوانٍ.";"Սեղմած պահեք %@-ը %lld վայրկյան։";"%@টো %lld ছেকেণ্ড ধৰি ৰাখা।";"%@ üzərində %lld saniyə basıb saxla.";"Eduki %@ sakatuta %lld segundoz.";"%@-টি %lld সেকেন্ড চেপে ধরুন।";"%@ ကို %lld စက္ကန့် ဖိထားပါ။";"Drži %@ %lld sekundi.";"Задръж %@ за %lld секунди.";"Mantén premut el %@ durant %lld segons.";"按住 %@ %lld 秒。";"Hold %@ nede i %lld sekunder.";"Halte %@ %lld Sekunden gedrückt.";"Hoia %@ %lld sekundit all.";"Halt %@ inni í %lld sekund.";"Pidä %@ painettuna %lld sekuntia.";"Maintiens le %@ pendant %lld secondes.";"Mantén premido o %@ durante %lld segundos.";"%@-ს %lld წამით დააჭირე.";"Κράτησε πατημένο το %@ για %lld δευτερόλεπτα.";"%@ ને %lld સેકન્ડ દબાવી રાખો.";"החזיקו את ה־%@ במשך %lld שניות.";"%@ को %lld सेकंड दबाकर रखें।";"Tartsd nyomva a(z) %@ jelet %lld másodpercig.";"Coinnigh an %@ síos ar feadh %lld soicind.";"Haltu %@ inni í %lld sekúndur.";"Tahan %@ selama %lld detik.";"Tieni premuto %@ per %lld secondi.";"%@を%lld秒間長押ししてください。";"%@ ಅನ್ನು %lld ಸೆಕೆಂಡ್ ಒತ್ತಿಹಿಡಿ.";"%@ белгісін %lld секунд басып тұр.";"ចុច %@ ឱ្យជាប់ %lld វិនាទី។";"%@을 %lld초 동안 길게 누르세요.";"Drži %@ %lld sekundi.";"ກົດ %@ ຄ້າງ %lld ວິນາທີ.";"Turiet %@ nospiestu %lld sekundes.";"Palaikyk %@ %lld sekundes.";"Држи го %@ %lld секунди.";"Tekan dan tahan %@ selama %lld saat.";"%@ %lld സെക്കൻഡ് അമർത്തിപ്പിടിക്കൂ.";"%@ ला %lld सेकंद दाबून ठेवा.";"%@-г %lld секунд дар.";"%@ लाई %lld सेकेन्ड थिचिराख्नुहोस्।";"Hold %@ inne i %lld sekunder.";"Утримуй %@ %lld секунд.";"%@ କୁ %lld ସେକେଣ୍ଡ ଧରି ରଖ।";"%@ نى %lld سېكۇنت بېسىپ تۇرۇڭ.";"%@ ni %lld soniya bosib tur.";"%@ را %lld ثانیه نگه دارید.";"Przytrzymaj %@ przez %lld sekund.";"Mantém %@ premido durante %lld segundos.";"%@ ਨੂੰ %lld ਸਕਿੰਟ ਦਬਾ ਕੇ ਰੱਖੋ।";"Ține apăsat %@ timp de %lld secunde.";"Удерживайте %@ %lld секунд.";"Držite %@ %lld sekundi.";"%@ තත්පර %lldක් ඔබාගෙන සිටින්න.";"Podrž %@ %lld sekúnd.";"Drži %@ %lld sekund.";"Mantén pulsado el %@ durante %lld segundos.";"Shikilia %@ kwa sekunde %lld.";"%@ ஐ %lld விநாடிகள் அழுத்திப் பிடிக்கவும்.";"%@ను %lld సెకన్లు నొక్కి పట్టుకోండి.";"กด %@ ค้าง %lld วินาที";"%@ ལ་སྐར་ཆ་ %lld མནན་ནས་སྡོད།";"Podrž %@ po dobu %lld sekund.";"%@ şekline %lld saniye basılı tut.";"%@ کو %lld سیکنڈ دبائے رکھیں۔";"Giữ %@ trong %lld giây.";"Dalia'r %@ am %lld eiliad.";"Утрымлівай %@ %lld секунд.";"Bamba i-%@ imizuzwana engu-%lld.";"Håll %@ intryckt i %lld sekunder."
"parentGate.holdInstruction %@ %lld";"other";"The adult check shown before a purchase. Written for a grown-up, not a child. COUNTED TEXT — required. The wording for a plural count, and the one used whenever the 'one' row does not apply. Aim for 70 characters or fewer. Keep 1× %lld (a number) and 1× %@ (text substituted at runtime). Several values are substituted, so number them: %1$…, %2$… in whatever order your language reads.";"Hold the %1$@ for %2$lld seconds.";"Houd de %1$@ %2$lld seconden ingedrukt.";"Druk en hou die %@ vir %lld sekondes.";"Mbaje %@ shtypur për %lld sekonda.";"%@ን ለ%lld ሰከንድ ተጭነው ይያዙ።";"اضغط مطولًا على %@ لمدة %lld ثوانٍ.";"Սեղմած պահեք %@-ը %lld վայրկյան։";"%@টো %lld ছেকেণ্ড ধৰি ৰাখা।";"%@ üzərində %lld saniyə basıb saxla.";"Eduki %@ sakatuta %lld segundoz.";"%@-টি %lld সেকেন্ড চেপে ধরুন।";"%@ ကို %lld စက္ကန့် ဖိထားပါ။";"Drži %@ %lld sekundi.";"Задръж %@ за %lld секунди.";"Mantén premut el %@ durant %lld segons.";"按住 %@ %lld 秒。";"Hold %@ nede i %lld sekunder.";"Halte %@ %lld Sekunden gedrückt.";"Hoia %@ %lld sekundit all.";"Halt %@ inni í %lld sekund.";"Pidä %@ painettuna %lld sekuntia.";"Maintiens le %@ pendant %lld secondes.";"Mantén premido o %@ durante %lld segundos.";"%@-ს %lld წამით დააჭირე.";"Κράτησε πατημένο το %@ για %lld δευτερόλεπτα.";"%@ ને %lld સેકન્ડ દબાવી રાખો.";"החזיקו את ה־%@ במשך %lld שניות.";"%@ को %lld सेकंड दबाकर रखें।";"Tartsd nyomva a(z) %@ jelet %lld másodpercig.";"Coinnigh an %@ síos ar feadh %lld soicind.";"Haltu %@ inni í %lld sekúndur.";"Tahan %@ selama %lld detik.";"Tieni premuto %@ per %lld secondi.";"%@を%lld秒間長押ししてください。";"%@ ಅನ್ನು %lld ಸೆಕೆಂಡ್ ಒತ್ತಿಹಿಡಿ.";"%@ белгісін %lld секунд басып тұр.";"ចុច %@ ឱ្យជាប់ %lld វិនាទី។";"%@을 %lld초 동안 길게 누르세요.";"Drži %@ %lld sekundi.";"ກົດ %@ ຄ້າງ %lld ວິນາທີ.";"Turiet %@ nospiestu %lld sekundes.";"Palaikyk %@ %lld sekundes.";"Држи го %@ %lld секунди.";"Tekan dan tahan %@ selama %lld saat.";"%@ %lld സെക്കൻഡ് അമർത്തിപ്പിടിക്കൂ.";"%@ ला %lld सेकंद दाबून ठेवा.";"%@-г %lld секунд дар.";"%@ लाई %lld सेकेन्ड थिचिराख्नुहोस्।";"Hold %@ inne i %lld sekunder.";"Утримуй %@ %lld секунд.";"%@ କୁ %lld ସେକେଣ୍ଡ ଧରି ରଖ।";"%@ نى %lld سېكۇنت بېسىپ تۇرۇڭ.";"%@ ni %lld soniya bosib tur.";"%@ را %lld ثانیه نگه دارید.";"Przytrzymaj %@ przez %lld sekund.";"Mantém %@ premido durante %lld segundos.";"%@ ਨੂੰ %lld ਸਕਿੰਟ ਦਬਾ ਕੇ ਰੱਖੋ।";"Ține apăsat %@ timp de %lld secunde.";"Удерживайте %@ %lld секунд.";"Držite %@ %lld sekundi.";"%@ තත්පර %lldක් ඔබාගෙන සිටින්න.";"Podrž %@ %lld sekúnd.";"Drži %@ %lld sekund.";"Mantén pulsado el %@ durante %lld segundos.";"Shikilia %@ kwa sekunde %lld.";"%@ ஐ %lld விநாடிகள் அழுத்திப் பிடிக்கவும்.";"%@ను %lld సెకన్లు నొక్కి పట్టుకోండి.";"กด %@ ค้าง %lld วินาที";"%@ ལ་སྐར་ཆ་ %lld མནན་ནས་སྡོད།";"Podrž %@ po dobu %lld sekund.";"%@ şekline %lld saniye basılı tut.";"%@ کو %lld سیکنڈ دبائے رکھیں۔";"Giữ %@ trong %lld giây.";"Dalia'r %@ am %lld eiliad.";"Утрымлівай %@ %lld секунд.";"Bamba i-%@ imizuzwana engu-%lld.";"Håll %@ intryckt i %lld sekunder."
"parentGate.holdProgress %lld";"";"The adult check shown before a purchase. Written for a grown-up, not a child. Aim for 70 characters or fewer. Keep 1× %lld (a number).";"Hold: %lld";"Ingedrukt houden: %lld";"Hou: %lld";"Mbaje: %lld";"ይያዙ፦ %lld";"اضغط مطولًا: %lld";"Պահել՝ %lld";"ধৰি ৰাখা: %lld";"Basılı saxla: %lld";"Eduki sakatuta: %lld";"চেপে ধরুন: %lld";"ဖိထားရန်: %lld";"Drži: %lld";"Задръж: %lld";"Mantén premut: %lld";"按住：%lld";"Hold: %lld";"Halten: %lld";"Hoia: %lld";"Halt inni: %lld";"Pidä: %lld";"Maintenir : %lld";"Manter: %lld";"დაჭერა: %lld";"Κράτημα: %lld";"દબાવો: %lld";"החזקה: %lld";"दबाएँ: %lld";"Nyomva: %lld";"Coinnigh: %lld";"Halda inni: %lld";"Tahan: %lld";"Premi: %lld";"長押し：%lld";"ಒತ್ತಿಹಿಡಿ: %lld";"Басып тұру: %lld";"ចុចឱ្យជាប់៖ %lld";"길게 누르기: %lld";"Drži: %lld";"ກົດຄ້າງ: %lld";"Turēt: %lld";"Laikyti: %lld";"Држи: %lld";"Tahan: %lld";"അമർത്തിപ്പിടിക്കുക: %lld";"दाबून ठेवा: %lld";"Дарах: %lld";"थिच्नुहोस्: %lld";"Hold: %lld";"Утримувати: %lld";"ଧରି ରଖ: %lld";"بېسىپ تۇرۇش: %lld";"Bosib turish: %lld";"نگه‌دار: %lld";"Przytrzymaj: %lld";"Premir: %lld";"ਦਬਾ ਕੇ ਰੱਖੋ: %lld";"Ține apăsat: %lld";"Удержание: %lld";"Držite: %lld";"ඔබාගෙන සිටින්න: %lld";"Podrž: %lld";"Drži: %lld";"Mantener: %lld";"Shikilia: %lld";"பிடி: %lld";"పట్టుకోండి: %lld";"กดค้าง: %lld";"མནན་ནས་སྡོད། %lld";"Podržet: %lld";"Basılı tut: %lld";"دبائے رکھیں: %lld";"Giữ: %lld";"Dal: %lld";"Утрымліваць: %lld";"Bamba: %lld";"Håll: %lld"
"parentGate.shape.circle";"";"The adult check shown before a purchase. Written for a grown-up, not a child. Aim for 70 characters or fewer.";"circle";"cirkel";"sirkel";"rrethi";"ክብ";"دائرة";"շրջան";"বৃত্ত";"dairə";"zirkulua";"বৃত্ত";"စက်ဝိုင်း";"krug";"кръг";"cercle";"圆形";"cirkel";"Kreis";"ring";"sirkul";"ympyrä";"cercle";"círculo";"წრე";"κύκλο";"વર્તુળ";"עיגול";"गोला";"kör";"ciorcal";"hringur";"lingkaran";"cerchio";"まる";"ವೃತ್ತ";"шеңбер";"រង្វង់";"원";"krug";"ວົງມົນ";"aplis";"apskritimas";"круг";"bulatan";"വൃത്തം";"वर्तुळ";"дугуй";"वृत्त";"sirkel";"коло";"ବୃତ୍ତ";"چەمبەر";"doira";"دایره";"koło";"círculo";"ਗੋਲ";"cerc";"круг";"krug";"වෘත්තය";"kruh";"krog";"círculo";"duara";"வட்டம்";"వృత్తం";"วงกลม";"སྒོར་སྒོར";"kruh";"daire";"دائرہ";"hình tròn";"cylch";"круг";"indilinga";"cirkel"
"parentGate.shape.diamond";"";"The adult check shown before a purchase. Written for a grown-up, not a child. Aim for 70 characters or fewer.";"diamond";"ruit";"diamant";"rombi";"አልማዝ";"معيّن";"շեղանկյուն";"হীৰা";"romb";"erronboa";"হীরা";"စိန်ပုံ";"romb";"ромб";"rombe";"菱形";"diamant";"Raute";"romb";"diamantur";"vinoneliö";"losange";"rombo";"რომბი";"ρόμβο";"હીરો";"מעוין";"हीरा";"rombusz";"muileata";"tígull";"wajik";"rombo";"ひし形";"ವಜ್ರ";"ромб";"រាងពេជ្រ";"마름모";"romb";"ຮູບເພັດ";"rombs";"rombas";"ромб";"berlian";"വജ്രം";"हिरा";"ромбо";"हीरा";"diamant";"ромб";"ହୀରା";"رومب";"romb";"لوزی";"romb";"losango";"ਹੀਰਾ";"romb";"ромб";"romb";"දියමන්තිය";"kosoštvorec";"romb";"rombo";"rombu";"வைரம்";"వజ్రం";"สี่เหลี่ยมข้าวหลามตัด";"རྡོ་རྗེ";"kosočtverec";"baklava";"ہیرا";"hình thoi";"diemwnt";"ромб";"idayimane";"romb"
"parentGate.shape.heart";"";"The adult check shown before a purchase. Written for a grown-up, not a child. Aim for 70 characters or fewer.";"heart";"hart";"hart";"zemra";"ልብ";"قلب";"սիրտ";"হৃদয়";"ürək";"bihotza";"হৃদয়";"နှလုံး";"srce";"сърце";"cor";"爱心";"hjerte";"Herz";"süda";"hjarta";"sydän";"cœur";"corazón";"გული";"καρδιά";"હૃદય";"לב";"दिल";"szív";"croí";"hjarta";"hati";"cuore";"ハート";"ಹೃದಯ";"жүрек";"បេះដូង";"하트";"srce";"ຫົວໃຈ";"sirds";"širdis";"срце";"hati";"ഹൃദയം";"हृदय";"зүрх";"मुटु";"hjerte";"серце";"ହୃଦୟ";"يۈرەك";"yurak";"قلب";"serce";"coração";"ਦਿਲ";"inimă";"сердце";"srce";"හදවත";"srdce";"srce";"corazón";"moyo";"இதயம்";"గుండె";"หัวใจ";"སྙིང་།";"srdce";"kalp";"دل";"trái tim";"calon";"сэрца";"inhliziyo";"hjärta"
"parentGate.shape.hexagon";"";"The adult check shown before a purchase. Written for a grown-up, not a child. Aim for 70 characters or fewer.";"hexagon";"zeshoek";"seshoek";"gjashtëkëndëshi";"ባለስድስት ጎን";"سداسي";"վեցանկյուն";"ষড়ভুজ";"altıbucaq";"hexagonoa";"ষড়ভুজ";"ခြောက်ထောင့်ပုံ";"šesterokut";"шестоъгълник";"hexàgon";"六边形";"sekskant";"Sechseck";"kuusnurk";"sekskantur";"kuusikulmio";"hexagone";"hexágono";"ექვსკუთხედი";"εξάγωνο";"ષટ્કોણ";"משושה";"षट्भुज";"hatszög";"heicseagán";"sexhyrningur";"segi enam";"esagono";"六角形";"ಷಟ್ಕೋನ";"алтыбұрыш";"ឆកោណ";"육각형";"šesterokut";"ຫົກຫຼ່ຽມ";"sešstūris";"šešiakampis";"шестоаголник";"heksagon";"ഷട്ഭുജം";"षटकोन";"зургаан өнцөгт";"षट्कोण";"sekskant";"шестикутник";"ଷଟ୍‌କୋଣ";"ئالتە بۇلۇڭ";"olti burchak";"شش‌ضلعی";"sześciokąt";"hexágono";"ਛੇਕੋਣ";"hexagon";"шестиугольник";"šestougao";"ෂඩාස්‍රය";"šesťuholník";"šestkotnik";"hexágono";"pembe sita";"அறுகோணம்";"షడ్భుజి";"หกเหลี่ยม";"ཟུར་དྲུག";"šestiúhelník";"altıgen";"شش پہلو";"hình lục giác";"hecsagon";"шасцівугольнік";"iheksagoni";"sexhörning"
"parentGate.shape.plus";"";"The adult check shown before a purchase. Written for a grown-up, not a child. Aim for 70 characters or fewer.";"plus";"plusteken";"plusteken";"plus";"መደመር";"زائد";"գումարման նշան";"যোগ চিহ্ন";"üstəgəl";"plus ikurra";"যোগচিহ্ন";"အပေါင်း";"plus";"плюс";"signe més";"加号";"plus";"Plus";"pluss";"pluss";"plusmerkki";"plus";"máis";"პლუსი";"συν";"વત્તા";"פלוס";"प्लस";"plusz";"móide";"plús";"tanda tambah";"più";"プラス";"ಪ್ಲಸ್";"қосу";"សញ្ញាបូក";"더하기";"plus";"ເຄື່ອງໝາຍບວກ";"pluss";"pliusas";"плус";"tambah";"പ്ലസ്";"अधिक चिन्ह";"нэмэх тэмдэг";"जोड चिन्ह";"pluss";"плюс";"ଯୋଗ ଚିହ୍ନ";"قوشۇش بەلگىسى";"plyus";"علامت جمع";"plus";"sinal de mais";"ਜੋੜ ਦਾ ਨਿਸ਼ਾਨ";"plus";"плюс";"plus";"එකතු ලකුණ";"plus";"plus";"más";"jumlisha";"கூட்டல் குறி";"ప్లస్";"เครื่องหมายบวก";"སྣོན་རྟགས";"plus";"artı";"جمع";"dấu cộng";"plws";"плюс";"uphawu lokuhlanganisa";"plus"
"parentGate.shape.square";"";"The adult check shown before a purchase. Written for a grown-up, not a child. Aim for 70 characters or fewer.";"square";"vierkant";"vierkant";"katrori";"ካሬ";"مربع";"քառակուսի";"বৰ্গ";"kvadrat";"karratua";"বর্গ";"စတုရန်း";"kvadrat";"квадрат";"quadrat";"正方形";"firkant";"Quadrat";"ruut";"fýrkantur";"neliö";"carré";"cadrado";"კვადრატი";"τετράγωνο";"ચોરસ";"ריבוע";"वर्ग";"négyzet";"cearnóg";"ferningur";"persegi";"quadrato";"四角";"ಚೌಕ";"шаршы";"ការ៉េ";"네모";"kvadrat";"ສີ່ຫຼ່ຽມ";"kvadrāts";"kvadratas";"квадрат";"segi empat";"ചതുരം";"चौरस";"дөрвөлжин";"वर्ग";"firkant";"квадрат";"ବର୍ଗ";"تۆت بۇلۇڭ";"kvadrat";"مربع";"kwadrat";"quadrado";"ਵਰਗ";"pătrat";"квадрат";"kvadrat";"චතුරස්‍රය";"štvorec";"kvadrat";"cuadrado";"mraba";"சதுரம்";"చతురస్రం";"สี่เหลี่ยม";"གྲུ་བཞི";"čtverec";"kare";"مربع";"hình vuông";"sgwâr";"квадрат";"isikwele";"fyrkant"
"parentGate.shape.star";"";"The adult check shown before a purchase. Written for a grown-up, not a child. Aim for 70 characters or fewer.";"star";"ster";"ster";"ylli";"ኮከብ";"نجمة";"աստղ";"তৰা";"ulduz";"izarra";"তারকা";"ကြယ်";"zvijezda";"звезда";"estrella";"星形";"stjerne";"Stern";"täht";"stjørna";"tähti";"étoile";"estrela";"ვარსკვლავი";"αστέρι";"તારો";"כוכב";"तारा";"csillag";"réalta";"stjarna";"bintang";"stella";"星";"ನಕ್ಷತ್ರ";"жұлдыз";"ផ្កាយ";"별";"zvijezda";"ດາວ";"zvaigzne";"žvaigždė";"ѕвезда";"bintang";"നക്ഷത്രം";"तारा";"од";"तारा";"stjerne";"зірка";"ତାରା";"يۇلتۇز";"yulduz";"ستاره";"gwiazda";"estrela";"ਤਾਰਾ";"stea";"звезда";"zvezda";"තරුව";"hviezda";"zvezda";"estrella";"nyota";"நட்சத்திரம்";"నక్షత్రం";"ดาว";"སྐར་མ";"hvězda";"yıldız";"ستارہ";"ngôi sao";"seren";"зорка";"inkanyezi";"stjärna"
"parentGate.shape.triangle";"";"The adult check shown before a purchase. Written for a grown-up, not a child. Aim for 70 characters or fewer.";"triangle";"driehoek";"driehoek";"trekëndëshi";"ሦስት ማዕዘን";"مثلث";"եռանկյուն";"ত্ৰিভুজ";"üçbucaq";"triangelua";"ত্রিভুজ";"တြိဂံ";"trokut";"триъгълник";"triangle";"三角形";"trekant";"Dreieck";"kolmnurk";"tríkantur";"kolmio";"triangle";"triángulo";"სამკუთხედი";"τρίγωνο";"ત્રિકોણ";"משולש";"त्रिभुज";"háromszög";"triantán";"þríhyrningur";"segitiga";"triangolo";"三角";"ತ್ರಿಕೋನ";"үшбұрыш";"ត្រីកោណ";"삼각형";"trokut";"ສາມຫຼ່ຽມ";"trīsstūris";"trikampis";"триаголник";"segi tiga";"ത്രികോണം";"त्रिकोण";"гурвалжин";"त्रिकोण";"trekant";"трикутник";"ତ୍ରିଭୁଜ";"ئۈچ بۇلۇڭ";"uchburchak";"مثلث";"trójkąt";"triângulo";"ਤਿਕੋਣ";"triunghi";"треугольник";"trougao";"ත්‍රිකෝණය";"trojuholník";"trikotnik";"triángulo";"pembetatu";"முக்கோணம்";"త్రిభుజం";"สามเหลี่ยม";"ཟུར་གསུམ";"trojúhelník";"üçgen";"مثلث";"hình tam giác";"triongl";"трохвугольнік";"unxantathu";"triangel"
"parentGate.subtitle";"";"The adult check shown before a purchase. Written for a grown-up, not a child. Aim for 153 characters or fewer.";"To protect young players, an adult must complete this check before continuing to the purchase.";"Om jonge spelers te beschermen, moet een volwassene deze controle voltooien voordat de aankoop kan worden voortgezet.";"Om jong spelers te beskerm, moet ’n volwassene dié toets voltooi voordat die aankoop kan voortgaan.";"Për të mbrojtur lojtarët e vegjël, një i rritur duhet ta kryejë këtë kontroll para blerjes.";"ትንንሽ ተጫዋቾችን ለመጠበቅ፣ ወደ ግዢው ከመቀጠል በፊት አንድ አዋቂ ይህን ማረጋገጫ ማጠናቀቅ አለበት።";"لحماية اللاعبين الصغار، يجب أن يُكمل شخص بالغ هذا التحقق قبل متابعة الشراء.";"Փոքրիկ խաղացողներին պաշտպանելու համար մեծահասակը պետք է անցնի այս ստուգումը՝ գնումը շարունակելուց առաջ։";"সৰু খেলুৱৈক সুৰক্ষিত ৰাখিবলৈ ক্ৰয়ৰ আগতে এজন ডাঙৰে এই পৰীক্ষা সম্পূৰ্ণ কৰিব লাগিব।";"Balaca oyunçuları qorumaq üçün alışa davam etməzdən əvvəl bir böyük bu yoxlamanı tamamlamalıdır.";"Jokalari gazteak babesteko, heldu batek egiaztapen hau osatu behar du erosketarekin jarraitu aurretik.";"ছোট খেলোয়াড়দের সুরক্ষায়, কেনাকাটা চালানোর আগে একজন প্রাপ্তবয়স্ককে এই যাচাই শেষ করতে হবে।";"ကလေးကစားသမားတွေကို ကာကွယ်ဖို့ ဝယ်ယူမှုမဆက်ခင် လူကြီးတစ်ယောက်က ဒီစစ်ဆေးမှုကို ပြီးအောင်လုပ်ရမယ်။";"Radi zaštite mladih igrača, odrasla osoba mora završiti ovu provjeru prije kupovine.";"За да защитим малките играчи, възрастен трябва да премине тази проверка преди покупката.";"Per protegir els jugadors més petits, un adult ha de completar aquesta comprovació abans de continuar amb la compra.";"为了保护小玩家，继续购买前需要一位成年人完成验证。";"For at beskytte unge spillere skal en voksen gennemføre dette tjek, før købet kan fortsætte.";"Zum Schutz junger Spieler muss ein Erwachsener diese Prüfung abschließen, bevor der Kauf fortgesetzt werden kann.";"Noorte mängijate kaitsmiseks peab täiskasvanu enne ostu jätkamist selle kontrolli läbima.";"Fyri at verja ung spælandi má ein vaksin gera hesa kanningina, áðrenn keypið kann halda fram.";"Nuorten pelaajien suojelemiseksi aikuisen on tehtävä tämä tarkistus ennen ostoksen jatkamista.";"Pour protéger les jeunes joueurs, un adulte doit terminer ce contrôle avant de poursuivre l’achat.";"Para protexer os xogadores máis novos, un adulto debe completar esta comprobación antes de continuar coa compra.";"პატარა მოთამაშეების დასაცავად, ყიდვის გაგრძელებამდე ეს შემოწმება უფროსმა უნდა გაიაროს.";"Για την προστασία των μικρών παικτών, ένας ενήλικας πρέπει να ολοκληρώσει αυτόν τον έλεγχο πριν από την αγορά.";"નાના ખેલાડીઓની સુરક્ષા માટે ખરીદી આગળ વધે તે પહેલાં કોઈ મોટા વ્યક્તિએ આ તપાસ પૂરી કરવી જરૂરી છે.";"כדי להגן על שחקנים צעירים, מבוגר חייב להשלים את הבדיקה לפני המשך הרכישה.";"छोटे खिलाड़ियों की सुरक्षा के लिए, खरीदारी से पहले किसी बड़े को यह जाँच पूरी करनी होगी।";"A fiatal játékosok védelmében egy felnőttnek el kell végeznie ezt az ellenőrzést a vásárlás előtt.";"Chun imreoirí óga a chosaint, caithfidh duine fásta an tseiceáil seo a dhéanamh sula leanfar leis an gceannach.";"Til að vernda unga leikmenn þarf fullorðinn að ljúka þessari athugun áður en haldið er áfram í kaup.";"Untuk melindungi pemain cilik, orang dewasa harus menyelesaikan pemeriksaan ini sebelum melanjutkan pembelian.";"Per proteggere i piccoli giocatori, un adulto deve completare questo controllo prima di continuare con l’acquisto.";"小さなお子さまを守るため、購入に進む前に大人の方がこの確認を行ってください。";"ಚಿಕ್ಕ ಆಟಗಾರರನ್ನು ರಕ್ಷಿಸಲು, ಖರೀದಿಗೆ ಮುಂದುವರಿಯುವ ಮೊದಲು ವಯಸ್ಕರು ಈ ಪರಿಶೀಲನೆಯನ್ನು ಪೂರ್ಣಗೊಳಿಸಬೇಕು.";"Кішкентай ойыншыларды қорғау үшін сатып алуды жалғастырмас бұрын ересек адам осы тексеруден өтуі керек.";"ដើម្បីការពារអ្នកលេងវ័យក្មេង មនុស្សពេញវ័យត្រូវបំពេញការត្រួតពិនិត្យនេះ មុនបន្តទៅការទិញ។";"어린 사용자를 보호하기 위해 구매를 계속하기 전에 어른이 이 확인을 완료해야 해요.";"Radi zaštite mladih igrača odrasla osoba mora dovršiti ovu provjeru prije nastavka kupnje.";"ເພື່ອປົກປ້ອງຜູ້ຫຼິ້ນເດັກນ້ອຍ ຜູ້ໃຫຍ່ຕ້ອງກວດສອບນີ້ໃຫ້ສຳເລັດກ່ອນຊື້.";"Lai aizsargātu mazos spēlētājus, pirms pirkuma turpināšanas pieaugušajam jāizpilda šī pārbaude.";"Kad apsaugotume mažuosius žaidėjus, prieš tęsiant pirkimą šį patikrinimą turi atlikti suaugusysis.";"За да ги заштитиме младите играчи, возрасен мора да ја заврши оваа проверка пред купувањето.";"Untuk melindungi pemain muda, orang dewasa mesti selesaikan semakan ini sebelum meneruskan pembelian.";"ചെറിയ കളിക്കാരെ സംരക്ഷിക്കാൻ, വാങ്ങലിലേക്ക് പോകുന്നതിന് മുമ്പ് ഒരു മുതിർന്നയാൾ ഈ പരിശോധന പൂർത്തിയാക്കണം.";"लहान खेळाडूंच्या सुरक्षेसाठी, खरेदी सुरू ठेवण्यापूर्वी एखाद्या मोठ्या व्यक्तीने ही तपासणी पूर्ण करावी.";"Бяцхан тоглогчдыг хамгаалахын тулд худалдан авалтаас өмнө насанд хүрсэн хүн энэ шалгалтыг давах ёстой.";"साना खेलाडीको सुरक्षाका लागि, खरिदमा जानुअघि एक वयस्कले यो जाँच पूरा गर्नुपर्छ।";"For å beskytte unge spillere må en voksen fullføre denne kontrollen før kjøpet kan fortsette.";"Щоб захистити маленьких гравців, дорослий має пройти цю перевірку перед покупкою.";"ଛୋଟ ଖେଳାଳିମାନଙ୍କୁ ସୁରକ୍ଷିତ ରଖିବା ପାଇଁ, କିଣାକୁ ଆଗେଇ ନେବା ପୂର୍ବରୁ ଜଣେ ବୟସ୍କ ଏହି ଯାଞ୍ଚ ପୂରଣ କରିବା ଆବଶ୍ୟକ।";"كىچىك ئوينىغۇچىلارنى قوغداش ئۈچۈن، سېتىۋېلىشنى داۋاملاشتۇرۇشتىن بۇرۇن چوڭ كىشى بۇ تەكشۈرۈشنى تاماملىشى كېرەك.";"Yosh o‘yinchilarni himoya qilish uchun xaridni davom ettirishdan oldin kattalar bu tekshiruvdan o‘tishi kerak.";"برای محافظت از بازیکنان خردسال، یک بزرگسال باید پیش از ادامهٔ خرید این بررسی را انجام دهد.";"Aby chronić młodych graczy, przed zakupem osoba dorosła musi przejść tę kontrolę.";"Para proteger os jogadores mais novos, um adulto tem de concluir esta verificação antes de continuar para a compra.";"ਨੰਨੇ ਖਿਡਾਰੀਆਂ ਦੀ ਸੁਰੱਖਿਆ ਲਈ, ਖਰੀਦ ਅੱਗੇ ਵਧਾਉਣ ਤੋਂ ਪਹਿਲਾਂ ਕਿਸੇ ਵੱਡੇ ਨੂੰ ਇਹ ਜਾਂਚ ਪੂਰੀ ਕਰਨੀ ਪਵੇਗੀ।";"Pentru a proteja copiii, un adult trebuie să treacă această verificare înainte de cumpărare.";"Чтобы защитить юных игроков, взрослый должен пройти эту проверку перед покупкой.";"Da bismo zaštitili mlade igrače, odrasla osoba mora da završi ovu proveru pre kupovine.";"කුඩා ක්‍රීඩකයන් ආරක්ෂා කිරීමට, මිලදී ගැනීමට පෙර වැඩිහිටියෙකු මේ පරීක්ෂාව සම්පූර්ණ කළ යුතුය.";"Na ochranu malých hráčov musí dospelý pred pokračovaním k nákupu dokončiť túto kontrolu.";"Za zaščito mladih igralcev mora odrasla oseba pred nadaljevanjem nakupa opraviti to preverjanje.";"Para proteger a los jugadores más pequeños, un adulto debe completar esta comprobación antes de continuar con la compra.";"Ili kuwalinda wachezaji wadogo, mtu mzima lazima akamilishe ukaguzi huu kabla ya kuendelea na ununuzi.";"இளம் வீரர்களைப் பாதுகாக்க, வாங்குவதற்கு முன் ஒரு பெரியவர் இந்தச் சரிபார்ப்பை முடிக்க வேண்டும்.";"చిన్నారులను రక్షించడానికి, కొనుగోలుకు వెళ్లే ముందు ఒక పెద్దవారు ఈ తనిఖీని పూర్తి చేయాలి.";"เพื่อปกป้องผู้เล่นตัวน้อย ผู้ใหญ่ต้องผ่านการตรวจสอบนี้ก่อนซื้อ";"རྩེད་མཁན་ཆུང་ཆུང་སྲུང་བར། ཉོ་བར་མུ་མཐུད་པའི་སྔོན་ལ་མི་རྒན་པ་ཞིག་གིས་ཞིབ་བཤེར་འདི་ཚར་དགོས།";"Kvůli ochraně malých hráčů musí tuto kontrolu před pokračováním k nákupu dokončit dospělý.";"Küçük oyuncuları korumak için satın alma işlemine geçmeden önce bir yetişkin bu kontrolü tamamlamalıdır.";"چھوٹے کھلاڑیوں کی حفاظت کے لیے خریداری جاری رکھنے سے پہلے کسی بالغ کو یہ جانچ مکمل کرنا ہوگی۔";"Để bảo vệ người chơi nhỏ tuổi, người lớn phải hoàn thành bước kiểm tra này trước khi tiếp tục mua.";"I amddiffyn chwaraewyr ifanc, rhaid i oedolyn gwblhau'r gwiriad hwn cyn parhau at y pryniant.";"Каб абараніць юных гульцоў, дарослы павінен прайсці гэтую праверку перад пакупкай.";"Ukuvikela abadlali abancane, umuntu omdala kufanele aqedele lokhu kuhlola ngaphambi kokuqhubeka nokuthenga.";"För att skydda unga spelare måste en vuxen klara kontrollen innan köpet kan fortsätta."
"parentGate.tapInstruction %lld %@";"one";"The adult check shown before a purchase. Written for a grown-up, not a child. COUNTED TEXT — the wording for a count of one. Leave empty if your language words one no differently from the rest. Aim for 70 characters or fewer. Keep 1× %lld (a number) and 1× %@ (text substituted at runtime). Several values are substituted, so number them: %1$…, %2$… in whatever order your language reads.";"Now tap the %2$@ %1$lld time.";"Tik nu %1$lld keer op de %2$@.";"Tik nou %1$lld keer op die %2$@.";"Tani prek %2$@ %1$lld herë.";"አሁን %2$@ን %1$lld ጊዜ ይንኩ።";"اضغط الآن على %2$@ عدد %1$lld مرات.";"Այժմ %2$@-ին հպվեք %1$lld անգամ։";"এতিয়া %2$@টো %1$lld বাৰ টেপ কৰা।";"İndi %2$@ üzərinə %1$lld dəfə toxun.";"Orain, sakatu %2$@ %1$lld aldiz.";"এখন %2$@-টিতে %1$lld বার ট্যাপ করুন।";"အခု %2$@ ကို %1$lld ကြိမ် တို့ပါ။";"Sada dodirni %2$@ %1$lld puta.";"Сега докосни %2$@ %1$lld пъти.";"Ara toca el %2$@ %1$lld vegades.";"现在轻点 %2$@ %1$lld 次。";"Tryk nu på %2$@ %1$lld gange.";"Tippe jetzt %1$lld-mal auf %2$@.";"Puuduta nüüd %2$@ %1$lld korda.";"Trýst nú %1$lld ferðir á %2$@.";"Napauta nyt %2$@ %1$lld kertaa.";"Touche maintenant le %2$@ %1$lld fois.";"Agora toca o %2$@ %1$lld veces.";"ახლა %2$@-ს %1$lld-ჯერ შეეხე.";"Τώρα πάτησε το %2$@ %1$lld φορές.";"હવે %2$@ પર %1$lld વાર ટેપ કરો.";"עכשיו הקישו על ה־%2$@ ‏%1$lld פעמים.";"अब %2$@ पर %1$lld बार टैप करें।";"Most koppints %1$lld-szer a(z) %2$@ jelre.";"Anois tapáil an %2$@ %1$lld uair.";"Pikkaðu nú %1$lld sinnum á %2$@.";"Sekarang ketuk %2$@ sebanyak %1$lld kali.";"Ora tocca %2$@ %1$lld volte.";"つぎに、%2$@を%1$lld回タップしてください。";"ಈಗ %2$@ ಅನ್ನು %1$lld ಬಾರಿ ತಟ್ಟು.";"Енді %2$@ белгісін %1$lld рет түрт.";"ឥឡូវប៉ះ %2$@ ចំនួន %1$lld ដង។";"이제 %2$@을 %1$lld번 누르세요.";"Sada dodirni %2$@ %1$lld puta.";"ຕອນນີ້ແຕະ %2$@ %1$lld ຄັ້ງ.";"Tagad pieskarieties %2$@ %1$lld reizes.";"Dabar bakstelėk %2$@ %1$lld kartus.";"Сега допри го %2$@ %1$lld пати.";"Sekarang ketik %2$@ sebanyak %1$lld kali.";"ഇപ്പോൾ %2$@ %1$lld തവണ തട്ടൂ.";"आता %2$@ वर %1$lld वेळा टॅप करा.";"Одоо %2$@ дээр %1$lld удаа товш.";"अब %2$@ मा %1$lld पटक ट्याप गर्नुहोस्।";"Trykk nå på %2$@ %1$lld ganger.";"Тепер торкнися %2$@ %1$lld разів.";"ଏବେ %2$@ କୁ %1$lld ଥର ଟ୍ୟାପ୍ କର।";"ھازىر %2$@ نى %1$lld قېتىم چېكىڭ.";"Endi %2$@ ni %1$lld marta bos.";"حالا %1$lld بار روی %2$@ بزنید.";"Teraz stuknij %2$@ %1$lld razy.";"Agora toca em %2$@ %1$lld vezes.";"ਹੁਣ %2$@ ਨੂੰ %1$lld ਵਾਰ ਟੈਪ ਕਰੋ।";"Acum atinge %2$@ de %1$lld ori.";"Теперь нажмите %2$@ %1$lld раз.";"Sada dodirnite %2$@ %1$lld puta.";"දැන් %2$@ %1$lld වරක් තට්ටු කරන්න.";"Teraz %1$lld-krát ťukni na %2$@.";"Zdaj %1$lld-krat tapni %2$@.";"Ahora toca el %2$@ %1$lld veces.";"Sasa gusa %2$@ mara %1$lld.";"இப்போது %2$@ ஐ %1$lld முறை தட்டவும்.";"ఇప్పుడు %2$@ను %1$lld సార్లు తాకండి.";"ตอนนี้แตะ %2$@ %1$lld ครั้ง";"ད་ལྟ་ %2$@ ལ་ %1$lld ཐེངས་རེག";"Nyní klepni na %2$@ %1$lldkrát.";"Şimdi %2$@ şekline %1$lld kez dokun.";"اب %2$@ کو %1$lld بار ٹیپ کریں۔";"Bây giờ chạm %2$@ %1$lld lần.";"Nawr tapia'r %2$@ %1$lld gwaith.";"Цяпер націсні %1$lld разоў на %2$@.";"Manje thepha i-%2$@ izikhathi ezingu-%1$lld.";"Tryck nu på %2$@ %1$lld gånger."
"parentGate.tapInstruction %lld %@";"other";"The adult check shown before a purchase. Written for a grown-up, not a child. COUNTED TEXT — required. The wording for a plural count, and the one used whenever the 'one' row does not apply. Aim for 70 characters or fewer. Keep 1× %lld (a number) and 1× %@ (text substituted at runtime). Several values are substituted, so number them: %1$…, %2$… in whatever order your language reads.";"Now tap the %2$@ %1$lld times.";"Tik nu %1$lld keer op de %2$@.";"Tik nou %1$lld keer op die %2$@.";"Tani prek %2$@ %1$lld herë.";"አሁን %2$@ን %1$lld ጊዜ ይንኩ።";"اضغط الآن على %2$@ عدد %1$lld مرات.";"Այժմ %2$@-ին հպվեք %1$lld անգամ։";"এতিয়া %2$@টো %1$lld বাৰ টেপ কৰা।";"İndi %2$@ üzərinə %1$lld dəfə toxun.";"Orain, sakatu %2$@ %1$lld aldiz.";"এখন %2$@-টিতে %1$lld বার ট্যাপ করুন।";"အခု %2$@ ကို %1$lld ကြိမ် တို့ပါ။";"Sada dodirni %2$@ %1$lld puta.";"Сега докосни %2$@ %1$lld пъти.";"Ara toca el %2$@ %1$lld vegades.";"现在轻点 %2$@ %1$lld 次。";"Tryk nu på %2$@ %1$lld gange.";"Tippe jetzt %1$lld-mal auf %2$@.";"Puuduta nüüd %2$@ %1$lld korda.";"Trýst nú %1$lld ferðir á %2$@.";"Napauta nyt %2$@ %1$lld kertaa.";"Touche maintenant le %2$@ %1$lld fois.";"Agora toca o %2$@ %1$lld veces.";"ახლა %2$@-ს %1$lld-ჯერ შეეხე.";"Τώρα πάτησε το %2$@ %1$lld φορές.";"હવે %2$@ પર %1$lld વાર ટેપ કરો.";"עכשיו הקישו על ה־%2$@ ‏%1$lld פעמים.";"अब %2$@ पर %1$lld बार टैप करें।";"Most koppints %1$lld-szer a(z) %2$@ jelre.";"Anois tapáil an %2$@ %1$lld uair.";"Pikkaðu nú %1$lld sinnum á %2$@.";"Sekarang ketuk %2$@ sebanyak %1$lld kali.";"Ora tocca %2$@ %1$lld volte.";"つぎに、%2$@を%1$lld回タップしてください。";"ಈಗ %2$@ ಅನ್ನು %1$lld ಬಾರಿ ತಟ್ಟು.";"Енді %2$@ белгісін %1$lld рет түрт.";"ឥឡូវប៉ះ %2$@ ចំនួន %1$lld ដង។";"이제 %2$@을 %1$lld번 누르세요.";"Sada dodirni %2$@ %1$lld puta.";"ຕອນນີ້ແຕະ %2$@ %1$lld ຄັ້ງ.";"Tagad pieskarieties %2$@ %1$lld reizes.";"Dabar bakstelėk %2$@ %1$lld kartus.";"Сега допри го %2$@ %1$lld пати.";"Sekarang ketik %2$@ sebanyak %1$lld kali.";"ഇപ്പോൾ %2$@ %1$lld തവണ തട്ടൂ.";"आता %2$@ वर %1$lld वेळा टॅप करा.";"Одоо %2$@ дээр %1$lld удаа товш.";"अब %2$@ मा %1$lld पटक ट्याप गर्नुहोस्।";"Trykk nå på %2$@ %1$lld ganger.";"Тепер торкнися %2$@ %1$lld разів.";"ଏବେ %2$@ କୁ %1$lld ଥର ଟ୍ୟାପ୍ କର।";"ھازىر %2$@ نى %1$lld قېتىم چېكىڭ.";"Endi %2$@ ni %1$lld marta bos.";"حالا %1$lld بار روی %2$@ بزنید.";"Teraz stuknij %2$@ %1$lld razy.";"Agora toca em %2$@ %1$lld vezes.";"ਹੁਣ %2$@ ਨੂੰ %1$lld ਵਾਰ ਟੈਪ ਕਰੋ।";"Acum atinge %2$@ de %1$lld ori.";"Теперь нажмите %2$@ %1$lld раз.";"Sada dodirnite %2$@ %1$lld puta.";"දැන් %2$@ %1$lld වරක් තට්ටු කරන්න.";"Teraz %1$lld-krát ťukni na %2$@.";"Zdaj %1$lld-krat tapni %2$@.";"Ahora toca el %2$@ %1$lld veces.";"Sasa gusa %2$@ mara %1$lld.";"இப்போது %2$@ ஐ %1$lld முறை தட்டவும்.";"ఇప్పుడు %2$@ను %1$lld సార్లు తాకండి.";"ตอนนี้แตะ %2$@ %1$lld ครั้ง";"ད་ལྟ་ %2$@ ལ་ %1$lld ཐེངས་རེག";"Nyní klepni na %2$@ %1$lldkrát.";"Şimdi %2$@ şekline %1$lld kez dokun.";"اب %2$@ کو %1$lld بار ٹیپ کریں۔";"Bây giờ chạm %2$@ %1$lld lần.";"Nawr tapia'r %2$@ %1$lld gwaith.";"Цяпер націсні %1$lld разоў на %2$@.";"Manje thepha i-%2$@ izikhathi ezingu-%1$lld.";"Tryck nu på %2$@ %1$lld gånger."
"parentGate.tapProgress %lld %lld";"";"The adult check shown before a purchase. Written for a grown-up, not a child. Aim for 70 characters or fewer. Keep 2× %lld (a number). Several values are substituted, so number them: %1$…, %2$… in whatever order your language reads.";"Taps: %1$lld of %2$lld";"Aantal tikken: %1$lld van %2$lld";"Tikke: %1$lld van %2$lld";"Prekje: %1$lld nga %2$lld";"ንክኪዎች፦ %1$lld ከ%2$lld";"الضغطات: %1$lld من %2$lld";"Հպումներ՝ %1$lld՝ %2$lld-ից";"টেপ: %1$lld ৰ ভিতৰত %2$lld";"Toxunuşlar: %1$lld-dən %2$lld";"Sakatzeak: %1$lld / %2$lld";"ট্যাপ: %1$lld-এর মধ্যে %2$lld";"တို့ချက်: %1$lld မှ %2$lld";"Dodiri: %1$lld od %2$lld";"Докосвания: %1$lld от %2$lld";"Tocs: %1$lld de %2$lld";"轻点次数：%1$lld/%2$lld";"Tryk: %1$lld af %2$lld";"Tipps: %1$lld von %2$lld";"Puudutusi: %1$lld / %2$lld";"Trýst: %1$lld av %2$lld";"Napautukset: %1$lld/%2$lld";"Touches : %1$lld sur %2$lld";"Toques: %1$lld de %2$lld";"შეხებები: %1$lld / %2$lld";"Πατήματα: %1$lld από %2$lld";"ટેપ: %1$lld માંથી %2$lld";"הקשות: %1$lld מתוך %2$lld";"टैप: %1$lld में से %2$lld";"Koppintások: %1$lld / %2$lld";"Tapálacha: %1$lld as %2$lld";"Pikk: %1$lld af %2$lld";"Ketukan: %1$lld dari %2$lld";"Tocchi: %1$lld su %2$lld";"タップ：%1$lld／%2$lld";"ತಟ್ಟುಗಳು: %2$lldರಲ್ಲಿ %1$lld";"Түртулер: %1$lld / %2$lld";"ចំនួនប៉ះ៖ %1$lld ក្នុងចំណោម %2$lld";"누른 횟수: %1$lld/%2$lld";"Dodiri: %1$lld od %2$lld";"ແຕະ: %1$lld ຈາກ %2$lld";"Pieskārieni: %1$lld no %2$lld";"Bakstelėjimai: %1$lld iš %2$lld";"Допири: %1$lld од %2$lld";"Ketikan: %1$lld daripada %2$lld";"തട്ടുകൾ: %1$lldൽ %2$lld";"टॅप: %1$lld पैकी %2$lld";"Товшилт: %1$lld-аас %2$lld";"ट्याप: %1$lld मध्ये %2$lld";"Trykk: %1$lld av %2$lld";"Дотики: %1$lld з %2$lld";"ଟ୍ୟାପ୍: %1$lld ମଧ୍ୟରୁ %2$lld";"چېكىش: %1$lld / %2$lld";"Bosishlar: %1$lld tadan %2$lld ta";"تعداد ضربه‌ها: %1$lld از %2$lld";"Stuknięcia: %1$lld z %2$lld";"Toques: %1$lld de %2$lld";"ਟੈਪ: %1$lld ਵਿੱਚੋਂ %2$lld";"Atingeri: %1$lld din %2$lld";"Нажатия: %1$lld из %2$lld";"Dodiri: %1$lld od %2$lld";"තට්ටු: %1$lld න් %2$lld";"Ťuknutia: %1$lld z %2$lld";"Dotiki: %1$lld od %2$lld";"Toques: %1$lld de %2$lld";"Miguso: %1$lld kati ya %2$lld";"தட்டல்கள்: %1$lld / %2$lld";"తాకినవి: %1$lldలో %2$lld";"แตะแล้ว: %1$lld จาก %2$lld";"རེག་པ། %1$lld ནས་ %2$lld";"Klepnutí: %1$lld z %2$lld";"Dokunma: %1$lld/%2$lld";"ٹیپس: %1$lld از %2$lld";"Số lần chạm: %1$lld trên %2$lld";"Tapiau: %1$lld o %2$lld";"Націсканні: %1$lld з %2$lld";"Ukuthepha: %1$lld kokungu-%2$lld";"Tryck: %1$lld av %2$lld"
"parentGate.title";"";"The adult check shown before a purchase. Written for a grown-up, not a child. Aim for 70 characters or fewer.";"Adult approval required";"Goedkeuring door een volwassene vereist";"Volwassene moet goedkeur";"Duhet miratimi i një të rrituri";"የአዋቂ ፈቃድ ያስፈልጋል";"موافقة شخص بالغ مطلوبة";"Պահանջվում է մեծահասակի հաստատում";"ডাঙৰৰ অনুমোদন লাগিব";"Böyük təsdiqi lazımdır";"Heldu baten baimena behar da";"প্রাপ্তবয়স্কের অনুমতি দরকার";"လူကြီးအတည်ပြုချက် လိုသည်";"Potrebno odobrenje odrasle osobe";"Нужно е одобрение от възрастен";"Cal l’aprovació d’un adult";"需要成年人同意";"En voksen skal godkende";"Bestätigung eines Erwachsenen nötig";"Vajalik täiskasvanu kinnitus";"Góðkenning frá vaksnum krevst";"Aikuisen hyväksyntä tarvitaan";"Autorisation d’un adulte requise";"Precísase a aprobación dun adulto";"საჭიროა უფროსის თანხმობა";"Χρειάζεται έγκριση ενήλικα";"મોટા વ્યક્તિની મંજૂરી જરૂરી";"נדרש אישור מבוגר";"किसी बड़े की मंज़ूरी चाहिए";"Felnőtt jóváhagyása szükséges";"Cead duine fásta de dhíth";"Samþykki fullorðins þarf";"Perlu persetujuan orang dewasa";"Serve l’approvazione di un adulto";"大人の承認が必要です";"ವಯಸ್ಕರ ಅನುಮತಿ ಅಗತ್ಯ";"Ересек адамның рұқсаты қажет";"ត្រូវការការយល់ព្រមពីមនុស្សពេញវ័យ";"어른의 승인이 필요해요";"Potrebno odobrenje odrasle osobe";"ຕ້ອງມີຜູ້ໃຫຍ່ອະນຸມັດ";"Vajadzīgs pieaugušā apstiprinājums";"Reikia suaugusiojo patvirtinimo";"Потребно е одобрение од возрасен";"Kelulusan orang dewasa diperlukan";"മുതിർന്നയാളുടെ അനുമതി വേണം";"मोठ्या व्यक्तीची परवानगी हवी";"Насанд хүрэгчийн зөвшөөрөл хэрэгтэй";"वयस्कको स्वीकृति चाहिन्छ";"Godkjenning fra en voksen kreves";"Потрібне схвалення дорослого";"ବୟସ୍କଙ୍କ ଅନୁମୋଦନ ଆବଶ୍ୟକ";"چوڭ كىشىنىڭ تەستىقى كېرەك";"Kattalar tasdig‘i kerak";"تأیید بزرگسال لازم است";"Wymagana zgoda dorosłego";"É necessária a aprovação de um adulto";"ਵੱਡੇ ਦੀ ਮਨਜ਼ੂਰੀ ਲੋੜੀਂਦੀ";"Este necesară aprobarea unui adult";"Нужно подтверждение взрослого";"Potrebno je odobrenje odrasle osobe";"වැඩිහිටි අනුමැතිය අවශ්‍යයි";"Potrebné schválenie dospelého";"Potrebna je odobritev odrasle osebe";"Se necesita la aprobación de un adulto";"Idhini ya mtu mzima inahitajika";"பெரியவர் அனுமதி தேவை";"పెద్దవారి ఆమోదం అవసరం";"ต้องได้รับอนุมัติจากผู้ใหญ่";"མི་རྒན་པའི་ཆོག་མཆན་དགོས།";"Nutné schválení dospělým";"Yetişkin onayı gerekli";"بالغ کی منظوری ضروری";"Cần người lớn xác nhận";"Angen cymeradwyaeth oedolyn";"Патрэбна згода дарослага";"Kudingeka imvume yomuntu omdala";"En vuxen måste godkänna"
"premium.availableAt %lld";"";"On the premium screen: a title, badge or button. Aim for 39 characters or fewer. Keep 1× %lld (a number). The count is always 500, 1500, 3000 or 5000 (GameConfig.characterUnlockRequirements).";"Available from %lld flies";"Beschikbaar vanaf %lld vliegen";"Beskikbaar vanaf %lld trofeë";"I disponueshëm nga %lld trofe";"ከ%lld ዋንጫዎች ጀምሮ ይገኛል";"متاح بدءًا من %lld كأسًا";"Հասանելի է %lld գավաթից";"%lldটা ট্ৰফীৰ পৰা উপলব্ধ";"%lld kubokdan etibarən əlçatandır";"%lld garaikurretik aurrera erabilgarri";"%lldটি ট্রফি থেকে পাওয়া যাবে";"ဆုဖလား %lld ခုမှ စ၍ ရနိုင်သည်";"Dostupno od %lld trofeja";"Достъпно от %lld трофея";"Disponible a partir de %lld trofeus";"获得 %lld 个奖杯后可用";"Tilgængelig fra %lld pokaler";"Ab %lld Pokalen verfügbar";"Saadaval alates %lld karikast";"Tøkt frá %lld steypum";"Saatavilla %lld pokaalista alkaen";"Disponible à partir de %lld trophées";"Dispoñible a partir de %lld trofeos";"ხელმისაწვდომია %lld თასიდან";"Διαθέσιμο από %lld τρόπαια";"%lld ટ્રોફીથી ઉપલબ્ધ";"זמין החל מ־%lld גביעים";"%lld ट्रॉफियों से उपलब्ध";"%lld trófeától elérhető";"Ar fáil ó %lld trófaí";"Í boði frá %lld bikurum";"Tersedia mulai %lld trofi";"Disponibile da %lld trofei";"トロフィー%lld個で使用可能";"%lld ಟ್ರೋಫಿಗಳಿಂದ ಲಭ್ಯ";"%lld жүлдеден бастап қолжетімді";"មានចាប់ពីពាន %lld";"트로피 %lld개부터 사용 가능";"Dostupno od %lld pehara";"ມີໃຫ້ໃຊ້ຕັ້ງແຕ່ %lld ຖ້ວຍ";"Pieejams no %lld trofejām";"Pasiekiama nuo %lld trofėjų";"Достапно од %lld трофеи";"Tersedia mulai %lld trofi";"%lld ട്രോഫികൾ മുതൽ ലഭ്യം";"%lld ट्रॉफींपासून उपलब्ध";"%lld цомоос эхлэн нээгдэнэ";"%lld ट्रफीबाट उपलब्ध";"Tilgjengelig fra %lld trofeer";"Доступно від %lld трофеїв";"%lld ଟ୍ରଫିରୁ ଉପଲବ୍ଧ";"%lld لوڭقىدىن باشلاپ ئىشلەتكىلى بولىدۇ";"%lld ta sovrindan boshlab mavjud";"از %lld جام در دسترس است";"Dostępne od %lld pucharów";"Disponível a partir de %lld troféus";"%lld ਟ੍ਰਾਫੀਆਂ ਤੋਂ ਉਪਲਬਧ";"Disponibil de la %lld trofee";"Доступно от %lld трофеев";"Dostupno od %lld trofeja";"කුසලාන %lld සිට ලබා ගත හැක";"Dostupné od %lld trofejí";"Na voljo od %lld pokalov";"Disponible a partir de %lld trofeos";"Inapatikana kuanzia vikombe %lld";"%lld ஈகளிலிருந்து கிடைக்கும்";"%lld ట్రోఫీల నుంచి అందుబాటులో";"ใช้ได้เมื่อมีถ้วยรางวัล %lld ใบ";"བྱ་དགའ་ %lld ནས་བཟུང་སྤྱོད་ཆོག";"Dostupné od %lld trofejí";"%lld kupadan itibaren kullanılabilir";"%lld ٹرافیوں سے دستیاب";"Có thể dùng từ %lld cúp";"Ar gael o %lld tlws";"Даступна ад %lld трафеяў";"Kutholakala kusukela ezindebeni ezingu-%lld";"Tillgänglig från %lld pokaler"
"premium.availableFromStart";"";"On the premium screen: a title, badge or button. Aim for 34 characters or fewer.";"Available from the start";"Beschikbaar vanaf de start";"Van die begin af beskikbaar";"I disponueshëm që nga fillimi";"ከመጀመሪያው ይገኛል";"متاح منذ البداية";"Հասանելի է սկզբից";"আৰম্ভণিৰ পৰাই উপলব্ধ";"Əvvəldən əlçatandır";"Hasieratik erabilgarri";"শুরু থেকেই পাওয়া যাবে";"အစကတည်းက ရနိုင်သည်";"Dostupno od početka";"Достъпно от самото начало";"Disponible des del principi";"从一开始即可使用";"Tilgængelig fra starten";"Von Anfang an verfügbar";"Kohe algusest saadaval";"Tøkt frá byrjan";"Saatavilla alusta asti";"Disponible dès le début";"Dispoñible desde o inicio";"ხელმისაწვდომია თავიდანვე";"Διαθέσιμο από την αρχή";"શરૂઆતથી ઉપલબ્ધ";"זמין מההתחלה";"शुरू से उपलब्ध";"Kezdettől elérhető";"Ar fáil ón tús";"Í boði frá upphafi";"Tersedia sejak awal";"Disponibile dall’inizio";"最初から使用可能";"ಆರಂಭದಿಂದಲೇ ಲಭ್ಯ";"Басынан бастап қолжетімді";"មានតាំងពីដំបូង";"처음부터 사용 가능";"Dostupno od početka";"ມີໃຫ້ໃຊ້ຕັ້ງແຕ່ເລີ່ມ";"Pieejams jau no sākuma";"Pasiekiama nuo pradžių";"Достапно од почеток";"Tersedia sejak mula";"തുടക്കം മുതൽ ലഭ്യം";"सुरुवातीपासून उपलब्ध";"Эхнээсээ нээлттэй";"सुरुदेखि उपलब्ध";"Tilgjengelig fra starten";"Доступно від самого початку";"ଆରମ୍ଭରୁ ଉପଲବ୍ଧ";"باشتىنلا ئىشلەتكىلى بولىدۇ";"Boshidan mavjud";"از ابتدا در دسترس است";"Dostępne od początku";"Disponível desde o início";"ਸ਼ੁਰੂ ਤੋਂ ਉਪਲਬਧ";"Disponibil de la început";"Доступно с самого начала";"Dostupno od početka";"ආරම්භයේ සිට ලබා ගත හැක";"Dostupné od začiatku";"Na voljo od začetka";"Disponible desde el principio";"Inapatikana tangu mwanzo";"தொடக்கத்திலிருந்தே கிடைக்கும்";"మొదటి నుంచి అందుబాటులో";"ใช้ได้ตั้งแต่เริ่มต้น";"ཐོག་མ་ནས་སྤྱོད་ཆོག";"Dostupné od začátku";"Başlangıçtan itibaren kullanılabilir";"شروع سے دستیاب";"Có thể dùng ngay từ đầu";"Ar gael o’r dechrau";"Даступна з самага пачатку";"Kutholakala kusukela ekuqaleni";"Tillgänglig från början"
"premium.characterUnlocked";"";"On the premium screen: a title, badge or button. Aim for 36 characters or fewer.";"NEW CHARACTER UNLOCKED";"NIEUW KARAKTER VRIJGESPEELD";"NUWE KARAKTER ONTSLUIT";"U ZHBLLOKUA NJË PERSONAZH I RI";"አዲስ ገጸ ባህሪ ተከፍቷል";"تم فتح شخصية جديدة";"ՆՈՐ ԿԵՐՊԱՐԸ ԲԱՑՎԵՑ";"নতুন চৰিত্ৰ খোলা হ’ল";"YENİ PERSONAJ AÇILDI";"PERTSONAIA BERRIA DESBLOKEATU DA";"নতুন চরিত্র আনলক হয়েছে";"ဇာတ်ကောင်အသစ် ဖွင့်ပြီးပြီ";"NOVI LIK JE OTKLJUČAN";"ОТКЛЮЧЕН Е НОВ ГЕРОЙ";"NOU PERSONATGE DESBLOQUEJAT";"已解锁新角色";"NY FIGUR LÅST OP";"NEUE FIGUR FREIGESCHALTET";"UUS TEGELANE AVATUD";"NÝGGJUR PERSÓNUR LATIN UPP";"UUSI HAHMO AVATTU";"NOUVEAU PERSONNAGE DÉBLOQUÉ";"NOVO PERSONAXE DESBLOQUEADO";"ახალი პერსონაჟი გაიხსნა";"ΞΕΚΛΕΙΔΩΘΗΚΕ ΝΕΟΣ ΧΑΡΑΚΤΗΡΑΣ";"નવું પાત્ર ખૂલ્યું";"דמות חדשה נפתחה";"नया किरदार अनलॉक हुआ";"ÚJ KARAKTER FELOLDVA";"CARACHTAR NUA DÍGHLASÁILTE";"NÝ PERSÓNA OPNUÐ";"KARAKTER BARU TERBUKA";"NUOVO PERSONAGGIO SBLOCCATO";"新しいキャラクターをアンロック！";"ಹೊಸ ಪಾತ್ರವನ್ನು ತೆರೆಯಲಾಗಿದೆ";"ЖАҢА КЕЙІПКЕР АШЫЛДЫ";"បានដោះសោតួអង្គថ្មី";"새 캐릭터 잠금 해제!";"NOVI LIK JE OTKLJUČAN";"ປົດລັອກຕົວລະຄອນໃໝ່ແລ້ວ";"ATBLOĶĒTS JAUNS TĒLS";"ATRAKINTAS NAUJAS VEIKĖJAS";"ОТКЛУЧЕН Е НОВ ЛИК";"WATAK BAHARU DIBUKA";"പുതിയ കഥാപാത്രം തുറന്നു";"नवीन पात्र उघडले";"ШИНЭ ДҮР НЭЭГДЛЭЭ";"नयाँ पात्र खुल्यो";"NY FIGUR LÅST OPP";"ВІДКРИТО НОВОГО ПЕРСОНАЖА";"ନୂଆ ଚରିତ୍ର ଖୋଲିଗଲା";"يېڭى پېرسوناژ ئېچىلدى";"YANGI QAHRAMON OCHILDI";"شخصیت جدید باز شد";"ODBLOKOWANO NOWĄ POSTAĆ";"NOVA PERSONAGEM DESBLOQUEADA";"ਨਵਾਂ ਕਿਰਦਾਰ ਅਨਲੌਕ ਹੋਇਆ";"PERSONAJ NOU DEBLOCAT";"ОТКРЫТ НОВЫЙ ПЕРСОНАЖ";"OTKLjUČAN JE NOVI LIK";"නව චරිතයක් විවෘතයි";"ODOMKNUTÁ NOVÁ POSTAVA";"ODKLENJEN NOV LIK";"NUEVO PERSONAJE DESBLOQUEADO";"MHUSIKA MPYA AMEFUNGULIWA";"புதிய கதாபாத்திரம் திறக்கப்பட்டது";"కొత్త పాత్ర తెరుచుకుంది";"ปลดล็อกตัวละครใหม่แล้ว";"མི་སྣ་གསར་པ་ཁ་ཕྱེ་ཟིན།";"ODEMČENA NOVÁ POSTAVA";"YENİ KARAKTER AÇILDI";"نیا کردار کھل گیا";"ĐÃ MỞ KHÓA NHÂN VẬT MỚI";"CYMERIAD NEWYDD WEDI’I DDATGLOI";"АДКРЫТЫ НОВЫ ПЕРСАНАЖ";"KUVULWE UMLINGISWA OMUSHA";"NY KARAKTÄR UPPLÅST"
"premium.earnedCards %lld";"";"On the premium screen: a title, badge or button. Aim for 38 characters or fewer. Keep 1× %lld (a number). The count is always 500, 1500, 3000 or 5000 (GameConfig.characterUnlockRequirements).";"You’ve earned %lld flies";"Je hebt %lld vliegen verdiend";"Jy het %lld vlieë verdien";"Ke fituar %lld miza";"%lld ዝንብ አግኝተሃል";"ربحت %lld من الذباب";"Վաստակել ես %lld ճանճ";"তুমি %lld মাখি গোটাইছা";"%lld milçək qazanmısan";"%lld euli irabazi dituzu";"তুমি %lldটি মাছি পেয়েছ";"%lld ယင်ကောင် ရပြီ";"Skupljeno %lld muha";"Спечели %lld мухи";"Has aconseguit %lld mosques";"你已获得 %lld 只苍蝇";"Du har samlet %lld fluer";"Du hast %lld Fliegen gesammelt";"Oled teeninud %lld kärbest";"Tú hevur vunnið %lld flugur";"Olet ansainnut %lld kärpästä";"Tu as gagné %lld mouches";"Conseguiches %lld moscas";"%lld ბუზი გაქვს მოპოვებული";"Κέρδισες %lld μύγες";"તમે %lld માખીઓ મેળવી";"צברתם %lld זבובים";"तुमने %lld मक्खियाँ कमाईं";"Már %lld legyet szereztél";"Tá %lld cuileog tuillte agat";"Þú hefur unnið %lld flugur";"Kamu sudah dapat %lld lalat";"Hai raccolto %lld mosche";"ハエを%lld匹ゲット";"ನೀನು %lld ನೊಣಗಳನ್ನು ಗಳಿಸಿದ್ದೀಯ";"%lld шыбын жинадың";"អ្នករកបានរុយ %lld";"파리 %lld마리를 모았어요";"Zaslužio si %lld muha";"ເຈົ້າໄດ້ແມງວັນ %lld ໂຕ";"Nopelnītas %lld mušas";"Uždirbai %lld musių";"Собра %lld муви";"Kamu sudah dapat %lld lalat";"നീ %lld ഈച്ച നേടി";"%lld माश्या कमावल्या";"Чи %lld ялаа цуглууллаа";"तिमीले %lld झिँगा कमायौ";"Du har tjent %lld fluer";"Ти зібрав %lld мушок";"ତୁମେ %lld ମାଛି ପାଇଛ";"%lld چىۋىن تاپتىڭ";"Sen %lld pashsha yig‘ding";"%lld مگس به دست آوردی";"Masz już %lld much";"Já ganhaste %lld moscas";"ਤੁਸੀਂ %lld ਮੱਖੀਆਂ ਕਮਾਈਆਂ";"Ai strâns %lld muște";"Ты собрал %lld мух";"Osvojio si %lld muva";"%lld මැස්සන් හම්බ කළා";"Získal si %lld múch";"Zbral si %lld muh";"Has conseguido %lld moscas";"Umepata nzi %lld";"%lld ஈகளை பெற்றுள்ளாய்";"నువ్వు %lld ఈగలు సంపాదించావు";"คุณเก็บแมลงวันได้ %lld ตัว";"ཁྱེད་ཀྱིས་སྦྲང་མ %lld ཐོབ་ཡོད།";"Získal jsi %lld much";"%lld sinek kazandın";"آپ نے %lld مکھیاں حاصل کیں";"Bạn đã kiếm được %lld con ruồi";"Rwyt ti wedi ennill %lld pryfyn";"У цябе %lld мух";"Usuzuze izimpukane ezingu-%lld";"Du har tjänat %lld flugor"
"premium.exclusiveBadge";"";"On the premium screen: a title, badge or button. Aim for 30 characters or fewer.";"Exclusive with Premium";"Exclusief met Premium";"Eksklusief met Premium";"Ekskluziv me Premium";"ለPremium ብቻ";"حصري مع Premium";"Բացառիկ՝ Premium-ով";"কেৱল Premium-ত";"Yalnız Premium ilə";"Premium-ekin esklusiboa";"শুধু Premium-এ";"Premium အတွက်သာ";"Ekskluzivno uz Premium";"Ексклузивно с Premium";"Exclusiu amb Premium";"Premium 专属";"Eksklusiv med Premium";"Exklusiv mit Premium";"Ainult Premiumiga";"Bert við Premium";"Vain Premiumilla";"Exclusif avec Premium";"Exclusivo con Premium";"მხოლოდ Premium-ით";"Αποκλειστικά με Premium";"ફક્ત Premium સાથે";"בלעדי עם Premium";"सिर्फ़ Premium के साथ";"Kizárólag Premiummal";"Eisiach le Préimh";"Aðeins með Premium";"Eksklusif dengan Premium";"Esclusivo con Premium";"プレミアム限定";"Premium ಜೊತೆಗೆ ಮಾತ್ರ";"Тек Premium арқылы";"ផ្តាច់មុខជាមួយ Premium";"프리미엄 전용";"Ekskluzivno uz Premium";"ສະເພາະ Premium";"Tikai ar Premium";"Tik su Premium";"Ексклузивно со Premium";"Eksklusif dengan Premium";"Premium-ൽ മാത്രം";"फक्त Premium सोबत";"Зөвхөн Premium-д";"Premium मा मात्र";"Eksklusiv med Premium";"Ексклюзивно з Premium";"କେବଳ Premium ସହିତ";"پەقەت Premium بىلەن";"Faqat Premium bilan";"ویژهٔ Premium";"Tylko z Premium";"Exclusivo com Premium";"ਸਿਰਫ਼ Premium ਨਾਲ";"Exclusiv cu Premium";"Эксклюзивно с Premium";"Ekskluzivno uz Premium";"Premium සමඟ පමණි";"Exkluzívne s Premium";"Ekskluzivno s Premiumom";"Exclusivo con Premium";"Kwa Premium pekee";"பிரீமியத்தில் மட்டும்";"ప్రీమియంతో మాత్రమే";"เฉพาะ Premium";"Premium ཁོ་ནར་ཡོད།";"Exkluzivně s Premium";"Yalnızca Premium ile";"صرف Premium کے ساتھ";"Độc quyền với Premium";"Yn unigryw gyda Premiwm";"Эксклюзіўна з Premium";"Okwe-Premium kuphela";"Exklusiv med Premium"
"premium.feature.animals.subtitle";"";"The explanation under a premium feature. Aim for 65 characters or fewer.";"With premium you play freely with all 10 animals.";"Met premium speel je vrij met alle 10 de dieren.";"Met Premium speel jy vrylik met al 10 diere.";"Me Premium luan lirshëm me të 10 kafshët.";"በፕሪሚየም ከ10ቱም እንስሳት ጋር ያለገደብ ትጫወታለህ።";"مع المميز، يمكنك اللعب بحرية بكل الحيوانات العشرة.";"Պրեմիումով կարող ես ազատ խաղալ բոլոր 10 կենդանիներով։";"প্ৰিমিয়ামত সকলো ১০টা জন্তুৰে মুক্তভাৱে খেলিব পাৰা।";"Premium ilə 10 heyvanın hamısı ilə sərbəst oyna.";"Premium-ekin, libre jokatu dezakezu 10 animaliekin.";"প্রিমিয়ামে ১০টি প্রাণী নিয়েই স্বাধীনভাবে খেলতে পারবে।";"Premium နဲ့ တိရစ္ဆာန် ၁၀ ကောင်လုံးကို လွတ်လပ်စွာ ကစားနိုင်တယ်။";"Uz Premium slobodno igraš sa svih 10 životinja.";"С Премиум можеш да играеш свободно с всичките 10 животни.";"Amb Premium pots jugar lliurement amb els 10 animals.";"高级版可自由使用全部 10 种动物。";"Med Premium kan du frit spille med alle 10 dyr.";"Mit Premium spielst du frei mit allen 10 Tieren.";"Premiumiga saad vabalt mängida kõigi 10 loomaga.";"Við Premium kanst tú spæla frítt við øllum 10 dýrunum.";"Premiumilla voit pelata vapaasti kaikilla 10 eläimellä.";"Avec Premium, joue librement avec les 10 animaux.";"Con Premium podes xogar libremente cos 10 animais.";"Premium-ით თავისუფლად ითამაშებ ათივე ცხოველით.";"Με το Premium παίζεις ελεύθερα και με τα 10 ζωάκια.";"પ્રીમિયમથી તમે બધા 10 પ્રાણીઓ સાથે મનમુકીને રમી શકો.";"עם פרימיום אפשר לשחק בחופשיות עם כל 10 החיות.";"प्रीमियम में सभी 10 जानवरों के साथ खुलकर खेलो।";"Prémiummal mind a 10 állattal szabadon játszhatsz.";"Le Préimh, is féidir leat imirt gan srian leis na 10 n-ainmhí.";"Með Premium geturðu spilað frjálst með öllum 10 dýrunum.";"Dengan Premium, kamu bebas bermain dengan semua 10 hewan.";"Con Premium puoi giocare liberamente con tutti e 10 gli animali.";"プレミアムなら、10ぴきの動物すべてで自由に遊べます。";"ಪ್ರೀಮಿಯಂನಲ್ಲಿ ಎಲ್ಲಾ 10 ಪ್ರಾಣಿಗಳೊಂದಿಗೆ ಮುಕ್ತವಾಗಿ ಆಡು.";"Premium арқылы барлық 10 жануармен еркін ойнайсың.";"ជាមួយព្រីមៀម អ្នកអាចលេងដោយសេរីជាមួយសត្វទាំង 10។";"프리미엄에서는 동물 10마리를 모두 자유롭게 사용할 수 있어요.";"Uz Premium slobodno igraš sa svih 10 životinja.";"ດ້ວຍພຣີມຽມ ເຈົ້າຫຼິ້ນກັບສັດທັງ 10 ໂຕໄດ້ຢ່າງອິດສະຫຼະ.";"Ar Premium vari brīvi spēlēt ar visiem 10 dzīvniekiem.";"Su Premium gali laisvai žaisti su visais 10 gyvūnų.";"Со Премиум можеш слободно да играш со сите 10 животни.";"Dengan premium, kamu bebas bermain dengan semua 10 haiwan.";"പ്രീമിയത്തിൽ 10 മൃഗങ്ങളുമായും സ്വതന്ത്രമായി കളിക്കാം.";"प्रीमियममध्ये सर्व 10 प्राण्यांसोबत मनसोक्त खेळ.";"Премиумтай бол 10 амьтнаар бүгдээр нь чөлөөтэй тоглоно.";"प्रिमियममा सबै १० जनावरसँग स्वतन्त्र खेल।";"Med Premium kan du spille fritt med alle de 10 dyrene.";"З Преміум можна вільно грати всіма 10 тваринами.";"Premium ସହ ସମସ୍ତ 10ଟି ପଶୁ ସହ ମନଭରି ଖେଳ।";"Premium بىلەن 10 ھايۋاننىڭ ھەممىسىنى ئەركىن ئىشلىتەلەيسەن.";"Premium bilan barcha 10 ta hayvon bilan erkin o‘ynaysan.";"با نسخهٔ ویژه، آزادانه با هر ۱۰ حیوان بازی می‌کنی.";"Z Premium możesz grać wszystkimi 10 zwierzętami.";"Com Premium, podes jogar livremente com os 10 animais.";"ਪ੍ਰੀਮੀਅਮ ਨਾਲ ਸਾਰੇ 10 ਜਾਨਵਰਾਂ ਨਾਲ ਖੁੱਲ੍ਹ ਕੇ ਖੇਡੋ।";"Cu Premium te joci liber cu toate cele 10 animale.";"С Премиумом доступны все 10 животных.";"Uz Premium možeš slobodno da igraš sa svih 10 životinja.";"ප්‍රීමියම් සමඟ සතුන් 10 දෙනාම නිදහසේ භාවිතා කළ හැක.";"S Premium môžeš voľne hrať so všetkými 10 zvieratami.";"S Premiumom se lahko prosto igraš z vsemi 10 živalmi.";"Con Premium puedes jugar libremente con los 10 animales.";"Ukiwa na Premium, unacheza kwa uhuru na wanyama wote 10.";"பிரீமியத்தில் 10 விலங்குகளுடனும் சுதந்திரமாக விளையாடலாம்.";"ప్రీమియంతో మొత్తం 10 జంతువులతో స్వేచ్ఛగా ఆడవచ్చు.";"พรีเมียมให้เล่นกับสัตว์ทั้ง 10 ตัวได้อย่างอิสระ";"Premium ཡོད་ན་སྲོག་ཆགས་10 ཚང་མས་རང་དབང་ངང་རྩེ་ཐུབ།";"S Premium můžeš volně hrát se všemi 10 zvířaty.";"Premium ile 10 hayvanın hepsiyle özgürce oynarsın.";"پریمیم کے ساتھ تمام 10 جانوروں سے آزادانہ کھیلیں۔";"Với Premium, bạn được chơi tự do với cả 10 con vật.";"Gyda Premiwm, gelli di chwarae'n rhydd gyda'r 10 anifail.";"З Прэміум можна свабодна гуляць усімі 10 жывёламі.";"Nge-Premium udlala ngokukhululekile ngazo zonke izilwane eziyi-10.";"Spela fritt med alla 10 djur med Premium."
"premium.feature.animals.title";"";"On the premium screen: a title, badge or button. Aim for 30 characters or fewer.";"Access to all animals";"Toegang tot alle dieren";"Toegang tot alle diere";"Të gjitha kafshët";"ሁሉንም እንስሳት ተጠቀም";"كل الحيوانات متاحة";"Բոլոր կենդանիները հասանելի են";"সকলো জন্তু ব্যৱহাৰ";"Bütün heyvanlara giriş";"Animalia guztiak erabilgarri";"সব প্রাণী ব্যবহার";"တိရစ္ဆာန်အားလုံး သုံးနိုင်";"Pristup svim životinjama";"Всички животни";"Accés a tots els animals";"使用所有动物";"Adgang til alle dyr";"Alle Tiere verfügbar";"Kõik loomad avatud";"Atgongd til øll dýr";"Kaikki eläimet";"Tous les animaux";"Acceso a todos os animais";"ყველა ცხოველი ხელმისაწვდომია";"Όλα τα ζωάκια";"બધા પ્રાણીઓ ઉપલબ્ધ";"גישה לכל החיות";"सभी जानवर उपलब्ध";"Minden állat elérhető";"Na hainmhithe go léir";"Aðgangur að öllum dýrum";"Akses semua hewan";"Tutti gli animali";"すべての動物が使える";"ಎಲ್ಲಾ ಪ್ರಾಣಿಗಳಿಗೆ ಪ್ರವೇಶ";"Барлық жануарларға қолжетімділік";"ប្រើសត្វទាំងអស់";"모든 동물 사용";"Pristup svim životinjama";"ເຂົ້າເຖິງສັດທຸກໂຕ";"Visi dzīvnieki pieejami";"Visi gyvūnai";"Пристап до сите животни";"Akses semua haiwan";"എല്ലാ മൃഗങ്ങളും ലഭ്യം";"सर्व प्राणी उपलब्ध";"Бүх амьтныг ашиглах";"सबै जनावर उपलब्ध";"Tilgang til alle dyrene";"Усі тварини доступні";"ସବୁ ପଶୁ ଖୋଲ";"بارلىق ھايۋانلار ئېچىلىدۇ";"Barcha hayvonlar ochiq";"دسترسی به همهٔ حیوان‌ها";"Wszystkie zwierzęta";"Acesso a todos os animais";"ਸਾਰੇ ਜਾਨਵਰ ਖੋਲ੍ਹੋ";"Acces la toate animalele";"Все животные доступны";"Sve životinje";"සියලු සතුන්ට ප්‍රවේශය";"Všetky zvieratá";"Dostop do vseh živali";"Todos los animales";"Fikia wanyama wote";"எல்லா விலங்குகளும் கிடைக்கும்";"అన్ని జంతువులు అందుబాటులో";"ใช้สัตว์ได้ทุกตัว";"སྲོག་ཆགས་ཚང་མ་སྤྱོད་ཐུབ།";"Všechna zvířata";"Tüm hayvanlara erişim";"تمام جانور دستیاب";"Mở khóa mọi con vật";"Mynediad at bob anifail";"Усе жывёлы";"Zonke izilwane ziyatholakala";"Alla djur"
"premium.feature.levels.subtitle";"";"The explanation under a premium feature. Aim for 65 characters or fewer.";"Always enough new sums to practice.";"Altijd genoeg nieuwe sommen om te oefenen.";"Altyd genoeg nuwe somme om te oefen.";"Gjithmonë detyra të reja për t’u ushtruar.";"ለመለማመድ ሁልጊዜ በቂ አዳዲስ ስሌቶች አሉ።";"مسائل جديدة كافية دائمًا للتمرّن.";"Միշտ կան բավական նոր առաջադրանքներ փորձելու համար։";"অভ্যাসৰ বাবে সদায় নতুন অংক।";"Məşq üçün həmişə yeni misallar var.";"Beti ariketa berri nahikoa praktikatzeko.";"অনুশীলনের জন্য সব সময় নতুন অঙ্ক থাকবে।";"လေ့ကျင့်ဖို့ ပုစ္ဆာအသစ်တွေ အမြဲလုံလောက်တယ်။";"Uvijek ima dovoljno novih zadataka za vježbu.";"Винаги има достатъчно нови задачи за упражнение.";"Sempre hi ha operacions noves per practicar.";"总有足够的新题可以练习。";"Altid masser af nye opgaver at øve.";"Immer genug neue Aufgaben zum Üben.";"Alati piisavalt uusi ülesandeid harjutamiseks.";"Altíð nóg nógv nýggj roknistykki at venja.";"Aina tarpeeksi uusia laskuja harjoiteltavaksi.";"Toujours assez de nouveaux calculs pour t’entraîner.";"Sempre terás contas novas para practicar.";"სავარჯიშოდ ყოველთვის საკმარისი ახალი ამოცანაა.";"Πάντα νέες ασκήσεις για εξάσκηση.";"અભ્યાસ માટે હંમેશા પૂરતા નવા દાખલા.";"תמיד יש מספיק תרגילים חדשים.";"अभ्यास के लिए हमेशा नए सवाल।";"Mindig van elég új feladat a gyakorláshoz.";"Neart suimeanna nua le cleachtadh i gcónaí.";"Alltaf nóg af nýjum dæmum til að æfa.";"Selalu ada soal baru untuk berlatih.";"Sempre tanti nuovi esercizi per allenarti.";"れんしゅうできる新しい問題がいつもたくさん。";"ಅಭ್ಯಾಸಕ್ಕೆ ಯಾವಾಗಲೂ ಸಾಕಷ್ಟು ಹೊಸ ಲೆಕ್ಕಗಳು.";"Жаттығуға әрдайым жаңа есептер жеткілікті.";"តែងតែមានលំហាត់ថ្មីគ្រប់គ្រាន់សម្រាប់ហាត់។";"연습할 새 문제가 항상 충분해요.";"Uvijek dovoljno novih zadataka za vježbu.";"ມີໂຈດໃໝ່ໃຫ້ຝຶກສະເໝີ.";"Vienmēr pietiek jaunu uzdevumu treniņam.";"Visada užteks naujų užduočių mokytis.";"Секогаш има доволно нови задачи за вежбање.";"Sentiasa ada soalan baharu untuk dilatih.";"പരിശീലിക്കാൻ എപ്പോഴും പുതിയ കണക്കുകൾ.";"सरावासाठी नेहमी भरपूर नवीन उदाहरणे.";"Давтах шинэ бодлого үргэлж хангалттай.";"अभ्यासका लागि सधैं नयाँ हिसाब।";"Alltid nok nye oppgaver å øve på.";"Завжди багато нових завдань для тренування.";"ଅଭ୍ୟାସ ପାଇଁ ସବୁବେଳେ ନୂଆ ପ୍ରଶ୍ନ।";"مەشىق قىلىدىغان يېڭى مەسىلىلەر ھەمىشە يېتەرلىك.";"Mashq qilish uchun doim yangi misollar yetarli.";"همیشه تمرین‌های تازه برای حل کردن داری.";"Zawsze nowe zadania do ćwiczeń.";"Sempre novas contas para praticar.";"ਅਭਿਆਸ ਲਈ ਹਮੇਸ਼ਾ ਕਾਫ਼ੀ ਨਵੇਂ ਹਿਸਾਬ।";"Mereu exerciții noi pentru exersat.";"Всегда много новых примеров для тренировки.";"Uvek dovoljno novih zadataka za vežbanje.";"පුහුණු වීමට හැමවිටම අලුත් ගණන් ඇති තරම්.";"Vždy dosť nových príkladov na tréning.";"Vedno dovolj novih nalog za vajo.";"Siempre tendrás ejercicios nuevos para practicar.";"Daima kuna hesabu mpya za kutosha kufanya mazoezi.";"பயிற்சிக்கு எப்போதும் புதிய கணக்குகள் இருக்கும்.";"సాధనకు ఎప్పుడూ కొత్త లెక్కలు ఉంటాయి.";"มีโจทย์ใหม่ให้ฝึกเสมอ";"སྦྱོང་རྒྱུའི་རྩིས་གསར་པ་རྟག་ཏུ་འདང་ངེས་ཡོད།";"Vždy dost nových příkladů k procvičování.";"Çalışmak için her zaman yeterince yeni soru.";"مشق کے لیے ہمیشہ نئے سوال۔";"Luôn có đủ bài toán mới để luyện tập.";"Digon o symiau newydd i'w hymarfer bob amser.";"Заўсёды шмат новых прыкладаў для трэніроўкі.";"Kuhlale kunezibalo ezintsha ezanele zokuzijwayeza.";"99 nivåer per ämne"
"premium.feature.levels.title";"";"On the premium screen: a title, badge or button. Aim for 30 characters or fewer.";"99 levels per topic";"99 levels per onderwerp";"99 vlakke per onderwerp";"99 nivele për temë";"በእያንዳንዱ ርዕስ 99 ደረጃዎች";"99 مستوى لكل موضوع";"Յուրաքանչյուր թեմայում՝ 99 մակարդակ";"প্ৰতি বিষয়ত ৯৯টা লেভেল";"Hər mövzuya 99 səviyyə";"99 maila gai bakoitzeko";"প্রতি বিষয়ে ৯৯ লেভেল";"အကြောင်းအရာတစ်ခုစီ 99 အဆင့်";"99 nivoa po temi";"99 нива на тема";"99 nivells per tema";"每个主题 99 关";"99 baner pr. emne";"99 Levels pro Thema";"99 taset igas teemas";"99 stig í hvørjum evni";"99 tasoa per aihe";"99 niveaux par sujet";"99 niveis por tema";"თითო თემაზე 99 დონე";"99 επίπεδα ανά θέμα";"દરેક વિષયમાં 99 લેવલ";"99 שלבים בכל נושא";"हर विषय में 99 स्तर";"99 szint témánként";"99 leibhéal in aghaidh an ábhair";"99 borð í hverju efni";"99 level per topik";"99 livelli per argomento";"テーマごとに99レベル";"ಪ್ರತಿ ವಿಷಯಕ್ಕೆ 99 ಹಂತಗಳು";"Әр тақырыпқа 99 деңгей";"99 កម្រិតក្នុងមួយប្រធានបទ";"주제마다 99레벨";"99 razina po temi";"99 ດ່ານຕໍ່ຫົວຂໍ້";"99 līmeņi katrā tēmā";"99 lygiai kiekvienai temai";"99 нивоа по тема";"99 tahap setiap topik";"ഓരോ വിഷയത്തിനും 99 ലെവലുകൾ";"प्रत्येक विषयाला 99 स्तर";"Сэдэв бүрд 99 түвшин";"हरेक विषयमा ९९ लेभल";"99 nivåer per emne";"99 рівнів у кожній темі";"ପ୍ରତ୍ୟେକ ବିଷୟରେ 99 ଲେଭେଲ୍";"ھەر تېمىدا 99 دەرىجە";"Har mavzuda 99 bosqich";"۹۹ مرحله برای هر موضوع";"99 poziomów na temat";"99 níveis por tema";"ਹਰ ਵਿਸ਼ੇ ਦੇ 99 ਲੈਵਲ";"99 de niveluri pe subiect";"99 уровней в каждой теме";"99 nivoa po temi";"මාතෘකාවකට මට්ටම් 99ක්";"99 úrovní na tému";"99 stopenj na temo";"99 niveles por tema";"Viwango 99 kwa kila mada";"ஒவ்வொரு தலைப்பிலும் 99 நிலைகள்";"ప్రతి అంశానికి 99 లెవల్‌లు";"หัวข้อละ 99 ด่าน";"བརྗོད་གཞི་རེར་རིམ་པ་99";"99 úrovní pro každé téma";"Konu başına 99 seviye";"بہ موضوع 99 لیولز";"99 cấp mỗi chủ đề";"99 lefel i bob pwnc";"99 узроўняў у кожнай тэме";"Amaleveli angu-99 ngesihloko";"Alltid nya tal att öva på."
"premium.feature.noAds.subtitle";"";"The explanation under a premium feature. Aim for 65 characters or fewer.";"Play completely without interruptions.";"Volledig zonder onderbrekingen spelen.";"Speel heeltemal sonder onderbrekings.";"Luaj pa asnjë ndërprerje.";"ያለምንም መቋረጥ ተጫወት።";"العب بلا أي مقاطعات.";"Խաղա առանց ընդհատումների։";"কোনো বাধা নোহোৱাকৈ খেলা।";"Tamamilə fasiləsiz oyna.";"Jokatu etenik gabe.";"কোনো বাধা ছাড়াই খেলো।";"အနှောင့်အယှက်မရှိ လုံးဝကစားပါ။";"Igraj bez ikakvih prekida.";"Играй без никакви прекъсвания.";"Juga sense cap interrupció.";"畅玩无打扰。";"Spil helt uden afbrydelser.";"Spiele ganz ohne Unterbrechungen.";"Mängi täiesti katkestusteta.";"Spæl heilt uttan órógv.";"Pelaa täysin ilman keskeytyksiä.";"Joue sans aucune interruption.";"Xoga sen interrupcións.";"ითამაშე სრულიად შეუფერხებლად.";"Παίξε χωρίς καμία διακοπή.";"કોઈ વિક્ષેપ વગર રમો.";"שחקו בלי הפרעות.";"बिना रुकावट खेलो।";"Játssz teljesen megszakítás nélkül.";"Imir gan aon bhriseadh.";"Spilaðu alveg án truflana.";"Bermain tanpa gangguan.";"Gioca senza interruzioni.";"じゃまされずにずっと遊べます。";"ಯಾವುದೇ ಅಡ್ಡಿಯಿಲ್ಲದೆ ಆಡು.";"Еш кедергісіз ойна.";"លេងដោយគ្មានការរំខាន។";"방해 없이 마음껏 놀아요.";"Igraj bez ikakvih prekida.";"ຫຼິ້ນໄດ້ໂດຍບໍ່ຖືກຂັດຈັງຫວະ.";"Spēlē bez pārtraukumiem.";"Žaisk be jokių trukdžių.";"Играј без никакви прекини.";"Main tanpa gangguan.";"തടസ്സങ്ങളില്ലാതെ കളിക്കൂ.";"पूर्णपणे विनाअडथळा खेळ.";"Ямар ч саадгүй тогло.";"बिनारोकावट खेल।";"Spill helt uten avbrytelser.";"Грай без жодних перерв.";"ବିନା ବାଧାରେ ଖେଳ।";"ئۈزۈلمەي ئوينا.";"Hech qanday uzilishsiz o‘yna.";"کاملاً بدون وقفه بازی کن.";"Graj bez żadnych przerw.";"Joga sem interrupções.";"ਬਿਨਾਂ ਰੁਕਾਵਟ ਦੇ ਖੇਡੋ।";"Joacă-te fără întreruperi.";"Играй без перерывов.";"Igraj bez prekida.";"කිසිදු බාධාවක් නැතිව ක්‍රීඩා කරන්න.";"Hraj úplne bez prerušení.";"Igraj povsem brez prekinitev.";"Juega sin interrupciones.";"Cheza bila kukatizwa kabisa.";"இடையூறு இல்லாமல் விளையாடு.";"ఎలాంటి అంతరాయం లేకుండా ఆడు.";"เล่นได้ต่อเนื่องไม่มีสะดุด";"བར་ཆད་མེད་པར་རྩེ།";"Hraj zcela bez přerušení.";"Hiç kesinti olmadan oyna.";"بغیر رکاوٹ کھیلیں۔";"Chơi hoàn toàn không bị gián đoạn.";"Chwarae heb unrhyw darfu.";"Гуляй без перапынкаў.";"Dlala ngaphandle kweziphazamiso.";"Inga annonser"
"premium.feature.noAds.title";"";"On the premium screen: a title, badge or button. Aim for 30 characters or fewer.";"No ads";"Geen advertenties";"Geen advertensies";"Pa reklama";"ማስታወቂያ የለም";"بلا إعلانات";"Առանց գովազդի";"বিজ্ঞাপন নাই";"Reklamsız";"Iragarkirik gabe";"বিজ্ঞাপন নেই";"ကြော်ငြာမရှိ";"Bez oglasa";"Без реклами";"Sense anuncis";"无广告";"Ingen reklamer";"Keine Werbung";"Reklaamideta";"Eingar lýsingar";"Ei mainoksia";"Sans publicité";"Sen anuncios";"რეკლამის გარეშე";"Χωρίς διαφημίσεις";"જાહેરાતો નહીં";"ללא פרסומות";"कोई विज्ञापन नहीं";"Nincsenek reklámok";"Gan fógraí";"Engar auglýsingar";"Tanpa iklan";"Niente pubblicità";"広告なし";"ಜಾಹೀರಾತುಗಳಿಲ್ಲ";"Жарнамасыз";"គ្មានពាណិជ្ជកម្ម";"광고 없음";"Bez oglasa";"ບໍ່ມີໂຄສະນາ";"Bez reklāmām";"Be reklamų";"Без реклами";"Tiada iklan";"പരസ്യങ്ങളില്ല";"जाहिराती नाहीत";"Зар сурталчилгаагүй";"विज्ञापन छैन";"Ingen reklame";"Без реклами";"ବିଜ୍ଞାପନ ନାହିଁ";"ئېلان يوق";"Reklamasiz";"بدون تبلیغ";"Bez reklam";"Sem anúncios";"ਕੋਈ ਇਸ਼ਤਿਹਾਰ ਨਹੀਂ";"Fără reclame";"Без рекламы";"Bez oglasa";"දැන්වීම් නැහැ";"Bez reklám";"Brez oglasov";"Sin anuncios";"Hakuna matangazo";"விளம்பரங்கள் இல்லை";"ప్రకటనలు లేవు";"ไม่มีโฆษณา";"ཁྱབ་བསྒྲགས་མེད།";"Bez reklam";"Reklamsız";"اشتہارات نہیں";"Không quảng cáo";"Dim hysbysebion";"Без рэкламы";"Azikho izikhangiso";"Spela helt utan avbrott."
"premium.oneTime";"";"On the premium screen: a title, badge or button. Aim for 51 characters or fewer.";"One-time purchase. Yours forever.";"Eenmalige aankoop. Voor altijd van jou.";"Eenmalige aankoop. Vir altyd joune.";"Një blerje e vetme. E jotja përgjithmonë.";"የአንድ ጊዜ ግዢ። ለዘላለም ያንተ።";"شراء مرة واحدة. لك للأبد.";"Մեկանգամյա գնում։ Ընդմիշտ քոնն է։";"এবাৰ কিনিলেই চিৰদিন তোমাৰ।";"Birdəfəlik alış. Həmişə sənindir.";"Ordainketa bakarra. Betiko zurea.";"একবার কিনলেই চিরদিন তোমার।";"တစ်ကြိမ်ဝယ်၊ အမြဲပိုင်။";"Jednokratna kupovina. Zauvijek tvoje.";"Еднократна покупка. Завинаги твое.";"Compra única. Per sempre teu.";"一次购买，永久拥有。";"Engangskøb. Dit for altid.";"Einmal kaufen. Für immer deins.";"Ühekordne ost. Jääb sulle igaveseks.";"Eitt eingangsk keyp. Títt í allar ævir.";"Kertaostos. Omistat sen ikuisesti.";"Un seul achat. À toi pour toujours.";"Un único pagamento. Teu para sempre.";"ერთჯერადი შეძენა. სამუდამოდ შენია.";"Μία αγορά. Δικό σου για πάντα.";"એક વખતની ખરીદી. હંમેશા તમારી.";"רכישה חד־פעמית. שלכם לתמיד.";"एक बार खरीदें। हमेशा आपका।";"Egyszeri vásárlás. Örökre a tiéd.";"Ceannach aonuaire. Is leatsa go deo é.";"Eingreiðsla. Þitt að eilífu.";"Sekali beli. Milikmu selamanya.";"Acquisto unico. Tuo per sempre.";"一度買えば、ずっと使えます。";"ಒಮ್ಮೆ ಖರೀದಿ. ಸದಾಕಾಲ ನಿನ್ನದು.";"Бір рет сатып аласың. Мәңгі сенікі.";"ទិញតែម្តង។ ជារបស់អ្នករហូត។";"한 번만 구매하면 영원히 내 것이에요.";"Jednokratna kupnja. Zauvijek tvoje.";"ຊື້ຄັ້ງດຽວ. ເປັນຂອງເຈົ້າຕະຫຼອດໄປ.";"Vienreizējs pirkums. Tavs uz visiem laikiem.";"Vienkartinis pirkinys. Tavo visam laikui.";"Еднократно купување. Твое засекогаш.";"Beli sekali. Milik kamu selamanya.";"ഒറ്റത്തവണ വാങ്ങൽ. എന്നേക്കും നിന്റേത്.";"एकदाच खरेदी. कायम तुझं.";"Нэг удаагийн худалдан авалт. Үүрд чинийх.";"एकपटकको खरिद। सधैं तिम्रो।";"Engangskjøp. Ditt for alltid.";"Одна покупка. Назавжди твоє.";"ଥରେ କିଣ। ସବୁଦିନ ତୁମର।";"بىر قېتىملىق سېتىۋېلىش. مەڭگۈ سىزنىڭ.";"Bir martalik xarid. Abadiy seniki.";"یک‌بار بخر، برای همیشه مال تو.";"Kupujesz raz. Masz na zawsze.";"Compra única. Teu para sempre.";"ਇੱਕ ਵਾਰ ਖਰੀਦੋ। ਹਮੇਸ਼ਾ ਤੁਹਾਡਾ।";"O singură plată. Al tău pentru totdeauna.";"Одна покупка. Навсегда твоё.";"Jedna kupovina. Zauvek tvoje.";"එක් වරක් ගන්න. සදහටම ඔබේ.";"Jednorazový nákup. Navždy tvoje.";"Enkratni nakup. Za vedno tvoje.";"Un solo pago. Tuyo para siempre.";"Nunua mara moja. Ni yako milele.";"ஒருமுறை வாங்கினால் என்றென்றும் உன்னுடையது.";"ఒక్కసారి కొనండి. ఎప్పటికీ మీదే.";"ซื้อครั้งเดียว เป็นของเธอตลอดไป";"ཐེངས་གཅིག་ཉོས། གཏན་དུ་ཁྱེད་ཀྱི་ཡིན།";"Jednorázový nákup. Navždy tvé.";"Tek seferlik satın alma. Sonsuza kadar senin.";"ایک بار خریدیں۔ ہمیشہ آپ کا۔";"Mua một lần. Dùng mãi mãi.";"Pryniant unwaith. Yn eiddo i ti am byth.";"Адна пакупка. Назаўсёды тваё.";"Kuthengwa kanye. Kungokwakho phakade.";"Engångsköp. Ditt för alltid."
"premium.restore";"";"On the premium screen: a title, badge or button. Aim for 30 characters or fewer.";"Restore purchases";"Aankopen herstellen";"Herstel aankope";"Rikthe blerjet";"ግዢዎችን መልስ";"استعادة المشتريات";"Վերականգնել գնումները";"ক্ৰয় পুনৰুদ্ধাৰ";"Alışları bərpa et";"Berrezarri erosketak";"কেনাকাটা পুনরুদ্ধার";"ဝယ်ယူမှုများ ပြန်ယူရန်";"Vrati kupovine";"Възстанови покупките";"Restaura les compres";"恢复购买";"Gendan køb";"Käufe wiederherstellen";"Taasta ostud";"Endurheimta keyp";"Palauta ostokset";"Restaurer les achats";"Restaurar compras";"შეძენების აღდგენა";"Επαναφορά αγορών";"ખરીદીઓ પાછી મેળવો";"שחזור רכישות";"खरीदारी बहाल करें";"Vásárlások visszaállítása";"Athchóirigh ceannacháin";"Endurheimta kaup";"Pulihkan pembelian";"Ripristina acquisti";"購入を復元";"ಖರೀದಿಗಳನ್ನು ಮರುಸ್ಥಾಪಿಸು";"Сатып алуларды қалпына келтіру";"ស្ដារការទិញ";"구매 복원";"Obnovi kupnje";"ກູ້ຄືນການຊື້";"Atjaunot pirkumus";"Atkurti pirkinius";"Врати ги купувањата";"Pulihkan pembelian";"വാങ്ങലുകൾ പുനഃസ്ഥാപിക്കൂ";"खरेदी पुन्हा मिळवा";"Худалдан авалтыг сэргээх";"खरिद पुनःस्थापना";"Gjenopprett kjøp";"Відновити покупки";"କିଣା ପୁନରୁଦ୍ଧାର";"سېتىۋېلىشنى ئەسلىگە كەلتۈر";"Xaridlarni tiklash";"بازیابی خریدها";"Przywróć zakupy";"Restaurar compras";"ਖਰੀਦਾਂ ਮੁੜ ਲਵੋ";"Restaurează achizițiile";"Восстановить покупки";"Vrati kupovine";"මිලදී ගැනීම් ප්‍රතිස්ථාපනය කරන්න";"Obnoviť nákupy";"Obnovi nakupe";"Restaurar compras";"Rejesha ununuzi";"வாங்கியவற்றை மீட்டெடு";"కొనుగోళ్లను పునరుద్ధరించు";"กู้คืนการซื้อ";"ཉོས་པ་སླར་གསོ";"Obnovit nákupy";"Satın alımları geri yükle";"خریداریاں بحال کریں";"Khôi phục giao dịch mua";"Adfer pryniannau";"Аднавіць пакупкі";"Buyisela okuthengiwe";"Återställ köp"
"premium.start";"";"On the premium screen: a title, badge or button. Aim for 30 characters or fewer.";"Start";"Start";"Begin";"Fillo";"ጀምር";"ابدأ";"Սկսել";"আৰম্ভ";"Başla";"Hasi";"শুরু";"စတင်";"Počni";"Старт";"Comença";"开始";"Start";"Start";"Alusta";"Byrja";"Aloita";"Commencer";"Comezar";"დაწყება";"Έναρξη";"શરૂ કરો";"התחלה";"शुरू करें";"Kezdés";"Tosaigh";"Byrja";"Mulai";"Inizia";"スタート";"ಪ್ರಾರಂಭಿಸಿ";"Бастау";"ចាប់ផ្តើម";"시작";"Počni";"ເລີ່ມ";"Sākt";"Pradėti";"Почни";"Mula";"തുടങ്ങുക";"सुरू करा";"Эхлэх";"सुरु";"Start";"Почати";"ଆରମ୍ଭ";"باشلاش";"Boshlash";"شروع";"Start";"Começar";"ਸ਼ੁਰੂ";"Începe";"Начать";"Počni";"අරඹන්න";"Začať";"Začni";"Empezar";"Anza";"தொடங்கு";"మొదలు";"เริ่ม";"འགོ་འཛུགས།";"Začít";"Başla";"شروع";"Bắt đầu";"Dechrau";"Пачаць";"Qala";"Starta"
"premium.storeUnavailable";"";"On the premium screen: a title, badge or button. Aim for 80 characters or fewer.";"The store is not available right now. Please try again later.";"De winkel is nu niet beschikbaar. Probeer het later opnieuw.";"Die winkel is nie nou beskikbaar nie. Probeer asseblief later weer.";"Dyqani nuk është i disponueshëm tani. Provo përsëri më vonë.";"መደብሩ አሁን አይገኝም። እባክዎ ቆይተው እንደገና ይሞክሩ።";"المتجر غير متاح الآن. حاول لاحقًا.";"Խանութն այժմ հասանելի չէ։ Փորձեք ավելի ուշ։";"এতিয়া ষ্ট’ৰ উপলব্ধ নহয়। পিছত আকৌ চেষ্টা কৰা।";"Mağaza hazırda əlçatan deyil. Sonra yenidən cəhd et.";"Denda ez dago erabilgarri orain. Saiatu berriro geroago.";"স্টোর এখন পাওয়া যাচ্ছে না। পরে আবার চেষ্টা করুন।";"စတိုးကို အခုသုံးမရပါ။ နောက်မှ ထပ်ကြိုးစားပါ။";"Prodavnica trenutno nije dostupna. Pokušaj ponovo kasnije.";"Магазинът не е достъпен в момента. Опитай пак по-късно.";"La botiga no està disponible ara mateix. Torna-ho a provar més tard.";"商店暂时不可用，请稍后再试。";"Butikken er ikke tilgængelig lige nu. Prøv igen senere.";"Der Store ist gerade nicht verfügbar. Bitte versuche es später noch einmal.";"Pood pole praegu saadaval. Proovi hiljem uuesti.";"Handilin er ikki tøkur beint nú. Royn aftur seinni.";"Kauppa ei ole juuri nyt käytettävissä. Yritä myöhemmin uudelleen.";"La boutique n’est pas disponible pour le moment. Réessaie plus tard.";"A tenda non está dispoñible agora. Téntao de novo máis tarde.";"მაღაზია ახლა მიუწვდომელია. მოგვიანებით სცადე.";"Το κατάστημα δεν είναι διαθέσιμο τώρα. Δοκίμασε ξανά αργότερα.";"હમણાં સ્ટોર ઉપલબ્ધ નથી. કૃપા કરીને પછી ફરી પ્રયત્ન કરો.";"החנות אינה זמינה כרגע. נסו שוב מאוחר יותר.";"स्टोर अभी उपलब्ध नहीं है। बाद में फिर कोशिश करें।";"Az áruház most nem érhető el. Próbáld újra később.";"Níl an siopa ar fáil anois. Bain triail eile as ar ball.";"Verslunin er ekki tiltæk núna. Reyndu aftur síðar.";"Toko sedang tidak tersedia. Coba lagi nanti.";"Il negozio non è disponibile ora. Riprova più tardi.";"今はストアを使えません。あとでもう一度お試しください。";"ಅಂಗಡಿ ಈಗ ಲಭ್ಯವಿಲ್ಲ. ನಂತರ ಮತ್ತೆ ಪ್ರಯತ್ನಿಸಿ.";"Дүкен қазір қолжетімсіз. Кейінірек қайталап көр.";"ហាងមិនអាចប្រើបានឥឡូវនេះទេ។ សូមព្យាយាមម្ដងទៀតពេលក្រោយ។";"지금은 스토어를 이용할 수 없어요. 나중에 다시 시도해 주세요.";"Trgovina trenutačno nije dostupna. Pokušaj ponovno poslije.";"ຕອນນີ້ຮ້ານຄ້າບໍ່ພ້ອມ. ກະລຸນາລອງໃໝ່ພາຍຫຼັງ.";"Veikals pašlaik nav pieejams. Lūdzu, mēģini vēlāk.";"Parduotuvė dabar nepasiekiama. Bandyk dar kartą vėliau.";"Продавницата моментално не е достапна. Обиди се повторно подоцна.";"Kedai tidak tersedia sekarang. Cuba lagi nanti.";"സ്റ്റോർ ഇപ്പോൾ ലഭ്യമല്ല. പിന്നീട് വീണ്ടും ശ്രമിക്കൂ.";"स्टोअर सध्या उपलब्ध नाही. कृपया नंतर पुन्हा प्रयत्न करा.";"Дэлгүүр одоогоор ажиллахгүй байна. Дараа дахин оролдоорой.";"अहिले स्टोर उपलब्ध छैन। पछि फेरि प्रयास गर्नुहोस्।";"Butikken er ikke tilgjengelig nå. Prøv igjen senere.";"Магазин зараз недоступний. Спробуй пізніше.";"ଷ୍ଟୋର୍ ଏବେ ଉପଲବ୍ଧ ନାହିଁ। ପରେ ପୁଣି ଚେଷ୍ଟା କର।";"دۇكان ھازىر ئېچىلمايدۇ. كېيىن قايتا سىناڭ.";"Do‘kon hozir ishlamayapti. Keyinroq yana urinib ko‘r.";"فروشگاه فعلاً در دسترس نیست. بعداً دوباره تلاش کنید.";"Sklep jest teraz niedostępny. Spróbuj ponownie później.";"A loja não está disponível agora. Tenta novamente mais tarde.";"ਸਟੋਰ ਹੁਣ ਉਪਲਬਧ ਨਹੀਂ। ਬਾਅਦ ਵਿੱਚ ਮੁੜ ਕੋਸ਼ਿਸ਼ ਕਰੋ।";"Magazinul nu este disponibil acum. Încearcă din nou mai târziu.";"Магазин сейчас недоступен. Попробуйте позже.";"Prodavnica trenutno nije dostupna. Pokušaj ponovo kasnije.";"වෙළඳසැල දැන් ලබාගත නොහැක. පසුව නැවත උත්සාහ කරන්න.";"Obchod teraz nie je dostupný. Skús to znova neskôr.";"Trgovina trenutno ni na voljo. Poskusi znova pozneje.";"La tienda no está disponible ahora. Inténtalo de nuevo más tarde.";"Duka halipatikani sasa. Tafadhali jaribu tena baadaye.";"கடை இப்போது கிடைக்கவில்லை. பிறகு மீண்டும் முயற்சி செய்.";"స్టోర్ ఇప్పుడు అందుబాటులో లేదు. తర్వాత మళ్లీ ప్రయత్నించండి.";"ขณะนี้ร้านค้าใช้งานไม่ได้ โปรดลองอีกครั้งภายหลัง";"ད་ལྟ་ཚོང་ཁང་སྤྱོད་མི་ཐུབ། རྗེས་སུ་ཡང་བསྐྱར་ཚོད་ལྟ་བྱོས།";"Obchod teď není dostupný. Zkus to prosím později.";"Mağaza şu anda kullanılamıyor. Lütfen daha sonra tekrar dene.";"اس وقت اسٹور دستیاب نہیں۔ بعد میں دوبارہ کوشش کریں۔";"Cửa hàng hiện không khả dụng. Vui lòng thử lại sau.";"Nid yw'r siop ar gael ar hyn o bryd. Rho gynnig arall arni nes ymlaen.";"Крама зараз недаступная. Паспрабуй пазней.";"Isitolo asitholakali manje. Sicela uzame futhi kamuva.";"Butiken är inte tillgänglig just nu. Försök igen senare."
"premium.unlock";"";"On the premium screen: a title, badge or button. Aim for 30 characters or fewer.";"Unlock Premium";"Premium ontgrendelen";"Ontsluit Premium";"Zhblloko Premium";"ፕሪሚየምን ክፈት";"فتح المميز";"Բացել Պրեմիումը";"প্ৰিমিয়াম খোলা";"Premium-u aç";"Desblokeatu Premium";"প্রিমিয়াম আনলক";"Premium ဖွင့်ရန်";"Otključaj Premium";"Отключи Премиум";"Desbloqueja Premium";"解锁高级版";"Lås Premium op";"Premium freischalten";"Ava Premium";"Lat Premium upp";"Avaa Premium";"Débloquer Premium";"Desbloquear Premium";"Premium-ის გახსნა";"Ξεκλείδωσε το Premium";"પ્રીમિયમ ખોલો";"פתיחת פרימיום";"प्रीमियम अनलॉक करें";"Prémium feloldása";"Díghlasáil Préimh";"Opna Premium";"Buka Premium";"Sblocca Premium";"プレミアムを購入";"ಪ್ರೀಮಿಯಂ ತೆರೆಯಿರಿ";"Premium-ды ашу";"ដោះសោព្រីមៀម";"프리미엄 열기";"Otključaj Premium";"ປົດລັອກພຣີມຽມ";"Atbloķēt Premium";"Atrakinti Premium";"Отклучи Премиум";"Buka Premium";"പ്രീമിയം തുറക്കൂ";"प्रीमियम उघड";"Премиум нээх";"प्रिमियम खोल";"Lås opp Premium";"Відкрити Преміум";"Premium ଖୋଲ";"Premium نى ئاچ";"Premiumni ochish";"باز کردن نسخهٔ ویژه";"Odblokuj Premium";"Desbloquear Premium";"ਪ੍ਰੀਮੀਅਮ ਖੋਲ੍ਹੋ";"Deblochează Premium";"Открыть Премиум";"Otključaj Premium";"ප්‍රීමියම් විවෘත කරන්න";"Odomknúť Premium";"Odkleni Premium";"Desbloquear Premium";"Fungua Premium";"பிரீமியத்தைத் திற";"ప్రీమియం తెరువు";"ปลดล็อกพรีเมียม";"Premium ཁ་ཕྱེ";"Odemknout Premium";"Premium'u aç";"پریمیم کھولیں";"Mở khóa Premium";"Datgloi Premiwm";"Адкрыць Прэміум";"Vula i-Premium";"Lås upp Premium"
"premium.unlockedWithPremium";"";"On the premium screen: a title, badge or button. Aim for 32 characters or fewer.";"Unlocked with Premium";"Vrijgespeeld met Premium";"Met Premium ontsluit";"U zhbllokua me Premium";"በPremium ተከፍቷል";"تم فتحه مع Premium";"Բացվեց Premium-ով";"Premium-এৰে খোলা হ’ল";"Premium ilə açıldı";"Premium-ekin desblokeatua";"Premium দিয়ে আনলক হয়েছে";"Premium ဖြင့် ဖွင့်ပြီးပြီ";"Otključano uz Premium";"Отключено с Premium";"Desbloquejat amb Premium";"已通过 Premium 解锁";"Låst op med Premium";"Mit Premium freigeschaltet";"Premiumiga avatud";"Latið upp við Premium";"Avattu Premiumilla";"Débloqué avec Premium";"Desbloqueado con Premium";"გაიხსნა Premium-ით";"Ξεκλειδώθηκε με Premium";"Premium સાથે ખૂલ્યું";"נפתח עם Premium";"Premium से अनलॉक हुआ";"Premiummal feloldva";"Díghlasáilte le Préimh";"Opnað með Premium";"Terbuka dengan Premium";"Sbloccato con Premium";"プレミアムでアンロック";"Premium ಮೂಲಕ ತೆರೆಯಲಾಗಿದೆ";"Premium арқылы ашылды";"បានដោះសោជាមួយ Premium";"프리미엄으로 잠금 해제";"Otključano uz Premium";"ປົດລັອກດ້ວຍ Premium";"Atbloķēts ar Premium";"Atrakinta su Premium";"Отклучено со Premium";"Dibuka dengan Premium";"Premium ഉപയോഗിച്ച് തുറന്നു";"Premium ने उघडले";"Premium-аар нээгдсэн";"Premium ले खुल्यो";"Låst opp med Premium";"Відкрито з Premium";"Premium ସହିତ ଖୋଲିଲା";"Premium بىلەن ئېچىلدى";"Premium bilan ochildi";"با Premium باز شد";"Odblokowano z Premium";"Desbloqueado com Premium";"Premium ਨਾਲ ਅਨਲੌਕ ਹੋਇਆ";"Deblocat cu Premium";"Открыто с Premium";"Otključano uz Premium";"Premium සමඟ විවෘතයි";"Odomknuté s Premium";"Odklenjeno s Premiumom";"Desbloqueado con Premium";"Imefunguliwa kwa Premium";"பிரீமியத்தால் திறக்கப்பட்டது";"ప్రీమియంతో తెరుచుకుంది";"ปลดล็อกด้วย Premium";"Premium གྱིས་ཁ་ཕྱེ་ཟིན།";"Odemčeno s Premium";"Premium ile açıldı";"Premium کے ساتھ کھلا";"Đã mở khóa bằng Premium";"Wedi’i ddatgloi gyda Premiwm";"Адкрыта з Premium";"Kuvulwe nge-Premium";"Upplåst med Premium"
"premium.unlockWithPrice %@";"";"On the premium screen: a title, badge or button. Aim for 33 characters or fewer. Keep 1× %@ (text substituted at runtime).";"Unlock Premium · %@";"Premium ontgrendelen · %@";"Ontsluit Premium · %@";"Zhblloko Premium · %@";"ፕሪሚየምን ክፈት · %@";"فتح المميز · %@";"Բացել Պրեմիումը · %@";"প্ৰিমিয়াম খোলা · %@";"Premium-u aç · %@";"Desblokeatu Premium · %@";"প্রিমিয়াম আনলক · %@";"Premium ဖွင့်ရန် · %@";"Otključaj Premium · %@";"Отключи Премиум · %@";"Desbloqueja Premium · %@";"解锁高级版 · %@";"Lås Premium op · %@";"Premium freischalten · %@";"Ava Premium · %@";"Lat Premium upp · %@";"Avaa Premium · %@";"Débloquer Premium · %@";"Desbloquear Premium · %@";"Premium-ის გახსნა · %@";"Ξεκλείδωσε το Premium · %@";"પ્રીમિયમ ખોલો · %@";"פתיחת פרימיום · %@";"प्रीमियम अनलॉक करें · %@";"Prémium feloldása · %@";"Díghlasáil Préimh · %@";"Opna Premium · %@";"Buka Premium · %@";"Sblocca Premium · %@";"プレミアムを購入・%@";"ಪ್ರೀಮಿಯಂ ತೆರೆಯಿರಿ · %@";"Premium-ды ашу · %@";"ដោះសោព្រីមៀម · %@";"프리미엄 열기 · %@";"Otključaj Premium · %@";"ປົດລັອກພຣີມຽມ · %@";"Atbloķēt Premium · %@";"Atrakinti Premium · %@";"Отклучи Премиум · %@";"Buka Premium · %@";"പ്രീമിയം തുറക്കൂ · %@";"प्रीमियम उघड · %@";"Премиум нээх · %@";"प्रिमियम खोल · %@";"Lås opp Premium · %@";"Відкрити Преміум · %@";"Premium ଖୋଲ · %@";"Premium نى ئاچ · %@";"Premiumni ochish · %@";"باز کردن نسخهٔ ویژه · %@";"Odblokuj Premium · %@";"Desbloquear Premium · %@";"ਪ੍ਰੀਮੀਅਮ ਖੋਲ੍ਹੋ · %@";"Deblochează Premium · %@";"Открыть Премиум · %@";"Otključaj Premium · %@";"ප්‍රීමියම් විවෘත කරන්න · %@";"Odomknúť Premium · %@";"Odkleni Premium · %@";"Desbloquear Premium · %@";"Fungua Premium · %@";"பிரீமியத்தைத் திற · %@";"ప్రీమియం తెరువు · %@";"ปลดล็อกพรีเมียม · %@";"Premium ཁ་ཕྱེ · %@";"Odemknout Premium · %@";"Premium'u aç · %@";"پریمیم کھولیں · %@";"Mở khóa Premium · %@";"Datgloi Premiwm · %@";"Адкрыць Прэміум · %@";"Vula i-Premium · %@";"Lås upp Premium · %@"
"result.complete";"";"On the end-of-level card: a title, or a button under it. Aim for 22 characters or fewer.";"Level complete!";"Level afgerond!";"Vlak voltooi!";"Niveli u krye!";"ደረጃው ተጠናቋል!";"اكتمل المستوى!";"Մակարդակն ավարտված է!";"লেভেল শেষ!";"Səviyyə tamamlandı!";"Maila amaituta!";"লেভেল শেষ!";"အဆင့်ပြီးပြီ!";"Nivo završen!";"Нивото е завършено!";"Nivell complet!";"关卡完成！";"Niveau klaret!";"Level geschafft!";"Tase läbitud!";"Stigið er liðugt!";"Taso valmis!";"Niveau terminé !";"Nivel completado!";"დონე დასრულებულია!";"Τέλος επιπέδου!";"લેવલ પૂરું!";"השלב הושלם!";"लेवल पूरा!";"Pálya kész!";"Leibhéal críochnaithe!";"Borði lokið!";"Level selesai!";"Livello completato!";"レベルクリア！";"ಹಂತ ಮುಗಿದಿದೆ!";"Деңгей аяқталды!";"លេវែលចប់!";"레벨 완료!";"Razina gotova!";"ຜ່ານດ່ານແລ້ວ!";"Līmenis pabeigts!";"Lygis baigtas!";"Нивото е готово!";"Tahap selesai!";"ലെവൽ പൂർത്തിയായി!";"स्तर पूर्ण!";"Түвшин дууслаа!";"लेभल पूरा!";"Nivå fullført!";"Рівень пройдено!";"ଲେଭେଲ୍ ସମ୍ପୂର୍ଣ୍ଣ!";"دەرىجە تامام!";"Bosqich tugadi!";"مرحله تمام شد!";"Poziom ukończony!";"Nível concluído!";"ਲੈਵਲ ਪੂਰਾ!";"Nivel terminat!";"Уровень пройден!";"Nivo završen!";"මට්ටම ඉවරයි!";"Úroveň hotová!";"Stopnja končana!";"¡Nivel completado!";"Kiwango kimekamilika!";"நிலை முடிந்தது!";"లెవెల్ పూర్తి!";"ผ่านด่านแล้ว!";"རིམ་པ་ཚར!";"Úroveň hotová!";"Seviye tamam!";"لیول مکمل!";"Hoàn thành màn!";"Lefel wedi’i chwblhau!";"Узровень пройдзены!";"Izinga liphelile!";"Nivån klar!"
"result.stopped";"";"On the end-of-level card: a title, or a button under it. Aim for 22 characters or fewer.";"Paused";"Gepauzeerd";"Gepouseer";"Ndalur";"ቆሟል";"متوقف مؤقتًا";"Դադարեցված";"ৰৈ আছে";"Dayandırılıb";"Pausatuta";"থামানো";"ခဏရပ်ထားတယ်";"Pauzirano";"На пауза";"Pausat";"已暂停";"Sat på pause";"Pausiert";"Pausil";"Steðgað";"Tauolla";"En pause";"En pausa";"შეჩერებულია";"Σε παύση";"થોભેલું";"מושהה";"रुका हुआ";"Szünetel";"Ar sos";"Í bið";"Dijeda";"In pausa";"一時停止中";"ನಿಲ್ಲಿಸಲಾಗಿದೆ";"Кідіртілді";"បានផ្អាក";"일시정지";"Pauzirano";"ຢຸດໄວ້";"Apturēts";"Pristabdyta";"Паузирано";"Dijeda";"നിർത്തിവച്ചു";"थांबवले";"Түр зогссон";"रोकिएको";"Pause";"Призупинено";"ବିରତିରେ";"توختىتىلدى";"Pauzada";"متوقف";"Wstrzymano";"Em pausa";"ਰੁਕਿਆ";"În pauză";"Пауза";"Pauzirano";"විරාමයි";"Pozastavené";"Začasno ustavljeno";"En pausa";"Imesitishwa";"நிறுத்தப்பட்டது";"ఆగింది";"พักอยู่";"མཚམས་བཞག";"Pozastaveno";"Duraklatıldı";"روکا گیا";"Tạm dừng";"Wedi oedi";"Прыпынена";"Kumisiwe";"Pausad"
"settings.character";"";"A row or title in the settings sheet. Aim for 30 characters or fewer.";"Character";"Personage";"Karakter";"Personazhi";"ገጸ ባሕሪ";"الشخصية";"Կերպար";"চৰিত্ৰ";"Personaj";"Pertsonaia";"চরিত্র";"ဇာတ်ကောင်";"Lik";"Герой";"Personatge";"角色";"Figur";"Figur";"Tegelane";"Figurur";"Hahmo";"Personnage";"Personaxe";"პერსონაჟი";"Χαρακτήρας";"પાત્ર";"דמות";"पात्र";"Figura";"Carachtar";"Persóna";"Karakter";"Personaggio";"キャラクター";"ಪಾತ್ರ";"Кейіпкер";"តួអង្គ";"캐릭터";"Lik";"ຕົວລະຄອນ";"Tēls";"Veikėjas";"Лик";"Watak";"കഥാപാത്രം";"पात्र";"Дүр";"पात्र";"Figur";"Персонаж";"ପାତ୍ର";"قەھرىمان";"Qahramon";"شخصیت";"Postać";"Personagem";"ਕਿਰਦਾਰ";"Personaj";"Персонаж";"Lik";"චරිතය";"Postavička";"Junak";"Personaje";"Mhusika";"கதாபாத்திரம்";"పాత్ర";"ตัวละคร";"མི་སྣ";"Postavička";"Karakter";"کردار";"Nhân vật";"Cymeriad";"Герой";"Umlingiswa";"Figur"
"settings.characterInfo";"";"In the settings sheet. The info lines sit under a group and may wrap. Aim for 90 characters or fewer.";"Every animal brings its own color theme to the whole game.";"Elk dier geeft het hele spel zijn eigen kleurenthema.";"Elke dier gee die hele spel sy eie kleurtema.";"Çdo kafshë i jep gjithë lojës temën e vet me ngjyra.";"እያንዳንዱ እንስሳ ለጨዋታው በሙሉ የራሱን የቀለም ገጽታ ያመጣል።";"يمنح كل حيوان اللعبة كلها ألوانه الخاصة.";"Յուրաքանչյուր կենդանի ամբողջ խաղին տալիս է իր գունային ձևավորումը։";"প্ৰতিটো জন্তুৱে গোটেই খেললৈ নিজৰ ৰঙৰ থিম আনে।";"Hər heyvan bütün oyuna öz rəng mövzusunu gətirir.";"Animalia bakoitzak bere kolore-gaia ematen dio joko osoari.";"প্রতিটি প্রাণী পুরো খেলায় নিজের রঙের থিম আনে।";"တိရစ္ဆာန်တစ်ကောင်စီက ဂိမ်းတစ်ခုလုံးကို သူ့အရောင်ပုံစံနဲ့ ပြောင်းပေးတယ်။";"Svaka životinja daje cijeloj igri svoju temu boja.";"Всяко животно дава своя цветна тема на цялата игра.";"Cada animal dona al joc el seu propi tema de colors.";"每种动物都会给整个游戏带来自己的配色。";"Hvert dyr giver hele spillet sit eget farvetema.";"Jedes Tier gibt dem ganzen Spiel sein eigenes Farbthema.";"Iga loom annab kogu mängule oma värviteema.";"Hvørt dýr gevur øllum spælinum sítt egna litaevni.";"Jokainen eläin tuo koko peliin oman väriteemansa.";"Chaque animal donne son propre thème de couleurs à tout le jeu.";"Cada animal dálle ao xogo o seu propio tema de cores.";"თითოეული ცხოველი მთელ თამაშს საკუთარ ფერთა თემას აძლევს.";"Κάθε ζωάκι δίνει στο παιχνίδι το δικό του χρωματικό θέμα.";"દરેક પ્રાણી આખી રમતમાં પોતાનો રંગ લાવે છે.";"כל חיה מעניקה למשחק כולו ערכת צבעים משלה.";"हर जानवर पूरे खेल को अपना रंग देता है।";"Minden állat saját színvilágot ad az egész játéknak.";"Tugann gach ainmhí a théama dathanna féin don chluiche ar fad.";"Hvert dýr gefur öllum leiknum sitt eigið litaþema.";"Setiap hewan memberi tema warna sendiri pada seluruh permainan.";"Ogni animale dà a tutto il gioco il proprio tema di colori.";"動物ごとに、ゲーム全体の色テーマが変わります。";"ಪ್ರತಿ ಪ್ರಾಣಿಯೂ ಇಡೀ ಆಟಕ್ಕೆ ತನ್ನದೇ ಬಣ್ಣದ ಥೀಮ್ ನೀಡುತ್ತದೆ.";"Әр жануар бүкіл ойынға өз түс тақырыбын береді.";"សត្វនីមួយៗផ្តល់ពណ៌រចនាប័ទ្មផ្ទាល់ខ្លួនដល់ហ្គេមទាំងមូល។";"동물마다 게임 전체에 자기만의 색 테마를 더해요.";"Svaka životinja cijeloj igri daje svoju temu boja.";"ສັດແຕ່ລະໂຕມີຊຸດສີຂອງຕົນເອງສຳລັບທັງເກມ.";"Katrs dzīvnieks visai spēlei piešķir savu krāsu motīvu.";"Kiekvienas gyvūnas visam žaidimui suteikia savo spalvų temą.";"Секое животно ѝ дава своја тема со бои на целата игра.";"Setiap haiwan membawa tema warnanya sendiri ke seluruh permainan.";"ഓരോ മൃഗവും കളിക്ക് സ്വന്തം നിറത്തീം നൽകും.";"प्रत्येक प्राणी संपूर्ण खेळाला स्वतःची रंगसंगती देतो.";"Амьтан бүр тоглоомд өөрийн өнгөний загварыг өгнө.";"हरेक जनावरले पूरै खेलमा आफ्नै रङको थिम ल्याउँछ।";"Hvert dyr gir hele spillet sitt eget fargetema.";"Кожна тварина додає грі власну кольорову тему.";"ପ୍ରତ୍ୟେକ ପଶୁ ସମ୍ପୂର୍ଣ୍ଣ ଖେଳକୁ ନିଜର ରଙ୍ଗୀନ ଥିମ୍ ଦିଏ।";"ھەر بىر ھايۋان پۈتۈن ئويۇنغا ئۆزىنىڭ رەڭ ئۇسلۇبىنى بېرىدۇ.";"Har bir hayvon butun o‘yinga o‘z rang mavzusini beradi.";"هر حیوان، رنگ‌وبوی خودش را به کل بازی می‌دهد.";"Każde zwierzę nadaje całej grze własny motyw kolorystyczny.";"Cada animal dá ao jogo inteiro o seu próprio tema de cores.";"ਹਰ ਜਾਨਵਰ ਪੂਰੀ ਖੇਡ ਲਈ ਆਪਣਾ ਰੰਗੀਨ ਥੀਮ ਲਿਆਉਂਦਾ ਹੈ।";"Fiecare animal aduce propria temă de culori în tot jocul.";"Каждое животное меняет цветовую тему всей игры.";"Svaka životinja daje celoj igri svoju temu boja.";"සෑම සතෙකුම මුළු ක්‍රීඩාවටම තමන්ගේම වර්ණ තේමාවක් දෙයි.";"Každé zviera prinesie do celej hry vlastnú farebnú tému.";"Vsaka žival obarva celotno igro s svojo barvno temo.";"Cada animal da su propio tema de color a todo el juego.";"Kila mnyama huupa mchezo mzima mandhari yake ya rangi.";"ஒவ்வொரு விலங்கும் முழு விளையாட்டிற்கும் தனித்த நிறத் தோற்றத்தைத் தரும்.";"ప్రతి జంతువు ఆట మొత్తానికి తనదైన రంగుల రూపాన్ని ఇస్తుంది.";"สัตว์แต่ละตัวมีธีมสีของตัวเองทั้งเกม";"སྲོག་ཆགས་རེས་རྩེད་མོ་ཧྲིལ་པོར་རང་གི་ཁ་དོག་གི་བཟོ་ལྟ་སྟེར།";"Každé zvíře přinese celé hře vlastní barevný motiv.";"Her hayvan tüm oyuna kendi renk temasını getirir.";"ہر جانور پورے کھیل کو اپنا رنگین تھیم دیتا ہے۔";"Mỗi con vật mang một chủ đề màu riêng cho toàn bộ trò chơi.";"Mae pob anifail yn rhoi ei thema liw ei hun i'r gêm gyfan.";"Кожная жывёла дадае гульні сваю каляровую тэму.";"Isilwane ngasinye sinikeza wonke umdlalo imibala yaso.";"Varje djur ger hela spelet sitt eget färgtema."
"settings.customMinutes %lld";"";"A row or title in the settings sheet. Aim for 30 characters or fewer. Keep 1× %lld (a number).";"Custom: %lld min";"Aangepast: %lld min";"Pasgemaak: %lld min";"Personalizuar: %lld min";"ብጁ፦ %lld ደቂቃ";"مخصص: %lld د";"Հատուկ՝ %lld ր";"নিজৰ মতে: %lld মিনিট";"Fərdi: %lld dəq";"Pertsonalizatua: %lld min";"নিজের মতো: %lld মিনিট";"စိတ်ကြိုက်: %lld မိနစ်";"Prilagođeno: %lld min";"По избор: %lld мин";"Personalitzat: %lld min";"自定义：%lld 分钟";"Tilpasset: %lld min";"Eigene Wahl: %lld Min.";"Kohandatud: %lld min";"Sersniðið: %lld min";"Oma: %lld min";"Personnalisé : %lld min";"Personalizado: %lld min";"მორგებული: %lld წთ";"Προσαρμογή: %lld λεπ.";"તમારી પસંદ: %lld મિનિટ";"מותאם: %lld דק׳";"कस्टम: %lld मिनट";"Egyéni: %lld perc";"Saincheaptha: %lld nóim";"Sérsniðið: %lld mín.";"Khusus: %lld mnt";"Personalizzato: %lld min";"カスタム：%lld分";"ಕಸ್ಟಮ್: %lld ನಿಮಿ";"Өзгеше: %lld мин";"កំណត់ផ្ទាល់៖ %lld នាទី";"사용자 설정: %lld분";"Prilagođeno: %lld min";"ກຳນົດເອງ: %lld ນາທີ";"Pielāgots: %lld min";"Pasirinkta: %lld min";"Прилагодено: %lld мин";"Tersuai: %lld min";"ഇഷ്ടാനുസരണം: %lld മിനിറ്റ്";"सानुकूल: %lld मि.";"Өөрийн: %lld мин";"आफ्नै: %lld मिनेट";"Egendefinert: %lld min";"Власна ціль: %lld хв";"ନିଜ ପସନ୍ଦ: %lld ମିନିଟ୍";"ئۆزگىچە: %lld مىن";"Maxsus: %lld daq";"دلخواه: %lld دقیقه";"Własny: %lld min";"Personalizado: %lld min";"ਆਪਣਾ: %lld ਮਿੰਟ";"Personalizat: %lld min";"Своё: %lld мин";"Prilagođeno: %lld min";"අභිරුචි: මිනි %lld";"Vlastné: %lld min";"Po meri: %lld min";"Personalizado: %lld min";"Maalum: dakika %lld";"தனிப்பயன்: %lld நிமி";"అనుకూలం: %lld నిమి";"กำหนดเอง: %lld นาที";"རང་སྒྲིག %lld སྐར་མ";"Vlastní: %lld min";"Özel: %lld dk";"حسبِ مرضی: %lld منٹ";"Tùy chỉnh: %lld phút";"Personol: %lld mun";"Свая мэта: %lld хв";"Okwakho: %lld imin";"Anpassat: %lld min"
"settings.dailyGoal";"";"A row or title in the settings sheet. Aim for 30 characters or fewer.";"Daily goal";"Dagelijks doel";"Daaglikse doel";"Objektivi ditor";"የቀን ግብ";"الهدف اليومي";"Օրական նպատակ";"দৈনিক লক্ষ্য";"Gündəlik hədəf";"Eguneko helburua";"দৈনিক লক্ষ্য";"နေ့စဉ်ပန်းတိုင်";"Dnevni cilj";"Дневна цел";"Objectiu diari";"每日目标";"Dagligt mål";"Tagesziel";"Päevaeesmärk";"Dagligt mál";"Päivätavoite";"Objectif quotidien";"Obxectivo diario";"დღიური მიზანი";"Καθημερινός στόχος";"દૈનિક લક્ષ્ય";"יעד יומי";"रोज़ का लक्ष्य";"Napi cél";"Sprioc laethúil";"Daglegt markmið";"Target harian";"Obiettivo giornaliero";"毎日の目標";"ದೈನಂದಿನ ಗುರಿ";"Күндік мақсат";"គោលដៅប្រចាំថ្ងៃ";"매일 목표";"Dnevni cilj";"ເປົ້າໝາຍລາຍວັນ";"Dienas mērķis";"Dienos tikslas";"Дневна цел";"Sasaran harian";"ദിവസലക്ഷ്യം";"दररोजचे ध्येय";"Өдрийн зорилго";"दैनिक लक्ष्य";"Daglig mål";"Щоденна ціль";"ଦୈନିକ ଲକ୍ଷ୍ୟ";"كۈندىلىك نىشان";"Kunlik maqsad";"هدف روزانه";"Cel dzienny";"Meta diária";"ਰੋਜ਼ਾਨਾ ਟੀਚਾ";"Obiectiv zilnic";"Цель на день";"Dnevni cilj";"දිනපතා ඉලක්කය";"Denný cieľ";"Dnevni cilj";"Objetivo diario";"Lengo la kila siku";"தினசரி இலக்கு";"రోజువారీ లక్ష్యం";"เป้าหมายรายวัน";"ཉིན་རེའི་དམིགས་ཡུལ";"Denní cíl";"Günlük hedef";"روزانہ ہدف";"Mục tiêu hằng ngày";"Nod dyddiol";"Штодзённая мэта";"Umgomo wansuku zonke";"Dagsmål"
"settings.goalInfo";"";"In the settings sheet. The info lines sit under a group and may wrap. Aim for 103 characters or fewer.";"The streak goal starts at 5 minutes per day. Only active playtime counts.";"Het streakdoel begint bij 5 minuten per dag. Alleen actieve speeltijd telt mee.";"Die reeksdoel begin by 5 minute per dag. Net aktiewe speeltyd tel.";"Objektivi i serisë nis me 5 minuta në ditë. Numërohet vetëm koha aktive e lojës.";"የተከታታይ ቀን ግብ በቀን ከ5 ደቂቃ ይጀምራል። የሚቆጠረው ንቁ የጨዋታ ጊዜ ብቻ ነው።";"يبدأ هدف الاستمرار بـ5 دقائق يوميًا. يُحسب وقت اللعب الفعلي فقط.";"Շարքի նպատակը սկսվում է օրական 5 րոպեից։ Հաշվվում է միայն ակտիվ խաղաժամանակը։";"একেৰাহে খেলাৰ লক্ষ্য দিনে ৫ মিনিটৰ পৰা আৰম্ভ। কেৱল সক্ৰিয় খেলৰ সময় গণনা হয়।";"Ardıcıl gün hədəfi gündə 5 dəqiqədən başlayır. Yalnız aktiv oyun vaxtı sayılır.";"Segidaren helburua eguneko 5 minututan hasten da. Jolas-denbora aktiboa bakarrik zenbatzen da.";"ধারাবাহিকতার লক্ষ্য দিনে ৫ মিনিট থেকে শুরু হয়। শুধু সক্রিয় খেলার সময় গোনা হয়।";"ဆက်တိုက်ပန်းတိုင်က တစ်နေ့ ၅ မိနစ်ကနေ စတယ်။ တကယ်ကစားတဲ့အချိန်ပဲ ရေတွက်မယ်။";"Cilj niza počinje s 5 minuta dnevno. Računa se samo aktivno vrijeme igranja.";"Целта за поредица започва от 5 минути на ден. Брои се само активното време за игра.";"L’objectiu de ratxa comença amb 5 minuts al dia. Només compta el temps de joc actiu.";"连续目标从每天 5 分钟开始。只有实际游戏时间才会计入。";"Målet for din serie starter ved 5 minutter om dagen. Kun aktiv spilletid tæller.";"Das Serienstreckenziel beginnt bei 5 Minuten pro Tag. Nur aktive Spielzeit zählt.";"Järjepidevuse eesmärk algab 5 minutist päevas. Arvesse läheb ainult aktiivne mänguaeg.";"Raðmálið byrjar við 5 minuttum um dagin. Bara virkin spælitíð telur.";"Putkitavoite alkaa viidestä minuutista päivässä. Vain aktiivinen peliaika lasketaan.";"L’objectif de série commence à 5 minutes par jour. Seul le temps de jeu actif compte.";"O obxectivo da serie comeza en 5 minutos ao día. Só conta o tempo de xogo activo.";"ზედიზედ დღეების მიზანი დღეში 5 წუთიდან იწყება. ითვლება მხოლოდ აქტიური თამაშის დრო.";"Ο στόχος σερί ξεκινά από 5 λεπτά τη μέρα. Μετρά μόνο ο ενεργός χρόνος παιχνιδιού.";"સળંગ રમવાનું લક્ષ્ય દરરોજ 5 મિનિટથી શરૂ થાય છે. ફક્ત સક્રિય રમતનો સમય ગણાય છે.";"יעד הרצף מתחיל ב־5 דקות ביום. רק זמן משחק פעיל נחשב.";"लगातार खेलने का लक्ष्य रोज़ 5 मिनट से शुरू होता है। केवल खेलने का समय गिना जाता है।";"A sorozat célja napi 5 perccel indul. Csak az aktív játékidő számít.";"Tosaíonn sprioc na sraithe ag 5 nóiméad sa lá. Ní áirítear ach am imeartha gníomhach.";"Raðmarkmiðið byrjar á 5 mínútum á dag. Aðeins virkur leiktími telst.";"Target rentetan dimulai dari 5 menit per hari. Hanya waktu bermain aktif yang dihitung.";"L’obiettivo della serie parte da 5 minuti al giorno. Conta solo il tempo di gioco attivo.";"れんぞく目標は1日5分から。実際に遊んだ時間だけ数えます。";"ಸತತ ಆಟದ ಗುರಿ ದಿನಕ್ಕೆ 5 ನಿಮಿಷದಿಂದ ಆರಂಭವಾಗುತ್ತದೆ. ಸಕ್ರಿಯವಾಗಿ ಆಡಿದ ಸಮಯ ಮಾತ್ರ ಲೆಕ್ಕಕ್ಕೆ ಸೇರುತ್ತದೆ.";"Күндер тізбегінің мақсаты күніне 5 минуттан басталады. Тек белсенді ойын уақыты есептеледі.";"គោលដៅលេងជាប់គ្នាចាប់ផ្តើមពី 5 នាទីក្នុងមួយថ្ងៃ។ រាប់តែពេលលេងសកម្មប៉ុណ្ណោះ។";"연속 목표는 하루 5분부터 시작해요. 실제로 플레이한 시간만 계산돼요.";"Cilj niza počinje s 5 minuta dnevno. Broji se samo aktivno vrijeme igranja.";"ເປົ້າໝາຍຕໍ່ເນື່ອງເລີ່ມທີ່ 5 ນາທີຕໍ່ມື້. ນັບສະເພາະເວລາທີ່ຫຼິ້ນຈິງ.";"Sērijas mērķis sākas ar 5 minūtēm dienā. Skaita tikai aktīvo spēles laiku.";"Dienos serijos tikslas prasideda nuo 5 minučių per dieną. Skaičiuojamas tik aktyvus žaidimo laikas.";"Целта за низа почнува со 5 минути дневно. Се брои само активното играње.";"Sasaran rentetan bermula pada 5 minit sehari. Hanya masa bermain aktif dikira.";"തുടർച്ചാ ലക്ഷ്യം ദിവസം 5 മിനിറ്റിൽ തുടങ്ങും. സജീവമായി കളിച്ച സമയം മാത്രം എണ്ണും.";"सलग खेळण्याचे ध्येय दररोज 5 मिनिटांपासून सुरू होते. फक्त प्रत्यक्ष खेळलेला वेळ मोजला जातो.";"Дарааллын зорилго өдөрт 5 минутаас эхэлнэ. Зөвхөн идэвхтэй тоглосон хугацааг тооцно.";"लगातार खेल्ने लक्ष्य दिनको ५ मिनेटबाट सुरु हुन्छ। सक्रिय खेल समय मात्र गनिन्छ।";"Rekkemålet starter på 5 minutter per dag. Bare aktiv spilletid teller.";"Серія починається з 5 хвилин на день. Рахується лише активний час гри.";"ଲଗାତାର ଖେଳ ଲକ୍ଷ୍ୟ ଦିନକୁ 5 ମିନିଟ୍‌ରୁ ଆରମ୍ଭ ହୁଏ। କେବଳ ସକ୍ରିୟ ଖେଳ ସମୟ ଗଣାଯାଏ।";"ئۇدا داۋاملاشتۇرۇش نىشانى كۈنىگە 5 مىنۇتتىن باشلىنىدۇ. پەقەت ئاكتىپ ئوينىغان ۋاقىت ھېسابلىنىدۇ.";"Ketma-ketlik maqsadi kuniga 5 daqiqadan boshlanadi. Faqat faol o‘yin vaqti hisoblanadi.";"هدف زنجیره از روزی ۵ دقیقه شروع می‌شود. فقط زمان بازی فعال حساب می‌شود.";"Cel serii zaczyna się od 5 minut dziennie. Liczy się tylko aktywna gra.";"A meta da sequência começa nos 5 minutos por dia. Só conta o tempo de jogo ativo.";"ਲਗਾਤਾਰ ਖੇਡਣ ਦਾ ਟੀਚਾ ਹਰ ਰੋਜ਼ 5 ਮਿੰਟ ਤੋਂ ਸ਼ੁਰੂ ਹੁੰਦਾ ਹੈ। ਸਿਰਫ਼ ਸਰਗਰਮ ਖੇਡ ਸਮਾਂ ਗਿਣਿਆ ਜਾਂਦਾ ਹੈ।";"Seria începe cu 5 minute pe zi. Contează doar timpul în care te joci.";"Цель серии начинается с 5 минут в день. Учитывается только активное время игры.";"Cilj niza počinje sa 5 minuta dnevno. Računa se samo aktivno vreme igranja.";"අඛණ්ඩ ඉලක්කය දිනකට මිනිත්තු 5කින් පටන් ගනී. ක්‍රියාකාරී ක්‍රීඩා කාලය පමණක් ගණන් වේ.";"Cieľ série začína na 5 minútach denne. Počíta sa iba aktívny čas hrania.";"Cilj niza se začne pri 5 minutah na dan. Šteje le čas aktivnega igranja.";"La racha empieza con 5 minutos al día. Solo cuenta el tiempo de juego activo.";"Lengo la mfululizo huanza na dakika 5 kwa siku. Muda wa kucheza kwa bidii pekee ndio huhesabiwa.";"தொடர் இலக்கு நாளுக்கு 5 நிமிடங்களில் தொடங்கும். விளையாடிய நேரம் மட்டும் கணக்காகும்.";"వరుస లక్ష్యం రోజుకు 5 నిమిషాల నుంచి మొదలవుతుంది. చురుకుగా ఆడిన సమయం మాత్రమే లెక్కలోకి వస్తుంది.";"เป้าหมายต่อเนื่องเริ่มที่วันละ 5 นาที นับเฉพาะเวลาเล่นจริง";"བསྟུད་མར་རྩེ་བའི་དམིགས་ཡུལ་ཉིན་རེར་སྐར་མ་5 ནས་འགོ་འཛུགས། དངོས་སུ་རྩེ་བའི་དུས་ཚོད་ཁོ་ན་བརྩི།";"Cíl série začíná na 5 minutách denně. Počítá se jen aktivní hraní.";"Seri hedefi günde 5 dakikayla başlar. Yalnızca aktif oyun süresi sayılır.";"مسلسل کھیل کا ہدف روز 5 منٹ سے شروع ہوتا ہے۔ صرف کھیلنے کا اصل وقت گنا جاتا ہے۔";"Chuỗi ngày bắt đầu với mục tiêu 5 phút mỗi ngày. Chỉ thời gian chơi thực tế được tính.";"Mae nod y gyfres yn dechrau ar 5 munud y dydd. Dim ond amser chwarae gweithredol sy'n cyfrif.";"Мэта серыі пачынаецца з 5 хвілін штодня. Залічваецца толькі час актыўнай гульні.";"Umgomo wokulandelana uqala ngemizuzu emi-5 ngosuku. Kubalwa kuphela isikhathi sokudlala ngempela.";"Svitmålet börjar på 5 minuter per dag. Bara aktiv speltid räknas."
"settings.music";"";"A row or title in the settings sheet. Aim for 30 characters or fewer.";"Music";"Muziek";"Musiek";"Muzika";"ሙዚቃ";"الموسيقى";"Երաժշտություն";"সংগীত";"Musiqi";"Musika";"সংগীত";"တေးဂီတ";"Muzika";"Музика";"Música";"音乐";"Musik";"Musik";"Muusika";"Tónleikur";"Musiikki";"Musique";"Música";"მუსიკა";"Μουσική";"સંગીત";"מוזיקה";"संगीत";"Zene";"Ceol";"Tónlist";"Musik";"Musica";"音楽";"ಸಂಗೀತ";"Музыка";"តន្ត្រី";"음악";"Glazba";"ເພງ";"Mūzika";"Muzika";"Музика";"Muzik";"സംഗീതം";"संगीत";"Хөгжим";"संगीत";"Musikk";"Музика";"ସଙ୍ଗୀତ";"مۇزىكا";"Musiqa";"موسیقی";"Muzyka";"Música";"ਸੰਗੀਤ";"Muzică";"Музыка";"Muzika";"සංගීතය";"Hudba";"Glasba";"Música";"Muziki";"இசை";"సంగీతం";"เพลง";"རོལ་དབྱངས";"Hudba";"Müzik";"موسیقی";"Nhạc";"Cerddoriaeth";"Музыка";"Umculo";"Musik"
"settings.playGoals";"";"A row or title in the settings sheet. Aim for 30 characters or fewer.";"Play goals";"Speeldoelen";"Speeldoelwitte";"Objektivat e lojës";"የጨዋታ ግቦች";"أهداف اللعب";"Խաղի նպատակներ";"খেলৰ লক্ষ্য";"Oyun hədəfləri";"Jolas-helburuak";"খেলার লক্ষ্য";"ကစားချိန်ပန်းတိုင်များ";"Ciljevi igranja";"Цели за игра";"Objectius de joc";"游戏目标";"Spillemål";"Spielziele";"Mängueesmärgid";"Spælimál";"Pelitavoitteet";"Objectifs de jeu";"Obxectivos de xogo";"თამაშის მიზნები";"Στόχοι παιχνιδιού";"રમતના લક્ષ્યો";"יעדי משחק";"खेल लक्ष्य";"Játékcélok";"Spriocanna imeartha";"Spilamarkmið";"Target bermain";"Obiettivi di gioco";"あそぶ目標";"ಆಟದ ಗುರಿಗಳು";"Ойын мақсаттары";"គោលដៅលេង";"놀이 목표";"Ciljevi igranja";"ເປົ້າໝາຍການຫຼິ້ນ";"Spēles mērķi";"Žaidimo tikslai";"Цели за играње";"Sasaran main";"കളിലക്ഷ്യങ്ങൾ";"खेळाची ध्येये";"Тоглох зорилгууд";"खेल लक्ष्य";"Spillemål";"Ігрові цілі";"ଖେଳ ଲକ୍ଷ୍ୟ";"ئويۇن نىشانلىرى";"O‘yin maqsadlari";"هدف‌های بازی";"Cele gry";"Metas de jogo";"ਖੇਡਣ ਦੇ ਟੀਚੇ";"Obiective de joc";"Цели игры";"Ciljevi igranja";"ක්‍රීඩා ඉලක්ක";"Herné ciele";"Igralni cilji";"Objetivos de juego";"Malengo ya kucheza";"விளையாட்டு இலக்குகள்";"ఆట లక్ష్యాలు";"เป้าหมายการเล่น";"རྩེད་མོའི་དམིགས་ཡུལ";"Herní cíle";"Oyun hedefleri";"کھیل کے اہداف";"Mục tiêu chơi";"Nodau chwarae";"Мэты гульні";"Imigomo yokudlala";"Spelmål"
"settings.premiumUnlocked";"";"A row or title in the settings sheet. Aim for 38 characters or fewer.";"Premium unlocked. Thank you!";"Premium ontgrendeld. Bedankt!";"Premium ontsluit. Dankie!";"Premium u zhbllokua. Faleminderit!";"ፕሪሚየም ተከፍቷል። እናመሰግናለን!";"تم فتح المميز. شكرًا لك!";"Պրեմիումը բացված է։ Շնորհակալություն։";"প্ৰিমিয়াম খোলা হ’ল। ধন্যবাদ!";"Premium açıldı. Təşəkkürlər!";"Premium desblokeatuta. Eskerrik asko!";"প্রিমিয়াম আনলক হয়েছে। ধন্যবাদ!";"Premium ဖွင့်ပြီးပြီ။ ကျေးဇူးတင်ပါတယ်!";"Premium je otključan. Hvala!";"Премиум е отключен. Благодарим!";"Premium desbloquejat. Gràcies!";"高级版已解锁，谢谢！";"Premium er låst op. Tak!";"Premium freigeschaltet. Danke!";"Premium on avatud. Aitäh!";"Premium er latið upp. Takk!";"Premium avattu. Kiitos!";"Premium débloqué. Merci !";"Premium desbloqueado. Grazas!";"Premium გაიხსნა. გმადლობთ!";"Το Premium ξεκλειδώθηκε. Ευχαριστούμε!";"પ્રીમિયમ ખૂલ્યું. આભાર!";"הפרימיום נפתח. תודה!";"प्रीमियम अनलॉक हो गया। धन्यवाद!";"Prémium feloldva. Köszönjük!";"Préimh díghlasáilte. Go raibh maith agat!";"Premium opnað. Takk!";"Premium terbuka. Terima kasih!";"Premium sbloccato. Grazie!";"プレミアムを使えるようになりました。ありがとう！";"ಪ್ರೀಮಿಯಂ ತೆರೆಯಿತು. ಧನ್ಯವಾದಗಳು!";"Premium ашылды. Рақмет!";"បានដោះសោព្រីមៀម។ អរគុណ!";"프리미엄이 열렸어요. 고마워요!";"Premium je otključan. Hvala!";"ປົດລັອກພຣີມຽມແລ້ວ. ຂອບໃຈ!";"Premium atbloķēts. Paldies!";"Premium atrakinta. Ačiū!";"Премиум е отклучен. Благодариме!";"Premium dibuka. Terima kasih!";"പ്രീമിയം തുറന്നു. നന്ദി!";"प्रीमियम उघडलं. धन्यवाद!";"Премиум нээгдлээ. Баярлалаа!";"प्रिमियम खुल्यो। धन्यवाद!";"Premium er låst opp. Takk!";"Преміум відкрито. Дякуємо!";"Premium ଖୋଲିଗଲା। ଧନ୍ୟବାଦ!";"Premium ئېچىلدى. رەھمەت!";"Premium ochildi. Rahmat!";"نسخهٔ ویژه باز شد. ممنون!";"Premium odblokowane. Dziękujemy!";"Premium desbloqueado. Obrigado!";"ਪ੍ਰੀਮੀਅਮ ਖੁੱਲ੍ਹ ਗਿਆ। ਧੰਨਵਾਦ!";"Premium deblocat. Mulțumim!";"Премиум открыт. Спасибо!";"Premium je otključan. Hvala!";"ප්‍රීමියම් විවෘතයි. ස්තුතියි!";"Premium odomknuté. Ďakujeme!";"Premium odklenjen. Hvala!";"Premium desbloqueado. ¡Gracias!";"Premium imefunguliwa. Asante!";"பிரீமியம் திறக்கப்பட்டது. நன்றி!";"ప్రీమియం తెరుచుకుంది. ధన్యవాదాలు!";"ปลดล็อกพรีเมียมแล้ว ขอบคุณ!";"Premium ཁ་ཕྱེ་ཟིན། ཐུགས་རྗེ་ཆེ།";"Premium odemčeno. Děkujeme!";"Premium açıldı. Teşekkürler!";"پریمیم کھل گیا۔ شکریہ!";"Đã mở khóa Premium. Cảm ơn bạn!";"Premiwm wedi'i ddatgloi. Diolch!";"Прэміум адкрыты. Дзякуй!";"I-Premium ivuliwe. Siyabonga!";"Premium upplåst. Tack!"
"settings.sound";"";"A row or title in the settings sheet. Aim for 30 characters or fewer.";"Sound";"Geluid";"Klank";"Tingulli";"ድምፅ";"الصوت";"Ձայն";"শব্দ";"Səs";"Soinua";"শব্দ";"အသံ";"Zvuk";"Звук";"So";"声音";"Lyd";"Ton";"Heli";"Ljóð";"Äänet";"Son";"Son";"ხმა";"Ήχος";"અવાજ";"צלילים";"आवाज़";"Hang";"Fuaim";"Hljóð";"Suara";"Suoni";"サウンド";"ಧ್ವನಿ";"Дыбыс";"សំឡេង";"소리";"Zvuk";"ສຽງ";"Skaņa";"Garsas";"Звук";"Bunyi";"ശബ്ദം";"आवाज";"Дуу";"ध्वनि";"Lyd";"Звук";"ଶବ୍ଦ";"ئاۋاز";"Ovoz";"صدا";"Dźwięk";"Som";"ਆਵਾਜ਼";"Sunet";"Звуки";"Zvuk";"ශබ්දය";"Zvuk";"Zvok";"Sonido";"Sauti";"ஒலி";"శబ్దం";"เสียง";"སྒྲ";"Zvuk";"Ses";"آواز";"Âm thanh";"Sain";"Гук";"Umsindo";"Ljud"
"settings.soundEffects";"";"A row or title in the settings sheet. Aim for 30 characters or fewer.";"Music and effects";"Muziek en effecten";"Musiek en effekte";"Muzika dhe efektet";"ሙዚቃ እና ድምፆች";"الموسيقى والمؤثرات";"Երաժշտություն և էֆեկտներ";"সংগীত আৰু ইফেক্ট";"Musiqi və effektlər";"Musika eta efektuak";"সংগীত ও ইফেক্ট";"တေးဂီတနဲ့ အသံများ";"Muzika i efekti";"Музика и ефекти";"Música i efectes";"音乐和音效";"Musik og effekter";"Musik und Effekte";"Muusika ja heliefektid";"Tónleikur og ljóð";"Musiikki ja äänet";"Musique et effets";"Música e efectos";"მუსიკა და ეფექტები";"Μουσική και εφέ";"સંગીત અને ઇફેક્ટ્સ";"מוזיקה ואפקטים";"संगीत और प्रभाव";"Zene és effektek";"Ceol agus maisíochtaí";"Tónlist og hljóð";"Musik dan efek";"Musica ed effetti";"音楽と効果音";"ಸಂಗೀತ ಮತ್ತು ಪರಿಣಾಮಗಳು";"Музыка мен әсерлер";"តន្ត្រី និងសំឡេង";"음악과 효과음";"Glazba i efekti";"ເພງ ແລະ ເອັບເຟັກ";"Mūzika un efekti";"Muzika ir efektai";"Музика и ефекти";"Muzik dan kesan";"സംഗീതവും ഇഫക്റ്റുകളും";"संगीत आणि ध्वनी";"Хөгжим ба эффект";"संगीत र प्रभाव";"Musikk og lyder";"Музика й ефекти";"ସଙ୍ଗୀତ ଓ ଇଫେକ୍ଟ";"مۇزىكا ۋە ئۈنلەر";"Musiqa va effektlar";"موسیقی و افکت‌ها";"Muzyka i efekty";"Música e efeitos";"ਸੰਗੀਤ ਤੇ ਧੁਨੀ ਪ੍ਰਭਾਵ";"Muzică și efecte";"Музыка и звуки";"Muzika i efekti";"සංගීතය සහ ශබ්ද";"Hudba a efekty";"Glasba in učinki";"Música y efectos";"Muziki na athari";"இசையும் ஒலிகளும்";"సంగీతం, ఎఫెక్ట్స్";"เพลงและเอฟเฟกต์";"རོལ་དབྱངས་དང་སྒྲ་ནུས";"Hudba a efekty";"Müzik ve efektler";"موسیقی اور ایفیکٹس";"Nhạc và hiệu ứng";"Cerddoriaeth ac effeithiau";"Музыка і эфекты";"Umculo nemisindo";"Musik och effekter"
"settings.soundInfo";"";"In the settings sheet. The info lines sit under a group and may wrap. Aim for 93 characters or fewer.";"Turn the sound off to play quietly. The game works exactly the same.";"Zet het geluid uit om stil te spelen. Het spel werkt precies hetzelfde.";"Skakel die klank af om stil te speel. Die speletjie werk presies dieselfde.";"Fike tingullin për të luajtur në qetësi. Loja funksionon njësoj.";"በጸጥታ ለመጫወት ድምፁን አጥፋ። ጨዋታው እንደበፊቱ ይሰራል።";"أوقف الصوت لتلعب بهدوء. اللعبة تعمل بالطريقة نفسها.";"Անջատիր ձայնը՝ լուռ խաղալու համար։ Խաղը նույն կերպ է աշխատում։";"নিশব্দে খেলিবলৈ শব্দ বন্ধ কৰা। খেলখন একেই ধৰণে চলিব।";"Sakit oynamaq üçün səsi söndür. Oyun yenə eyni işləyir.";"Itzali soinua lasai jokatzeko. Jokoak berdin-berdin funtzionatzen du.";"চুপচাপ খেলতে শব্দ বন্ধ করো। খেলাটি একইভাবে চলবে।";"တိတ်တိတ်ကစားချင်ရင် အသံပိတ်ပါ။ ကစားပုံက အတူတူပါပဲ။";"Isključi zvuk za tihu igru. Igra radi potpuno isto.";"Изключи звука за тиха игра. Играта си остава същата.";"Desactiva el so per jugar en silenci. El joc funciona igual.";"关闭声音，安静地玩。游戏玩法完全不变。";"Slå lyden fra for at spille stille. Spillet fungerer helt på samme måde.";"Schalte den Ton aus, um leise zu spielen. Das Spiel bleibt gleich.";"Vaikseks mängimiseks lülita heli välja. Mäng ise jääb samaks.";"Sløkk ljóðið fyri at spæla stillisliga. Spælið virkar júst eins.";"Poista äänet käytöstä, jos haluat pelata hiljaa. Peli toimii aivan samoin.";"Coupe le son pour jouer en silence. Le jeu reste exactement le même.";"Desactiva o son para xogar en silencio. O xogo funciona igual.";"ხმა გამორთე, თუ ჩუმად თამაში გინდა. თამაში ზუსტად ისე იმუშავებს.";"Κλείσε τον ήχο για να παίξεις ήσυχα. Το παιχνίδι μένει ίδιο.";"શાંતિથી રમવા અવાજ બંધ કરો. રમત એ જ રીતે ચાલશે.";"אפשר לכבות את הצלילים ולשחק בשקט. המשחק עובד בדיוק אותו דבר.";"शांत खेलना है तो आवाज़ बंद कर दो। खेल वैसे ही चलेगा।";"Kapcsold ki a hangot a csendes játékhoz. A játék ugyanúgy működik.";"Múch an fhuaim le himirt go ciúin. Oibríonn an cluiche mar an gcéanna.";"Slökktu á hljóðinu til að spila hljóðlega. Leikurinn virkar alveg eins.";"Matikan suara agar bisa bermain tanpa suara. Gamenya tetap sama.";"Disattiva i suoni per giocare in silenzio. Il gioco funziona allo stesso modo.";"音をオフにすると静かに遊べるよ。ゲームの遊び方は同じだよ。";"ಮೌನವಾಗಿ ಆಡಲು ಧ್ವನಿ ಆರಿಸು. ಆಟ ಹಾಗೆಯೇ ಕೆಲಸ ಮಾಡುತ್ತದೆ.";"Тыныш ойнау үшін дыбысты өшір. Ойын өзгермейді.";"បិទសំឡេងដើម្បីលេងស្ងាត់។ ហ្គេមនៅតែដំណើរការដូចគ្នា។";"조용히 놀고 싶다면 소리를 꺼요. 게임은 똑같이 즐길 수 있어요.";"Isključi zvuk za tihu igru. Igra ostaje potpuno ista.";"ປິດສຽງເພື່ອຫຼິ້ນແບບງຽບໆ. ເກມຍັງຫຼິ້ນໄດ້ຄືເກົ່າ.";"Izslēdz skaņu, lai spēlētu klusi. Spēle darbojas tieši tāpat.";"Išjunk garsą ir žaisk tyliai. Žaidimas veiks lygiai taip pat.";"Исклучи го звукот за тивка игра. Играта останува иста.";"Matikan bunyi untuk bermain senyap. Permainan tetap sama.";"ശാന്തമായി കളിക്കാൻ ശബ്ദം ഓഫ് ചെയ്യൂ. കളി അതേപോലെ തന്നെ പ്രവർത്തിക്കും.";"शांतपणे खेळण्यासाठी आवाज बंद कर. खेळ तसाच चालेल.";"Дууг унтраавал чимээгүй тоглоно. Тоглоом хэвээрээ ажиллана.";"शान्त खेल्न ध्वनि बन्द गर। खेल उस्तै चल्छ।";"Slå av lyden for å spille stille. Spillet fungerer akkurat likt.";"Вимкни звук, щоб грати тихо. Гра працюватиме так само.";"ଚୁପଚାପ ଖେଳିବାକୁ ଶବ୍ଦ ବନ୍ଦ କର। ଖେଳ ସେହିଭଳି ଚାଲିବ।";"جىم ئويناش ئۈچۈن ئاۋازنى ئۆچۈر. ئويۇن ئوخشاشلا ئىشلەيدۇ.";"Tinch o‘ynash uchun ovozni o‘chir. O‘yin xuddi shunday ishlaydi.";"برای بازی بی‌صدا، صدا را خاموش کن. بازی همان‌طور کار می‌کند.";"Wyłącz dźwięk, by grać po cichu. Gra działa tak samo.";"Desliga o som para jogar em silêncio. O jogo funciona exatamente da mesma forma.";"ਚੁੱਪਚਾਪ ਖੇਡਣ ਲਈ ਆਵਾਜ਼ ਬੰਦ ਕਰੋ। ਖੇਡ ਓਹੀ ਰਹੇਗੀ।";"Oprește sunetul ca să joci în liniște. Jocul rămâne la fel.";"Выключи звук, чтобы играть тихо. Игра останется такой же.";"Isključi zvuk za tiho igranje. Igra radi potpuno isto.";"නිහඬව සෙල්ලම් කරන්න ශබ්දය අක්‍රිය කරන්න. ක්‍රීඩාව ඒ විදිහටම වැඩ කරයි.";"Vypni zvuk a hraj potichu. Hra funguje úplne rovnako.";"Izklopi zvok za tiho igranje. Igra ostane povsem enaka.";"Desactiva el sonido para jugar en silencio. El juego funciona igual.";"Zima sauti ili ucheze kimya. Mchezo utaendelea vilevile.";"அமைதியாக விளையாட ஒலியை அணைக்கவும். விளையாட்டு அதேபோல இயங்கும்.";"నిశ్శబ్దంగా ఆడాలంటే శబ్దాన్ని ఆఫ్ చేయి. ఆట మాత్రం అలాగే ఉంటుంది.";"ปิดเสียงเพื่อเล่นเงียบ ๆ เกมยังเล่นเหมือนเดิม";"ཁུ་སིམ་པོར་རྩེ་བར་སྒྲ་ཁ་རྒྱོབ། རྩེད་མོ་འདྲ་མཚུངས་སུ་འགྲོ།";"Vypni zvuk a hraj potichu. Hra funguje úplně stejně.";"Sessiz oynamak için sesi kapat. Oyun aynı şekilde devam eder.";"خاموشی سے کھیلنے کے لیے آواز بند کریں۔ کھیل بالکل ویسا ہی چلے گا۔";"Tắt âm thanh để chơi yên lặng. Trò chơi vẫn hoạt động như cũ.";"Diffodd y sain i chwarae’n dawel. Mae’r gêm yn gweithio yn union yr un fath.";"Выключы гук, каб гуляць ціха. Гульня будзе працаваць гэтак жа.";"Vala umsindo ukuze udlale buthule. Umdlalo usebenza ngendlela efanayo.";"Stäng av ljudet för att spela tyst. Spelet fungerar precis likadant."
"settings.title";"";"A row or title in the settings sheet. Aim for 30 characters or fewer.";"Settings";"Instellingen";"Instellings";"Cilësimet";"ቅንብሮች";"الإعدادات";"Կարգավորումներ";"ছেটিংছ";"Ayarlar";"Ezarpenak";"সেটিংস";"ဆက်တင်များ";"Postavke";"Настройки";"Configuració";"设置";"Indstillinger";"Einstellungen";"Seaded";"Stillingar";"Asetukset";"Réglages";"Axustes";"პარამეტრები";"Ρυθμίσεις";"સેટિંગ્સ";"הגדרות";"सेटिंग्स";"Beállítások";"Socruithe";"Stillingar";"Pengaturan";"Impostazioni";"設定";"ಸೆಟ್ಟಿಂಗ್‌ಗಳು";"Баптаулар";"ការកំណត់";"설정";"Postavke";"ການຕັ້ງຄ່າ";"Iestatījumi";"Nustatymai";"Поставки";"Tetapan";"ക്രമീകരണങ്ങൾ";"सेटिंग्ज";"Тохиргоо";"सेटिङ";"Innstillinger";"Налаштування";"ସେଟିଂସ୍";"تەڭشەكلەر";"Sozlamalar";"تنظیمات";"Ustawienia";"Definições";"ਸੈਟਿੰਗਾਂ";"Setări";"Настройки";"Podešavanja";"සැකසුම්";"Nastavenia";"Nastavitve";"Ajustes";"Mipangilio";"அமைப்புகள்";"సెట్టింగ్‌లు";"การตั้งค่า";"སྒྲིག་འགོད";"Nastavení";"Ayarlar";"ترتیبات";"Cài đặt";"Gosodiadau";"Налады";"Izilungiselelo";"Inställningar"
"streak.dayOne";"";"The play-goal bar in the menu header. Aim for 16 characters or fewer.";"Day 1";"Dag 1";"Dag 1";"Dita 1";"ቀን 1";"اليوم 1";"Օր 1";"১ম দিন";"1-ci gün";"1. eguna";"দিন ১";"နေ့ 1";"1. dan";"Ден 1";"Dia 1";"第 1 天";"Dag 1";"Tag 1";"1. päev";"Dagur 1";"Päivä 1";"Jour 1";"Día 1";"დღე 1";"Ημέρα 1";"દિવસ 1";"יום 1";"दिन 1";"1. nap";"Lá 1";"Dagur 1";"Hari 1";"Giorno 1";"1日目";"ದಿನ 1";"1-күн";"ថ្ងៃទី 1";"1일 차";"Dan 1";"ມື້ທີ 1";"1. diena";"1 diena";"Ден 1";"Hari 1";"ദിവസം 1";"दिवस 1";"1 дэх өдөр";"दिन १";"Dag 1";"День 1";"ଦିନ 1";"1-كۈن";"1-kun";"روز ۱";"Dzień 1";"Dia 1";"ਦਿਨ 1";"Ziua 1";"День 1";"Dan 1";"දින 1";"1. deň";"1. dan";"Día 1";"Siku ya 1";"நாள் 1";"1వ రోజు";"วันที่ 1";"ཉིན་1";"Den 1";"1. gün";"دن 1";"Ngày 1";"Diwrnod 1";"Дзень 1";"Usuku 1";"Dag 1"
"topic.addition";"";"A small button or pill in the menu. One line, no wrapping — the tightest spots in the app. Aim for 12 characters or fewer.";"Addition";"Optellen";"Optel";"Mbledhje";"መደመር";"الجمع";"Գումարում";"যোগ";"Toplama";"Batuketa";"যোগ";"ပေါင်းခြင်း";"Sabiranje";"Събиране";"Suma";"加法";"Plus";"Addition";"Liitmine";"Pluss";"Yhteenlasku";"Addition";"Sumar";"მიმატება";"Πρόσθεση";"સરવાળો";"חיבור";"जोड़";"Összeadás";"Suimiú";"Samlagning";"Penjumlahan";"Addizione";"たし算";"ಕೂಡಿಸುವುದು";"Қосу";"បូក";"덧셈";"Zbrajanje";"ບວກ";"Saskaitīšana";"Sudėtis";"Собирање";"Tambah";"കൂട്ടൽ";"बेरीज";"Нэмэх";"जोड";"Addisjon";"Додавання";"ଯୋଗ";"قوشۇش";"Qo‘shish";"جمع";"Dodawanie";"Somar";"ਜੋੜ";"Adunări";"Сложение";"Sabiranje";"එකතු කිරීම";"Sčítanie";"Seštevanje";"Sumas";"Kujumlisha";"கூட்டல்";"కూడిక";"การบวก";"སྣོན་པ";"Sčítání";"Toplama";"جمع";"Phép cộng";"Adio";"Складанне";"Ukuhlanganisa";"Addition"
"topic.addition.detail";"";"The one-line explanation under a topic button. Aim for 28 characters or fewer.";"Addition only";"Alleen optellen";"Net optel";"Vetëm mbledhje";"መደመር ብቻ";"الجمع فقط";"Միայն գումարում";"কেৱল যোগ";"Yalnız toplama";"Batuketak bakarrik";"শুধু যোগ";"ပေါင်းတာပဲ";"Samo sabiranje";"Само събиране";"Només sumes";"只有加法";"Kun plus";"Nur Addition";"Ainult liitmine";"Bara pluss";"Vain yhteenlaskua";"Addition seulement";"Só sumar";"მხოლოდ მიმატება";"Μόνο πρόσθεση";"ફક્ત સરવાળો";"רק חיבור";"सिर्फ जोड़";"Csak összeadás";"Suimiú amháin";"Aðeins samlagning";"Hanya penjumlahan";"Solo addizioni";"たし算だけ";"ಕೂಡಿಸುವುದು ಮಾತ್ರ";"Тек қосу";"បូកតែប៉ុណ្ណោះ";"덧셈만";"Samo zbrajanje";"ບວກເທົ່ານັ້ນ";"Tikai saskaitīšana";"Tik sudėtis";"Само собирање";"Tambah sahaja";"കൂട്ടൽ മാത്രം";"फक्त बेरीज";"Зөвхөн нэмэх";"जोड मात्र";"Bare addisjon";"Лише додавання";"କେବଳ ଯୋଗ";"پەقەت قوشۇش";"Faqat qo‘shish";"فقط جمع";"Tylko dodawanie";"Só somar";"ਸਿਰਫ਼ ਜੋੜ";"Doar adunări";"Только сложение";"Samo sabiranje";"එකතු කිරීම පමණයි";"Len sčítanie";"Samo seštevanje";"Solo sumas";"Kujumlisha tu";"கூட்டல் மட்டும்";"కూడిక మాత్రమే";"เฉพาะการบวก";"སྣོན་པ་ཁོ་ན";"Jen sčítání";"Sadece toplama";"صرف جمع";"Chỉ phép cộng";"Adio yn unig";"Толькі складанне";"Ukuhlanganisa kuphela";"Bara addition"
"topic.fractions";"";"A small button or pill in the menu. One line, no wrapping — the tightest spots in the app. Aim for 12 characters or fewer.";"Fractions";"Breuken";"Breuke";"Thyesa";"ክፍልፋዮች";"الكسور";"Կոտորակներ";"ভগ্নাংশ";"Kəsrlər";"Zatikiak";"ভগ্নাংশ";"အပိုင်းကိန်း";"Razlomci";"Дроби";"Fraccions";"分数";"Brøker";"Brüche";"Murrud";"Brot";"Murtoluvut";"Fractions";"Fraccións";"წილადები";"Κλάσματα";"અપૂર્ણાંક";"שברים";"भिन्न";"Törtek";"Codáin";"Brot";"Pecahan";"Frazioni";"分数";"ಭಿನ್ನರಾಶಿಗಳು";"Бөлшектер";"ប្រភាគ";"분수";"Razlomci";"ເສດສ່ວນ";"Daļas";"Trupmenos";"Дропки";"Pecahan";"ഭിന്നങ്ങൾ";"अपूर्णांक";"Бутархай";"भिन्न";"Brøk";"Дроби";"ଭଗ୍ନାଂଶ";"كەسىرلەر";"Kasrlar";"کسرها";"Ułamki";"Frações";"ਭਿੰਨਾਂ";"Fracții";"Дроби";"Razlomci";"භාග";"Zlomky";"Ulomki";"Fracciones";"Sehemu";"பின்னங்கள்";"భిన్నాలు";"เศษส่วน";"ཆ་ཤས";"Zlomky";"Kesirler";"کسر";"Phân số";"Ffracsiynau";"Дробы";"Amafrakshini";"Bråk"
"topic.fractions.detail";"";"The one-line explanation under a topic button. Aim for 28 characters or fewer.";"Division only";"Alleen delen";"Net deel";"Vetëm pjesëtim";"መካፈል ብቻ";"القسمة فقط";"Միայն բաժանում";"কেৱল ভাগ";"Yalnız bölmə";"Zatiketak bakarrik";"শুধু ভাগ";"စားတာပဲ";"Samo dijeljenje";"Само деление";"Només divisions";"只有除法";"Kun division";"Nur Division";"Ainult jagamine";"Bara deiling";"Vain jakolaskua";"Division seulement";"Só dividir";"მხოლოდ გაყოფა";"Μόνο διαίρεση";"ફક્ત ભાગાકાર";"רק חילוק";"सिर्फ भाग";"Csak osztás";"Roinnt amháin";"Aðeins deiling";"Hanya pembagian";"Solo divisioni";"わり算だけ";"ಭಾಗಿಸುವುದು ಮಾತ್ರ";"Тек бөлу";"ចែកតែប៉ុណ្ណោះ";"나눗셈만";"Samo dijeljenje";"ຫານເທົ່ານັ້ນ";"Tikai dalīšana";"Tik dalyba";"Само делење";"Bahagi sahaja";"ഹരണം മാത്രം";"फक्त भागाकार";"Зөвхөн хуваах";"भाग मात्र";"Bare divisjon";"Лише ділення";"କେବଳ ଭାଗ";"پەقەت بۆلۈش";"Faqat bo‘lish";"فقط تقسیم";"Tylko dzielenie";"Só dividir";"ਸਿਰਫ਼ ਭਾਗ";"Doar împărțiri";"Только деление";"Samo deljenje";"බෙදීම පමණයි";"Len delenie";"Samo deljenje";"Solo divisiones";"Kugawanya tu";"வகுத்தல் மட்டும்";"భాగహారం మాత్రమే";"เฉพาะการหาร";"བགོ་བ་ཁོ་ན";"Jen dělení";"Sadece bölme";"صرف تقسیم";"Chỉ phép chia";"Rhannu yn unig";"Толькі дзяленне";"Ukuhlukanisa kuphela";"Bara division"
"topic.mixed";"";"A small button or pill in the menu. One line, no wrapping — the tightest spots in the app. Aim for 12 characters or fewer.";"Supermix";"Supermix";"Supermengsel";"Supermix";"ሱፐርሚክስ";"مزيج خارق";"Սուպերմիքս";"ছুপাৰমিক্স";"Superqarışıq";"Supermix";"সুপারমিক্স";"အကုန်ရော";"Supermiks";"Супермикс";"Supermix";"超级混合";"Supermix";"Supermix";"Supermix";"Supermix";"Supermix";"Supermix";"Supermix";"სუპერმიქსი";"Σούπερ μιξ";"સુપરમિક્સ";"סופרמיקס";"सुपरमिक्स";"Szupermix";"Sár-mheascán";"Ofurblanda";"Supermix";"Supermix";"スーパーミックス";"ಸೂಪರ್‌ಮಿಕ್ಸ್";"Супераралас";"Supermix";"슈퍼믹스";"Supermiks";"ຊູເປີມິກ";"Supermix";"Supermišinys";"Супермикс";"Supermix";"സൂപ്പർമിക്സ്";"सुपरमिक्स";"Супермикс";"सुपरमिक्स";"Supermiks";"Супермікс";"ସୁପରମିକ୍ସ";"Supermix";"Supermix";"سوپرمیکس";"Supermix";"Supermix";"ਸੁਪਰਮਿਕਸ";"Supermix";"Супермикс";"Supermiks";"සුපර්මික්ස්";"Supermix";"Supermix";"Supermix";"Mchanganyiko";"சூப்பர் மிக்ஸ்";"సూపర్‌మిక్స్";"ซูเปอร์มิกซ์";"Supermix";"Supermix";"Süper miks";"سپر مکس";"Siêu trộn";"Cymysgedd";"Супермікс";"Ingxube";"Supermix"
"topic.mixed.detail";"";"The one-line explanation under a topic button. Aim for 28 characters or fewer.";"Mixed operations";"Gemengde sommen";"Gemengde bewerkings";"Veprime të përziera";"የተቀላቀሉ ስሌቶች";"عمليات مختلطة";"Խառը գործողություններ";"মিহলি অংক";"Qarışıq əməllər";"Eragiketa nahasiak";"মিশ্র অঙ্ক";"ပေါင်းနုတ်မြှောက်စား ရော";"Mješoviti zadaci";"Смесени действия";"Operacions barrejades";"混合运算";"Blandede regnestykker";"Gemischte Aufgaben";"Segatehted";"Blandaðar uppgávur";"Sekalaskuja";"Calculs mélangés";"Contas mesturadas";"შერეული მოქმედებები";"Μικτές πράξεις";"મિક્સ દાખલા";"פעולות מעורבות";"मिले-जुले सवाल";"Vegyes műveletek";"Oibríochtaí measctha";"Blandaðar aðgerðir";"Operasi campuran";"Operazioni miste";"いろんな計算";"ಮಿಶ್ರ ಲೆಕ್ಕಗಳು";"Аралас амалдар";"លំហាត់ចម្រុះ";"섞인 연산";"Miješane operacije";"ໂຈດປົນກັນ";"Jaukti uzdevumi";"Mišrūs veiksmai";"Мешани задачи";"Operasi bercampur";"കലർന്ന കണക്കുകൾ";"मिश्र गणिते";"Холимог үйлдэл";"मिश्रित हिसाब";"Blandede regnearter";"Різні дії";"ମିଶ୍ରିତ ସମ";"ئارىلاش ئەمەللەر";"Aralash amallar";"عملیات ترکیبی";"Różne działania";"Contas misturadas";"ਮਿਲੇ-ਜੁਲੇ ਹਿਸਾਬ";"Operații mixte";"Разные действия";"Mešane računske radnje";"මිශ්‍ර ගණන්";"Zmiešané príklady";"Mešani računi";"Operaciones mixtas";"Hesabu mchanganyiko";"கலந்த கணக்குகள்";"కలగలిపిన లెక్కలు";"โจทย์แบบผสม";"རྩིས་མཉམ་བསྲེས";"Mix příkladů";"Karışık işlemler";"ملے جلے سوال";"Nhiều phép tính";"Symiau cymysg";"Розныя дзеянні";"Izibalo ezixubile";"Blandade räknesätt"
"topic.percentages";"";"A small button or pill in the menu. One line, no wrapping — the tightest spots in the app. Aim for 15 characters or fewer.";"Percentages";"Procenten";"Persentasies";"Përqindje";"መቶኛ";"النسب المئوية";"Տոկոսներ";"শতাংশ";"Faizlər";"Ehunekoak";"শতাংশ";"ရာခိုင်နှုန်း";"Procenti";"Проценти";"Percentatges";"百分数";"Procenter";"Prozente";"Protsendid";"Prosent";"Prosentit";"Pourcentages";"Porcentaxes";"პროცენტები";"Ποσοστά";"ટકા";"אחוזים";"प्रतिशत";"Százalékok";"Céatadáin";"Prósentur";"Persentase";"Percentuali";"パーセント";"ಶೇಕಡಾ";"Пайыздар";"ភាគរយ";"백분율";"Postoci";"ເປີເຊັນ";"Procenti";"Procentai";"Проценти";"Peratus";"ശതമാനം";"टक्केवारी";"Хувь";"प्रतिशत";"Prosent";"Відсотки";"ଶତକଡ଼ା";"پىرسەنت";"Foizlar";"درصدها";"Procenty";"Percentagens";"ਪ੍ਰਤੀਸ਼ਤ";"Procente";"Проценты";"Procenti";"ප්‍රතිශත";"Percentá";"Odstotki";"Porcentajes";"Asilimia";"சதவீதங்கள்";"శాతాలు";"เปอร์เซ็นต์";"བརྒྱ་ཆ";"Procenta";"Yüzdeler";"فیصد";"Phần trăm";"Canrannau";"Працэнты";"Amaphesenti";"Procent"
"topic.percentages.detail";"";"The one-line explanation under a topic button. Aim for 28 characters or fewer.";"Percentages only";"Alleen percentages";"Net persentasies";"Vetëm përqindje";"መቶኛ ብቻ";"النسب المئوية فقط";"Միայն տոկոսներ";"কেৱল শতাংশ";"Yalnız faizlər";"Ehunekoak bakarrik";"শুধু শতাংশ";"ရာခိုင်နှုန်းပဲ";"Samo procenti";"Само проценти";"Només percentatges";"只有百分数";"Kun procenter";"Nur Prozente";"Ainult protsendid";"Bara prosent";"Vain prosentteja";"Pourcentages seulement";"Só porcentaxes";"მხოლოდ პროცენტები";"Μόνο ποσοστά";"ફક્ત ટકા";"רק אחוזים";"सिर्फ प्रतिशत";"Csak százalékok";"Céatadáin amháin";"Aðeins prósentur";"Hanya persentase";"Solo percentuali";"パーセントだけ";"ಶೇಕಡಾ ಮಾತ್ರ";"Тек пайыздар";"ភាគរយតែប៉ុណ្ណោះ";"백분율만";"Samo postoci";"ເປີເຊັນເທົ່ານັ້ນ";"Tikai procenti";"Tik procentai";"Само проценти";"Peratus sahaja";"ശതമാനം മാത്രം";"फक्त टक्केवारी";"Зөвхөн хувь";"प्रतिशत मात्र";"Bare prosent";"Лише відсотки";"କେବଳ ଶତକଡ଼ା";"پەقەت پىرسەنت";"Faqat foizlar";"فقط درصد";"Tylko procenty";"Só percentagens";"ਸਿਰਫ਼ ਪ੍ਰਤੀਸ਼ਤ";"Doar procente";"Только проценты";"Samo procenti";"ප්‍රතිශත පමණයි";"Len percentá";"Samo odstotki";"Solo porcentajes";"Asilimia tu";"சதவீதம் மட்டும்";"శాతాలు మాత్రమే";"เฉพาะเปอร์เซ็นต์";"བརྒྱ་ཆ་ཁོ་ན";"Jen procenta";"Sadece yüzdeler";"صرف فیصد";"Chỉ phần trăm";"Canrannau yn unig";"Толькі працэнты";"Amaphesenti kuphela";"Bara procent"
"topic.subtraction";"";"A small button or pill in the menu. One line, no wrapping — the tightest spots in the app. Aim for 15 characters or fewer.";"Subtraction";"Aftrekken";"Aftrek";"Zbritje";"መቀነስ";"الطرح";"Հանում";"বিয়োগ";"Çıxma";"Kenketa";"বিয়োগ";"နုတ်ခြင်း";"Oduzimanje";"Изваждане";"Resta";"减法";"Minus";"Subtraktion";"Lahutamine";"Minus";"Vähennyslasku";"Soustraction";"Restar";"გამოკლება";"Αφαίρεση";"બાદબાકી";"חיסור";"घटाव";"Kivonás";"Dealú";"Frádráttur";"Pengurangan";"Sottrazione";"ひき算";"ಕಳೆಯುವುದು";"Азайту";"ដក";"뺄셈";"Oduzimanje";"ລົບ";"Atņemšana";"Atimtis";"Одземање";"Tolak";"കുറയ്ക്കൽ";"वजाबाकी";"Хасах";"घटाउ";"Subtraksjon";"Віднімання";"ବିୟୋଗ";"ئېلىش";"Ayirish";"تفریق";"Odejmowanie";"Subtrair";"ਘਟਾਓ";"Scăderi";"Вычитание";"Oduzimanje";"අඩු කිරීම";"Odčítanie";"Odštevanje";"Restas";"Kutoa";"கழித்தல்";"తీసివేత";"การลบ";"འཐེན་པ";"Odčítání";"Çıkarma";"تفریق";"Phép trừ";"Tynnu";"Адніманне";"Ukususa";"Subtraktion"
"topic.subtraction.detail";"";"The one-line explanation under a topic button. Aim for 28 characters or fewer.";"Subtraction only";"Alleen aftrekken";"Net aftrek";"Vetëm zbritje";"መቀነስ ብቻ";"الطرح فقط";"Միայն հանում";"কেৱল বিয়োগ";"Yalnız çıxma";"Kenketak bakarrik";"শুধু বিয়োগ";"နုတ်တာပဲ";"Samo oduzimanje";"Само изваждане";"Només restes";"只有减法";"Kun minus";"Nur Subtraktion";"Ainult lahutamine";"Bara minus";"Vain vähennyslaskua";"Soustraction seulement";"Só restar";"მხოლოდ გამოკლება";"Μόνο αφαίρεση";"ફક્ત બાદબાકી";"רק חיסור";"सिर्फ घटाव";"Csak kivonás";"Dealú amháin";"Aðeins frádráttur";"Hanya pengurangan";"Solo sottrazioni";"ひき算だけ";"ಕಳೆಯುವುದು ಮಾತ್ರ";"Тек азайту";"ដកតែប៉ុណ្ណោះ";"뺄셈만";"Samo oduzimanje";"ລົບເທົ່ານັ້ນ";"Tikai atņemšana";"Tik atimtis";"Само одземање";"Tolak sahaja";"കുറയ്ക്കൽ മാത്രം";"फक्त वजाबाकी";"Зөвхөн хасах";"घटाउ मात्र";"Bare subtraksjon";"Лише віднімання";"କେବଳ ବିୟୋଗ";"پەقەت ئېلىش";"Faqat ayirish";"فقط تفریق";"Tylko odejmowanie";"Só subtrair";"ਸਿਰਫ਼ ਘਟਾਓ";"Doar scăderi";"Только вычитание";"Samo oduzimanje";"අඩු කිරීම පමණයි";"Len odčítanie";"Samo odštevanje";"Solo restas";"Kutoa tu";"கழித்தல் மட்டும்";"తీసివేత మాత్రమే";"เฉพาะการลบ";"འཐེན་པ་ཁོ་ན";"Jen odčítání";"Sadece çıkarma";"صرف تفریق";"Chỉ phép trừ";"Tynnu yn unig";"Толькі адніманне";"Ukususa kuphela";"Bara subtraktion"
"topic.tables";"";"A small button or pill in the menu. One line, no wrapping — the tightest spots in the app. Aim for 12 characters or fewer.";"Tables";"Tafels";"Tafels";"Tabelat";"ማባዣ ሰንጠረዦች";"الجداول";"Աղյուսակներ";"নামতা";"Vurma";"Taulak";"নামতা";"အမြှောက်ဇယား";"Tablice";"Таблици";"Taules";"乘法表";"Tabeller";"Malreihen";"Korrutustabel";"Tabellir";"Kertotaulut";"Tables";"Táboas";"ტაბულები";"Προπαίδεια";"પાડા";"כפל";"पहाड़े";"Szorzótábla";"Táblaí";"Töflur";"Perkalian";"Tabelline";"九九";"ಪಾಠಗಳು";"Кестелер";"តារាងគុណ";"구구단";"Tablice";"ສູດຄູນ";"Reizrēķins";"Daugyba";"Таблички";"Sifir";"ഗുണനപ്പട്ടിക";"पाढे";"Хүрд";"पहाडा";"Ganging";"Множення";"ନାମତା";"جەدۋەل";"Karralar";"جدول ضرب";"Tabliczki";"Tabuadas";"ਪਹਾੜੇ";"Table";"Таблицы";"Tablice";"ගුණන වගු";"Násobilka";"Poštevanka";"Tablas";"Jedwali";"வாய்ப்பாடுகள்";"పట్టికలు";"สูตรคูณ";"སྒྱུར་རེའུ";"Násobení";"Çarpım";"پہاڑے";"Bảng nhân";"Tablau";"Табліцы";"Amathebula";"Tabeller"
"topic.tables.detail";"";"The one-line explanation under a topic button. Aim for 30 characters or fewer.";"Multiplication only";"Alleen vermenigvuldigen";"Net vermenigvuldig";"Vetëm shumëzim";"ማባዛት ብቻ";"الضرب فقط";"Միայն բազմապատկում";"কেৱল পূৰণ";"Yalnız vurma";"Biderketak bakarrik";"শুধু গুণ";"မြှောက်တာပဲ";"Samo množenje";"Само умножение";"Només multiplicacions";"只有乘法";"Kun gange";"Nur Multiplikation";"Ainult korrutamine";"Bara falda við";"Vain kertolaskua";"Multiplication seulement";"Só multiplicar";"მხოლოდ გამრავლება";"Μόνο πολλαπλασιασμός";"ફક્ત ગુણાકાર";"רק כפל";"सिर्फ गुणा";"Csak szorzás";"Iolrú amháin";"Aðeins margföldun";"Hanya perkalian";"Solo moltiplicazioni";"かけ算だけ";"ಗುಣಿಸುವುದು ಮಾತ್ರ";"Тек көбейту";"គុណតែប៉ុណ្ណោះ";"곱셈만";"Samo množenje";"ຄູນເທົ່ານັ້ນ";"Tikai reizināšana";"Tik daugyba";"Само множење";"Darab sahaja";"ഗുണനം മാത്രം";"फक्त गुणाकार";"Зөвхөн үржүүлэх";"गुणा मात्र";"Bare multiplikasjon";"Лише множення";"କେବଳ ଗୁଣ";"پەقەت كۆپەيتىش";"Faqat ko‘paytirish";"فقط ضرب";"Tylko mnożenie";"Só multiplicar";"ਸਿਰਫ਼ ਗੁਣਾ";"Doar înmulțiri";"Только умножение";"Samo množenje";"ගුණ කිරීම පමණයි";"Len násobenie";"Samo množenje";"Solo multiplicaciones";"Kuzidisha tu";"பெருக்கல் மட்டும்";"గుణకారం మాత్రమే";"เฉพาะการคูณ";"སྒྱུར་བ་ཁོ་ན";"Jen násobení";"Sadece çarpma";"صرف ضرب";"Chỉ phép nhân";"Lluosi yn unig";"Толькі множанне";"Ukuphindaphinda kuphela";"Bara multiplikation"
"tutorial.notice.message";"";"A speech bubble during the guided first game, or the notice explaining why the tutorial cannot start. Aim for 158 characters or fewer.";"You are in the middle of a game. Finish it, or pick a level you have not started yet, to play the tutorial.";"Je zit midden in een spel. Maak het eerst af, of kies een level waar je nog niet in bezig bent, om de tutorial te spelen.";"Jy is reeds besig met 'n speletjie. Maak dit klaar, of kies 'n vlak wat jy nog nie begin het nie, om die tutoriaal te speel.";"Je në mes të një loje. Mbaroje ose zgjidh një nivel që s’e ke nisur, për të luajtur udhëzimin.";"ጨዋታ መሀል ነህ። መጀመሪያ ጨርሰው፣ ወይም ያልጀመርከውን ደረጃ ምረጥና መማሪያውን ተጫወት።";"أنت في منتصف لعبة. أنهِها أو اختر مستوى لم تبدأه بعد لتلعب التدريب.";"Դու խաղի մեջ ես։ Ավարտիր այն կամ ընտրիր չսկսած մակարդակ՝ ուսուցումը խաղալու համար։";"তুমি এতিয়া এটা খেলৰ মাজত আছা। প্ৰথমে শেষ কৰা, বা আৰম্ভ নকৰা লেভেল বাছি টিউটোৰিয়েল খেলা।";"Hazırda oyun oynayırsan. Əvvəl onu bitir və ya başlamadığın səviyyəni seç, sonra təlimi oyna.";"Joko baten erdian zaude. Amaitu, edo aukeratu hasi gabeko maila bat tutoriala egiteko.";"তুমি এখন একটি খেলার মাঝখানে আছ। আগে সেটি শেষ করো, অথবা টিউটোরিয়ালের জন্য শুরু না করা একটি লেভেল বেছে নাও।";"ဂိမ်းကစားနေတုန်းပါ။ အရင်ဆုံးပြီးအောင်ကစားပါ၊ ဒါမှမဟုတ် မစရသေးတဲ့ အဆင့်တစ်ခုရွေးပြီး သင်ခန်းစာကစားပါ။";"Već igraš. Završi igru ili izaberi nivo koji još nisi započeo/la da pokreneš uputstvo.";"Вече играеш. Завърши играта или избери ниво, което още не си започнал, за да пуснеш урока.";"Estàs enmig d’una partida. Acaba-la o tria un nivell que encara no hagis començat per jugar el tutorial.";"你正在游戏中。先完成它，或选择一个还没开始的关卡，再开始教程。";"Du er midt i et spil. Gør det færdigt, eller vælg et niveau, du ikke er startet på endnu, for at spille guiden.";"Du bist mitten im Spiel. Beende es oder wähle ein noch nicht gestartetes Level, um das Tutorial zu spielen.";"Sul on mäng pooleli. Lõpeta see või vali tase, mida sa pole veel alustanud, et õpetust mängida.";"Tú ert mitt í einum spæli. Ger tað liðugt, ella vel eitt stig, tú ikki ert farin undir, fyri at spæla vegleiðingina.";"Olet jo kesken pelin. Pelaa se loppuun tai valitse taso, jota et ole vielä aloittanut, jotta voit pelata opastuksen.";"Tu es en pleine partie. Termine-la ou choisis un niveau que tu n’as pas encore commencé pour lancer le tutoriel.";"Estás no medio dunha partida. Remátaa ou escolle un nivel que aínda non empezaches para facer o tutorial.";"შუა თამაშში ხარ. ჯერ დაასრულე, ან აირჩიე დონე, რომელიც ჯერ არ დაგიწყია, და გაკვეთილი ითამაშე.";"Παίζεις ήδη ένα παιχνίδι. Τελείωσέ το ή διάλεξε επίπεδο που δεν έχεις ξεκινήσει για να παίξεις τον οδηγό.";"તમે રમતની વચ્ચે છો. પહેલાં પૂરી કરો અથવા ન શરૂ કરેલું લેવલ પસંદ કરીને ટ્યુટોરિયલ રમો.";"אתם באמצע משחק. סיימו אותו, או בחרו שלב שעוד לא התחלתם, כדי לשחק בהדרכה.";"तुम खेल के बीच में हो। पहले इसे पूरा करो, या ऐसा लेवल चुनो जो अभी शुरू नहीं किया है, फिर ट्यूटोरियल खेलो।";"Már játékban vagy. Fejezd be, vagy válassz egy még el nem kezdett pályát az oktatóhoz.";"Tá tú i lár cluiche. Críochnaigh é, nó roghnaigh leibhéal nár thosaigh tú fós, chun an treoir a imirt.";"Þú ert í miðjum leik. Kláraðu hann eða veldu borð sem þú hefur ekki byrjað á til að spila kennsluna.";"Kamu sedang bermain. Selesaikan dulu, atau pilih level yang belum kamu mulai untuk mengikuti tutorial.";"Stai già giocando. Finisci la partita o scegli un livello non iniziato per fare il tutorial.";"ゲームの途中だよ。まず終わらせるか、まだ始めていないレベルをえらんで、チュートリアルを始めよう。";"ನೀನು ಈಗ ಆಟದ ಮಧ್ಯದಲ್ಲಿದ್ದೀಯ. ಮೊದಲು ಅದನ್ನು ಮುಗಿಸು, ಅಥವಾ ಇನ್ನೂ ಆರಂಭಿಸದ ಹಂತವನ್ನು ಆರಿಸಿ ಟ್ಯುಟೋರಿಯಲ್ ಆಡು.";"Ойынның ортасындасың. Алдымен аяқта немесе әлі бастамаған деңгейді таңдап, үйретуді ойна.";"អ្នកកំពុងលេងហ្គេម។ លេងឱ្យចប់ ឬជ្រើសលេវែលដែលមិនទាន់ចាប់ផ្តើម ដើម្បីលេងការណែនាំ។";"게임 중이에요. 먼저 끝내거나 아직 시작하지 않은 레벨을 골라 튜토리얼을 해 보세요.";"Usred si igre. Dovrši je ili odaberi razinu koju još nisi započeo pa pokreni upute.";"ເຈົ້າກຳລັງຫຼິ້ນຢູ່. ຫຼິ້ນໃຫ້ຈົບ ຫຼື ເລືອກດ່ານທີ່ຍັງບໍ່ໄດ້ເລີ່ມ ເພື່ອຫຼິ້ນບົດສອນ.";"Tu jau spēlē. Pabeidz spēli vai izvēlies līmeni, kuru vēl neesi sācis, lai spēlētu pamācību.";"Jau žaidi. Pabaik žaidimą arba pasirink dar nepradėtą lygį, kad galėtum žaisti pamokėlę.";"Веќе играш. Заврши ја играта или избери ниво што не си го почнал за да го пуштиш упатството.";"Kamu sedang bermain. Habiskan dulu, atau pilih tahap yang belum dimulakan untuk bermain tutorial.";"നീ ഇപ്പോൾ ഒരു കളിയുടെ നടുവിലാണ്. അത് തീർക്കൂ, അല്ലെങ്കിൽ തുടങ്ങാത്തൊരു ലെവൽ തിരഞ്ഞെടുത്ത് ട്യൂട്ടോറിയൽ കളിക്കൂ.";"तू खेळाच्या मध्ये आहेस. आधी तो पूर्ण कर, किंवा सुरू न केलेला स्तर निवडून ट्युटोरियल खेळ.";"Чи тоглож байна. Эхлээд дуусга, эсвэл эхлээгүй түвшин сонгоод зааврыг тоглоорой.";"तिमी खेलकै बीचमा छौ। पहिले सकाऊ, वा सुरु नगरेको लेभल छान, अनि ट्युटोरियल खेल।";"Du er midt i et spill. Fullfør det, eller velg et nivå du ikke har startet ennå, for å spille veiledningen.";"Ти вже граєш. Заверши гру або вибери рівень, який ще не починав, щоб пройти навчання.";"ତୁମେ ଏବେ ଏକ ଖେଳ ମଝିରେ ଅଛ। ପ୍ରଥମେ ସେଟା ସାର, କିମ୍ବା ଆରମ୍ଭ ନକରା ଲେଭେଲ୍ ବାଛି ଟ୍ୟୁଟୋରିଆଲ୍ ଖେଳ।";"سەن ھازىر ئويۇننىڭ ئوتتۇرىسىدا. ئالدى بىلەن تۈگەت ياكى باشلانمىغان دەرىجىنى تاللا، ئاندىن قوللانمىنى ئوينىغىن.";"Sen hozir o‘yin o‘ynayapsan. Avval uni tugat yoki boshlamagan bosqichni tanla, keyin o‘rgatishni boshlagin.";"وسط بازی هستی. اول تمامش کن یا مرحله‌ای را انتخاب کن که هنوز شروع نکرده‌ای تا آموزش را بازی کنی.";"Jesteś w trakcie gry. Dokończ ją albo wybierz jeszcze nierozpoczęty poziom, aby uruchomić samouczek.";"Estás a meio de um jogo. Acaba-o primeiro ou escolhe um nível que ainda não começaste para fazer o tutorial.";"ਤੁਸੀਂ ਇੱਕ ਖੇਡ ਦੇ ਵਿਚਕਾਰ ਹੋ। ਪਹਿਲਾਂ ਇਸਨੂੰ ਪੂਰਾ ਕਰੋ ਜਾਂ ਕੋਈ ਨਾ-ਸ਼ੁਰੂ ਕੀਤਾ ਲੈਵਲ ਚੁਣੋ, ਫਿਰ ਟਿਊਟੋਰਿਅਲ ਖੇਡੋ।";"Ești în mijlocul unui joc. Termină-l sau alege un nivel neînceput ca să joci tutorialul.";"Ты уже играешь. Закончи игру или выбери ещё не начатый уровень, чтобы пройти обучение.";"Usred si igre. Završi je ili izaberi nivo koji još nisi počeo da bi pokrenuo uputstvo.";"ඔයා දැනටමත් ක්‍රීඩාවක් අතරමැද. ඒක ඉවර කරන්න, නැත්නම් තවම පටන් නොගත් මට්ටමක් තෝරලා පුහුණුව කරන්න.";"Už hráš hru. Dokonči ju alebo vyber úroveň, ktorú si ešte nezačal, a spusti návod.";"Sredi igre si. Dokončaj jo ali izberi stopnjo, ki je še nisi začel, da lahko odigraš vadnico.";"Ya estás jugando una partida. Termínala o elige un nivel que aún no hayas empezado para hacer el tutorial.";"Uko katikati ya mchezo. Maliza, au chagua kiwango ambacho hujaanza, ili kucheza mafunzo.";"நீ ஏற்கனவே ஒரு விளையாட்டில் இருக்கிறாய். அதை முடி அல்லது தொடங்காத நிலையைத் தேர்ந்தெடுத்து பயிற்சியை விளையாடு.";"నువ్వు ఇప్పటికే ఆటలో ఉన్నావు. దాన్ని పూర్తి చేయి లేదా ఇంకా మొదలుపెట్టని లెవెల్ ఎంచుకుని ట్యుటోరియల్ ఆడు.";"กำลังเล่นอยู่ เล่นให้จบ หรือเลือกด่านที่ยังไม่ได้เริ่มเพื่อเล่นบทสอน";"ཁྱེད་ད་ལྟ་རྩེད་མོ་ཞིག་རྩེ་བཞིན་ཡོད། དེ་ཚར་བར་རྩེའམ། ཡང་ན་འགོ་མ་བཙུགས་པའི་རིམ་པ་ཞིག་བདམས་ནས་སློབ་ཁྲིད་རྩེས།";"Už hraješ. Hru dokonči nebo vyber úroveň, kterou jsi ještě nezačal, a spusť návod.";"Bir oyunun ortasındasın. Önce bitir ya da eğitim için henüz başlamadığın bir seviye seç.";"آپ ایک کھیل کے بیچ میں ہیں۔ اسے مکمل کریں، یا ایسا لیول چنیں جو ابھی شروع نہیں کیا، پھر ٹیوٹوریل کھیلیں۔";"Bạn đang chơi dở. Hãy chơi xong hoặc chọn một màn chưa bắt đầu để xem hướng dẫn.";"Rwyt ti yng nghanol gêm. Gorffen hi, neu ddewis lefel heb ei dechrau eto, i chwarae’r tiwtorial.";"Ты ўжо гуляеш. Скончы гульню або выберы яшчэ не пачаты ўзровень, каб прайсці навучанне.";"Usaphakathi komdlalo. Qeda wona, noma ukhethe izinga ongakaliqali, ukuze udlale ukufundiswa.";"Du är mitt i ett spel. Spela klart eller välj en nivå du inte har börjat på för att köra guiden."
"tutorial.notice.title";"";"A speech bubble during the guided first game, or the notice explaining why the tutorial cannot start. Aim for 110 characters or fewer.";"Only at the start of a game";"Alleen aan het begin van een spel";"Net aan die begin van 'n speletjie";"Vetëm në fillim të lojës";"በጨዋታ መጀመሪያ ብቻ";"فقط في بداية اللعبة";"Միայն խաղի սկզբում";"কেৱল খেলৰ আৰম্ভণিতে";"Yalnız oyunun əvvəlində";"Jokoaren hasieran bakarrik";"শুধু খেলার শুরুতে";"ဂိမ်းစချိန်မှာပဲ";"Samo na početku igre";"Само в началото на игра";"Només a l’inici d’una partida";"只能在游戏开始时";"Kun i starten af et spil";"Nur am Spielanfang";"Ainult mängu alguses";"Bara í byrjanini";"Vain pelin alussa";"Seulement au début d’une partie";"Só ao comezo da partida";"მხოლოდ თამაშის დასაწყისში";"Μόνο στην αρχή του παιχνιδιού";"ફક્ત રમતની શરૂઆતમાં";"רק בתחילת משחק";"सिर्फ खेल की शुरुआत में";"Csak a játék elején";"Ag tús cluiche amháin";"Aðeins í byrjun leiks";"Hanya di awal permainan";"Solo a inizio partita";"ゲームの最初だけ";"ಆಟದ ಆರಂಭದಲ್ಲಿ ಮಾತ್ರ";"Тек ойын басында";"បានតែនៅដើមហ្គេម";"게임 시작할 때만";"Samo na početku igre";"ໄດ້ສະເພາະຕອນເລີ່ມເກມ";"Tikai spēles sākumā";"Tik žaidimo pradžioje";"Само на почетокот";"Hanya pada awal permainan";"കളിയുടെ തുടക്കത്തിൽ മാത്രം";"फक्त खेळाच्या सुरुवातीला";"Зөвхөн тоглоомын эхэнд";"खेलको सुरुमा मात्र";"Bare ved starten av et spill";"Лише на початку гри";"କେବଳ ଖେଳ ଆରମ୍ଭରେ";"پەقەت ئويۇن بېشىدا";"Faqat o‘yin boshida";"فقط اول بازی";"Tylko na początku gry";"Só no início de um jogo";"ਸਿਰਫ਼ ਖੇਡ ਦੀ ਸ਼ੁਰੂਆਤ ਵਿੱਚ";"Doar la începutul jocului";"Только в начале игры";"Samo na početku igre";"ක්‍රීඩාව පටන් ගන්නකොට විතරයි";"Len na začiatku hry";"Samo na začetku igre";"Solo al empezar una partida";"Mwanzoni mwa mchezo tu";"விளையாட்டின் தொடக்கத்தில் மட்டும்";"ఆట మొదట్లో మాత్రమే";"ใช้ได้ตอนเริ่มเกมเท่านั้น";"རྩེད་མོ་འགོ་འཛུགས་སྐབས་ཁོ་ན";"Jen na začátku hry";"Sadece oyunun başında";"صرف کھیل کے آغاز میں";"Chỉ khi bắt đầu trò chơi";"Dim ond ar ddechrau gêm";"Толькі ў пачатку гульні";"Ekuqaleni komdlalo kuphela";"Bara i början av ett spel"
"tutorial.score";"";"A speech bubble during the guided first game, or the notice explaining why the tutorial cannot start. Aim for 110 characters or fewer.";"This is where you can see your score!";"Hier staat je score!";"Hier sien jy jou telling!";"Këtu e sheh rezultatin!";"ውጤትህን እዚህ ታያለህ!";"هنا ترى نقاطك!";"Այստեղ տեսնում ես քո միավորները!";"ইয়াত তোমাৰ স্ক’ৰ দেখা যায়!";"Xalını burada görürsən!";"Hemen ikus dezakezu puntuazioa!";"এখানে তোমার স্কোর দেখা যাবে!";"ဒီမှာ ကိုယ့်အမှတ်ကို မြင်ရတယ်!";"Ovdje vidiš svoje bodove!";"Тук виждаш точките си!";"Aquí pots veure la puntuació!";"这里能看到你的分数！";"Her kan du se din score!";"Hier siehst du deine Punkte!";"Siin näed oma punkte!";"Her sært tú stigini!";"Tässä näet pisteesi!";"Ton score est ici !";"Aquí ves a túa puntuación!";"აქ ხედავ შენს ქულებს!";"Εδώ βλέπεις το σκορ σου!";"અહીં તમારો સ્કોર દેખાય છે!";"כאן רואים את הניקוד!";"यहाँ तुम्हारा स्कोर दिखता है!";"Itt látod a pontszámod!";"Seo é do scór!";"Hér sérðu stigin þín!";"Nilaimu ada di sini!";"Qui vedi il tuo punteggio!";"ここでスコアが見られるよ！";"ಇಲ್ಲಿ ನಿನ್ನ ಸ್ಕೋರ್ ಕಾಣುತ್ತದೆ!";"Ұпайың осында!";"ពិន្ទុរបស់អ្នកនៅទីនេះ!";"여기서 점수를 볼 수 있어요!";"Ovdje vidiš svoj rezultat!";"ຄະແນນຂອງເຈົ້າຢູ່ບ່ອນນີ້!";"Te redzams tavs rezultāts!";"Čia matai savo taškus!";"Тука ги гледаш поените!";"Di sini kamu boleh lihat skor!";"ഇവിടെ നിന്റെ സ്കോർ കാണാം!";"इथे तुझे गुण दिसतात!";"Энд чиний оноо харагдана!";"यहाँ तिम्रो अंक देखिन्छ!";"Her ser du poengsummen din!";"Тут видно твій рахунок!";"ଏଠି ତୁମ ସ୍କୋର ଦେଖିପାରିବ!";"نومۇرۇڭ مۇشۇ يەردە!";"Ballaring shu yerda!";"امتیازت را اینجا می‌بینی!";"Tutaj widzisz swój wynik!";"Aqui vês a tua pontuação!";"ਇੱਥੇ ਤੁਹਾਡੇ ਅੰਕ ਦਿਖਦੇ ਹਨ!";"Aici vezi scorul!";"Здесь твои очки!";"Ovde vidiš svoj rezultat!";"මෙන්න ඔයාගේ ලකුණු!";"Tu vidíš svoje skóre!";"Tukaj vidiš svoj rezultat!";"¡Aquí puedes ver tu puntuación!";"Hapa ndipo unaona alama zako!";"உன் புள்ளிகள் இங்கே!";"నీ స్కోర్ ఇక్కడ కనిపిస్తుంది!";"คะแนนของคุณอยู่ตรงนี้!";"ཁྱེད་ཀྱི་སྐར་གྲངས་འདིར་མཐོང་ཐུབ!";"Tady vidíš své skóre!";"Puanını burada görebilirsin!";"یہاں آپ اپنا اسکور دیکھ سکتے ہیں!";"Điểm của bạn ở đây!";"Dyma lle mae dy sgôr!";"Тут бачыш свае балы!";"Lapha ubona amaphuzu akho!";"Här ser du dina poäng!"
"tutorial.step1";"";"A speech bubble during the guided first game, or the notice explaining why the tutorial cannot start. Aim for 133 characters or fewer.";"In the top-right corner, you can see the sum you need to solve. Click the fly with the correct answer!";"Rechts bovenin zie je de som die je moet oplossen. Klik op de vlieg met het juiste antwoord!";"Regs bo sien jy die som wat jy moet oplos. Tik op die vlieg met die regte antwoord!";"Lart djathtas sheh ushtrimin që duhet të zgjidhësh. Kliko mizën me përgjigjen e saktë!";"ከላይ በቀኝ የምትፈታውን ስሌት ታያለህ። ትክክለኛው መልስ ያለበትን ዝንብ ንካ!";"في أعلى اليمين ترى المسألة. اضغط الذبابة ذات الإجابة الصحيحة!";"Վերևի աջ անկյունում տեսնում ես լուծելիք օրինակը։ Սեղմիր ճիշտ պատասխանով ճանճին!";"ওপৰৰ সোঁফালে সমাধান কৰিবলগীয়া অংকটো আছে। সঠিক উত্তৰ থকা মাখিটোত টিপা!";"Yuxarı sağda həll etməli olduğun misal var. Düzgün cavablı milçəyə toxun!";"Goiko eskuinean ebatzi beharreko eragiketa dago. Sakatu erantzun zuzena duen eulia!";"উপরে ডানদিকে যে অঙ্কটি সমাধান করতে হবে, সেটি দেখবে। সঠিক উত্তরের মাছিটিতে চাপ দাও!";"ညာဘက်အပေါ်ထောင့်မှာ ဖြေဖို့ ပုစ္ဆာကို မြင်ရတယ်။ အဖြေမှန်ပါတဲ့ ယင်ကောင်ကို နှိပ်ပါ!";"Gore desno vidiš zadatak. Klikni muhu s tačnim odgovorom!";"Горе вдясно виждаш задачата. Натисни мухата с верния отговор!";"A dalt a la dreta veus la suma que has de resoldre. Toca la mosca amb la resposta correcta!";"右上角是要解的算式。点击答案正确的苍蝇！";"Øverst til højre kan du se regnestykket. Tryk på fluen med det rigtige svar!";"Oben rechts siehst du die Aufgabe. Klicke auf die Fliege mit der richtigen Antwort!";"Üleval paremal näed tehet, mille pead lahendama. Vajuta õige vastusega kärbsele!";"Ovast til høgru sært tú uppgávuna. Trýst á fluguna við rætta svarinum!";"Oikeassa yläkulmassa näet ratkaistavan laskun. Napauta kärpästä, jossa on oikea vastaus!";"En haut à droite, tu vois le calcul à résoudre. Touche la mouche avec la bonne réponse !";"Arriba á dereita ves a conta que debes resolver. Toca a mosca coa resposta correcta!";"ზედა მარჯვენა კუთხეში ხედავ მაგალითს. დააჭირე ბუზს სწორი პასუხით!";"Πάνω δεξιά βλέπεις την άσκηση. Πάτησε τη μύγα με τη σωστή απάντηση!";"ઉપર જમણે ઉકેલવાનો દાખલો છે. સાચા જવાબવાળી માખી પર ટૅપ કરો!";"בפינה הימנית העליונה רואים את התרגיל שצריך לפתור. לחצו על הזבוב עם התשובה הנכונה!";"ऊपर दाईं ओर वह सवाल है जिसे हल करना है। सही जवाब वाली मक्खी पर टैप करो!";"Jobb felül látod a megoldandó feladatot. Kattints a helyes válaszú légyre!";"Ar dheis ag an mbarr feiceann tú an tsuim atá le réiteach. Cliceáil an chuileog leis an bhfreagra ceart!";"Efst til hægri sérðu dæmið sem þú átt að leysa. Ýttu á fluguna með rétta svarið!";"Di kanan atas ada soal yang harus kamu jawab. Ketuk lalat dengan jawaban yang benar!";"In alto a destra vedi il calcolo da risolvere. Tocca la mosca con la risposta giusta!";"右上にとく問題が出るよ。正しい答えのハエをタップしてね！";"ಮೇಲಿನ ಬಲ ಮೂಲೆಯಲ್ಲಿ ಬಿಡಿಸಬೇಕಾದ ಲೆಕ್ಕ ಇದೆ. ಸರಿಯಾದ ಉತ್ತರದ ನೊಣವನ್ನು ಒತ್ತು!";"Оң жақ жоғарыда шығаратын есеп тұр. Дұрыс жауабы бар шыбынды бас!";"មើលលំហាត់នៅជ្រុងខាងស្ដាំលើ។ ចុចរុយដែលមានចម្លើយត្រឹមត្រូវ!";"오른쪽 위에 풀 문제가 보여요. 정답이 있는 파리를 눌러 보세요!";"Gore desno vidiš zadatak. Klikni muhu s točnim odgovorom!";"ເບິ່ງໂຈດຢູ່ມຸມຂວາເທິງ. ກົດແມງວັນທີ່ມີຄຳຕອບຖືກ!";"Augšējā labajā stūrī redzi uzdevumu. Spied uz mušas ar pareizo atbildi!";"Viršuje dešinėje matai uždavinį. Spustelėk musę su teisingu atsakymu!";"Горе десно е задачата. Кликни на мувата со точниот одговор!";"Di penjuru kanan atas, ada soalan yang perlu dijawab. Tekan lalat dengan jawapan yang betul!";"മുകളിൽ വലതുവശത്ത് തീർക്കേണ്ട കണക്ക് കാണാം. ശരിയുത്തരമുള്ള ഈച്ചയിൽ ടാപ്പ് ചെയ്യൂ!";"वर उजवीकडे सोडवायचे गणित दिसेल. योग्य उत्तर असलेल्या माशीवर टॅप कर!";"Баруун дээд талд бодлого байна. Зөв хариутай ялааг дар!";"माथि दायाँतिर हल गर्नुपर्ने हिसाब छ। सही उत्तर भएको झिँगामा थिच!";"Øverst til høyre ser du oppgaven du skal løse. Trykk på fluen med riktig svar!";"Угорі праворуч бачиш приклад. Натисни на мушку з правильною відповіддю!";"ଉପର ଡାହାଣ ପଟେ ସମଟି ଦେଖ। ଠିକ୍ ଉତ୍ତର ଥିବା ମାଛିକୁ ଟ୍ୟାପ୍ କର!";"ئوڭ ئۈستىدە ھەل قىلىدىغان مىسال بار. توغرا جاۋابلىق چىۋىننى باس!";"O‘ng yuqorida yechadigan misoling bor. To‘g‘ri javobli pashshani bos!";"بالا سمت راست، تمرینی را می‌بینی که باید حل کنی. روی مگسِ جواب درست بزن!";"W prawym górnym rogu widzisz działanie do rozwiązania. Kliknij muchę z poprawną odpowiedzią!";"No canto superior direito, vês a conta que tens de resolver. Toca na mosca com a resposta certa!";"ਉੱਪਰ ਸੱਜੇ ਪਾਸੇ ਹੱਲ ਕਰਨ ਵਾਲਾ ਸਵਾਲ ਹੈ। ਸਹੀ ਜਵਾਬ ਵਾਲੀ ਮੱਖੀ 'ਤੇ ਟੈਪ ਕਰੋ!";"Sus, în dreapta, vezi exercițiul. Apasă musca cu răspunsul corect!";"Справа вверху пример. Нажми на муху с правильным ответом!";"Gore desno vidiš zadatak koji treba da rešiš. Dodirni muvu sa tačnim odgovorom!";"දකුණු උඩ තියෙන්නේ විසඳන්න ඕන ගණන. හරි පිළිතුර තියෙන මැස්සා ඔබන්න!";"Vpravo hore vidíš príklad. Klikni na muchu so správnou odpoveďou!";"Zgoraj desno vidiš račun. Klikni muho s pravilnim odgovorom!";"Arriba a la derecha ves la operación que debes resolver. ¡Pulsa la mosca con la respuesta correcta!";"Juu kulia utaona hesabu ya kutatua. Bofya nzi mwenye jibu sahihi!";"மேல் வலப்பக்கத்தில் தீர்க்க வேண்டிய கணக்கு உள்ளது. சரியான பதில் உள்ள ஈயைத் தட்டு!";"కుడి పై మూలలో పరిష్కరించాల్సిన లెక్క ఉంటుంది. సరైన సమాధానం ఉన్న ఈగపై నొక్కు!";"มุมขวาบนคือโจทย์ที่ต้องแก้ แตะแมลงวันที่มีคำตอบถูก!";"གཡས་སྟེང་དུ་སྒྲུབ་དགོས་པའི་རྩིས་མཐོང་ཐུབ། ལན་འགྲིག་པའི་སྦྲང་མ་ལ་གནོན!";"Vpravo nahoře vidíš příklad. Klikni na mouchu se správnou odpovědí!";"Sağ üstte çözmen gereken işlemi görürsün. Doğru cevabın olduğu sineğe dokun!";"اوپر دائیں طرف وہ سوال ہے جو حل کرنا ہے۔ صحیح جواب والی مکھی پر ٹیپ کریں!";"Góc trên bên phải có phép tính cần giải. Hãy bấm vào con ruồi có đáp án đúng!";"Yn y gornel dde uchaf mae’r swm i’w ddatrys. Clicia’r pryfyn â’r ateb cywir!";"Справа ўверсе — прыклад. Націсні на муху з правільным адказам!";"Phezulu kwesokudla ubona isibalo okufanele usixazulule. Chofoza impukane enempendulo efanele!";"Uppe till höger ser du talet du ska lösa. Tryck på flugan med rätt svar!"
"tutorial.step2";"";"A speech bubble during the guided first game, or the notice explaining why the tutorial cannot start. Aim for 125 characters or fewer.";"Yes, that was correct! Now see what happens when you click the wrong fly.";"Yes, dat was een goed antwoord! Kijk nu maar wat er gebeurt als je op een verkeerde vlieg klikt.";"Ja, dit was reg! Kyk nou wat gebeur as jy op die verkeerde vlieg tik.";"Po, ishte e saktë! Tani shiko çfarë ndodh kur klikon mizën e gabuar.";"አዎ፣ ትክክል ነበር! አሁን የተሳሳተውን ዝንብ ስትነካ ምን እንደሚሆን ተመልከት።";"نعم، صحيح! الآن انظر ماذا يحدث إذا ضغطت الذبابة الخطأ.";"Այո՛, ճիշտ էր։ Հիմա տես՝ ինչ է լինում, երբ սեղմում ես սխալ ճանճին։";"হয়, ঠিক হৈছিল! এতিয়া ভুল মাখিটোত টিপিলে কি হয় চোৱা।";"Bəli, düz idi! İndi səhv milçəyə toxunanda nə baş verdiyinə bax.";"Bai, zuzena! Orain ikusi zer gertatzen den euli okerra sakatzen baduzu.";"হ্যাঁ, ঠিক হয়েছে! এবার ভুল মাছিতে চাপ দিলে কী হয় দেখো।";"ဟုတ်တယ်၊ မှန်တယ်! အခု ယင်ကောင်အမှားကို နှိပ်ရင် ဘာဖြစ်မလဲ ကြည့်ပါ။";"Da, tačno! Sada vidi šta se desi kad klikneš pogrešnu muhu.";"Да, вярно! Сега виж какво става, ако натиснеш грешната муха.";"Sí, correcte! Ara mira què passa si toques la mosca equivocada.";"对，答对了！现在点一下错误的苍蝇，看看会发生什么。";"Ja, det var rigtigt! Se nu, hvad der sker, når du trykker på den forkerte flue.";"Ja, das war richtig! Schau jetzt, was passiert, wenn du auf die falsche Fliege klickst.";"Jah, õige vastus! Nüüd vaata, mis juhtub, kui vajutad valele kärbsele.";"Ja, tað var rætt! Hygg nú, hvat hendir, tá tú trýstir á skeiva flugu.";"Kyllä, oikein! Katso nyt, mitä tapahtuu, kun napautat väärää kärpästä.";"Oui, c’était juste ! Maintenant, regarde ce qui se passe si tu touches la mauvaise mouche.";"Si, correcto! Agora mira que pasa se tocas a mosca equivocada.";"დიახ, სწორია! ახლა ნახე, რა მოხდება, თუ არასწორ ბუზს დააჭერ.";"Ναι, σωστά! Τώρα δες τι γίνεται αν πατήσεις λάθος μύγα.";"હા, સાચો જવાબ! હવે ખોટી માખી પર ટૅપ કરો અને જુઓ શું થાય છે.";"נכון, זאת הייתה תשובה טובה! עכשיו נראה מה קורה כשלוחצים על הזבוב הלא נכון.";"हाँ, सही था! अब देखो, गलत मक्खी पर टैप करने से क्या होता है।";"Igen, ez helyes volt! Most nézd meg, mi történik, ha rossz légyre kattintasz.";"Sea, bhí sé sin ceart! Féach anois cad a tharlaíonn nuair a chliceálann tú an chuileog mhícheart.";"Já, það var rétt! Sjáðu nú hvað gerist þegar þú ýtir á ranga flugu.";"Ya, benar! Sekarang lihat apa yang terjadi jika kamu mengetuk lalat yang salah.";"Sì, giusto! Ora guarda cosa succede se tocchi la mosca sbagliata.";"そう、正解！今度はまちがったハエをタップするとどうなるか見てみよう。";"ಹೌದು, ಸರಿಯಾಗಿದೆ! ಈಗ ತಪ್ಪು ನೊಣವನ್ನು ಒತ್ತಿದರೆ ಏನಾಗುತ್ತದೆ ನೋಡಿ.";"Иә, дұрыс! Енді қате шыбынды басқанда не болатынын көр.";"ត្រូវហើយ! ឥឡូវសាកចុចរុយដែលមានចម្លើយខុស។";"맞았어요! 이제 틀린 파리를 누르면 어떻게 되는지 볼까요?";"Da, točno! Sad pogledaj što se dogodi kad klikneš pogrešnu muhu.";"ແມ່ນແລ້ວ, ຖືກແລ້ວ! ຕອນນີ້ລອງກົດແມງວັນທີ່ຜິດເບິ່ງ.";"Jā, pareizi! Tagad paskaties, kas notiek, ja nospied nepareizo mušu.";"Taip, teisingai! Dabar pažiūrėk, kas nutiks spustelėjus neteisingą musę.";"Да, точно! Сега види што ќе се случи ако кликнеш на погрешна мува.";"Ya, betul! Sekarang lihat apa jadi apabila kamu tekan lalat yang salah.";"അതെ, ശരി! ഇനി തെറ്റായ ഈച്ചയിൽ ടാപ്പ് ചെയ്താൽ എന്താകും എന്ന് നോക്കൂ.";"हो, बरोबर! आता चुकीच्या माशीवर टॅप केल्यावर काय होते ते बघ.";"Тийм ээ, зөв! Одоо буруу ялааг дарвал юу болохыг хараарай.";"हो, त्यो सही थियो! अब गलत झिँगामा थिच्दा के हुन्छ हेर।";"Ja, det var riktig! Se nå hva som skjer når du trykker på feil flue.";"Так, правильно! А тепер подивись, що буде, якщо натиснути не ту мушку.";"ହଁ, ଠିକ୍ ଥିଲା! ଏବେ ଭୁଲ ମାଛିକୁ ଟ୍ୟାପ୍ କଲେ କଣ ହୁଏ ଦେଖ।";"ھەئە، توغرا! ئەمدى خاتا چىۋىننى باسساڭ نېمە بولىدىغانلىقىنى كۆر.";"Ha, to‘g‘ri! Endi noto‘g‘ri pashshani bossang nima bo‘lishini ko‘r.";"آفرین، درست بود! حالا ببین اگر روی مگس اشتباه بزنی چه می‌شود.";"Tak, dobrze! Teraz zobacz, co się stanie, gdy klikniesz złą muchę.";"Sim, acertaste! Agora vê o que acontece quando tocas na mosca errada.";"ਹਾਂ, ਬਿਲਕੁਲ ਸਹੀ! ਹੁਣ ਗਲਤ ਮੱਖੀ 'ਤੇ ਟੈਪ ਕਰਕੇ ਵੇਖੋ ਕੀ ਹੁੰਦਾ ਹੈ।";"Da, corect! Acum vezi ce se întâmplă când apeși musca greșită.";"Да, правильно! Теперь нажми на муху с неправильным ответом и посмотри, что будет.";"Da, tačno! Sada vidi šta se desi kada dodirneš pogrešnu muvu.";"ඔව්, ඒක හරි! දැන් වැරදි මැස්සෙක් ඔබලා මොකද වෙන්නේ බලන්න.";"Áno, správne! Teraz skús kliknúť na nesprávnu muchu a uvidíš, čo sa stane.";"Da, pravilno! Zdaj poglej, kaj se zgodi, če klikneš napačno muho.";"¡Sí, era correcto! Ahora mira qué pasa si pulsas la mosca equivocada.";"Ndiyo, hilo lilikuwa sahihi! Sasa angalia kinachotokea ukibofya nzi asiye sahihi.";"ஆம், சரி! இப்போது தவறான ஈயைத் தட்டினால் என்ன நடக்கும் என்று பார்.";"అవును, అది కరెక్ట్! ఇప్పుడు తప్పు ఈగపై నొక్కితే ఏమవుతుందో చూడు.";"ใช่ ถูกแล้ว! ทีนี้ลองแตะแมลงวันที่ตอบผิดดู";"འགྲིག་སོང! ད་ལན་ནོར་བའི་སྦྲང་མ་ལ་གནོན་ན་ག་རེ་འབྱུང་མིན་ལྟོས།";"Ano, správně! Teď zkus kliknout na špatnou mouchu.";"Evet, doğruydu! Şimdi yanlış sineğe dokununca ne olduğuna bak.";"ہاں، یہ صحیح تھا! اب دیکھیں غلط مکھی پر ٹیپ کرنے سے کیا ہوتا ہے۔";"Đúng rồi! Giờ hãy xem điều gì xảy ra khi bạn bấm nhầm con ruồi.";"Ie, roedd hynny’n gywir! Nawr gwêl beth sy’n digwydd wrth glicio’r pryfyn anghywir.";"Так, правільна! Цяпер паглядзі, што будзе, калі націснуць не на тую муху.";"Yebo, kulungile! Manje bona ukuthi kwenzekani uma uchofoza impukane engalungile.";"Ja, rätt svar! Se nu vad som händer när du trycker på fel fluga."
"tutorial.step3";"";"A speech bubble during the guided first game, or the notice explaining why the tutorial cannot start. Aim for 110 characters or fewer.";"Get five correct answers in a row to earn a bonus!";"Geef vijf goede antwoorden achter elkaar voor een bonus!";"Kry vyf antwoorde agtermekaar reg vir 'n bonus!";"Jep pesë përgjigje të sakta radhazi për bonus!";"ጉርሻ ለማግኘት አምስት ትክክለኛ መልሶችን በተከታታይ ስጥ!";"أجب خمس مرات صحيحة متتالية لتحصل على مكافأة!";"Հինգ ճիշտ պատասխան անընդմեջ՝ բոնուսի համար!";"পাঁচটা সঠিক উত্তৰ একেৰাহে দি বোনাছ লোৱা!";"Bonus üçün ardıcıl beş düzgün cavab ver!";"Lortu bost erantzun zuzen jarraian bonus bat irabazteko!";"টানা পাঁচটি সঠিক উত্তর দিয়ে বোনাস জিতো!";"၅ ခု ဆက်တိုက်မှန်အောင်ဖြေပြီး ဘောနပ်စ်ယူပါ!";"Odgovori tačno pet puta zaredom za bonus!";"Дай пет верни отговора поред, за да получиш бонус!";"Encerta cinc respostes seguides per guanyar una bonificació!";"连续答对五题，就能获得奖励！";"Få fem rigtige svar i træk for at få en bonus!";"Fünf richtige Antworten in Folge bringen dir einen Bonus!";"Vasta viis korda järjest õigesti ja saad boonuse!";"Fá fimm røtt svar á rað og fá ein bonus!";"Vastaa oikein viisi kertaa peräkkäin, niin saat bonuksen!";"Donne cinq bonnes réponses de suite pour gagner un bonus !";"Acerta cinco seguidas para gañar un extra!";"ხუთი სწორი პასუხი ზედიზედ — და ბონუსს მიიღებ!";"Κάνε πέντε σωστά στη σειρά για μπόνους!";"બોનસ માટે સતત પાંચ સાચા જવાબ આપો!";"ענו נכון חמש פעמים ברצף כדי לקבל בונוס!";"बोनस पाने के लिए लगातार पाँच सही जवाब दो!";"Adj öt helyes választ egymás után a bónuszért!";"Faigh cúig fhreagra chearta as a chéile chun bónas a fháil!";"Svaraðu fimm rétt í röð til að fá bónus!";"Jawab benar lima kali berturut-turut untuk mendapat bonus!";"Dai cinque risposte giuste di fila per ottenere un bonus!";"5問つづけて正解するとボーナス！";"ಸತತ ಐದು ಸರಿಯಾದ ಉತ್ತರ ನೀಡಿ ಬೋನಸ್ ಪಡೆಯು!";"Бес рет қатарынан дұрыс жауап берсең, бонус аласың!";"ឆ្លើយត្រូវ 5 ដងជាប់គ្នា ដើម្បីបានបូណូស!";"5문제를 연속으로 맞히면 보너스를 받아요!";"Točno odgovori pet puta zaredom za bonus!";"ຕອບຖືກ 5 ຂໍ້ຕິດກັນ ເພື່ອໄດ້ໂບນັດ!";"Atbildi pareizi piecas reizes pēc kārtas un saņem bonusu!";"Atsakyk teisingai penkis kartus iš eilės ir gauk premiją!";"Дај пет точни одговори по ред за бонус!";"Jawab betul lima kali berturut-turut untuk dapat bonus!";"ബോണസിന് തുടർച്ചയായി അഞ്ച് ശരിയുത്തരങ്ങൾ നൽകൂ!";"सलग पाच बरोबर उत्तरे दे आणि बोनस मिळव!";"Таван зөв хариуг дараалан өгвөл бонус авна!";"लगातार पाँच सही उत्तर देऊ र बोनस पाऊ!";"Få fem riktige svar på rad for å få en bonus!";"Дай п’ять правильних відповідей поспіль і отримай бонус!";"ବୋନସ୍ ପାଇବାକୁ ଲଗାତାର ପାଞ୍ଚଟି ଠିକ୍ ଉତ୍ତର ଦିଅ!";"ئۇدا بەش توغرا جاۋاب بېرىپ مۇكاپات ئال!";"Bonus olish uchun ketma-ket beshta to‘g‘ri javob ber!";"پنج جواب درست پشت‌سرهم بده تا جایزه بگیری!";"Odpowiedz dobrze pięć razy z rzędu, aby zdobyć bonus!";"Acerta cinco respostas seguidas para ganhares um bónus!";"ਲਗਾਤਾਰ ਪੰਜ ਸਹੀ ਜਵਾਬ ਦਿਓ ਤੇ ਬੋਨਸ ਪਾਓ!";"Dă cinci răspunsuri corecte la rând pentru un bonus!";"Ответь правильно пять раз подряд и получи бонус!";"Tačno odgovori pet puta zaredom i osvoji bonus!";"එක දිගට හරි පිළිතුරු පහක් දීලා බෝනස් එකක් ගන්න!";"Odpovedz päťkrát za sebou správne a získaš bonus!";"Pet pravilnih odgovorov zapored ti prinese bonus!";"¡Acierta cinco seguidas para ganar un bonus!";"Pata majibu matano sahihi mfululizo ili upate bonasi!";"தொடர்ந்து ஐந்து சரியான பதில்கள் கொடுத்து போனஸ் பெறு!";"వరుసగా ఐదు సరైన సమాధానాలు ఇస్తే బోనస్ వస్తుంది!";"ตอบถูกติดกัน 5 ข้อเพื่อรับโบนัส!";"ལན་འགྲིག་པ་ལྔ་བསྟུད་མར་སྤྲད་ན་བྱ་དགའ་ཐོབ!";"Odpověz pětkrát správně za sebou a získáš bonus!";"Bonus için art arda beş doğru cevap ver!";"بونس کے لیے لگاتار پانچ صحیح جواب دیں!";"Trả lời đúng năm câu liên tiếp để nhận thưởng!";"Cael pum ateb cywir yn olynol i ennill bonws!";"Дай пяць правільных адказаў запар і атрымай бонус!";"Phendula kahle izikhathi ezinhlanu zilandelana ukuze uthole ibhonasi!";"Svara rätt fem gånger i rad för att få en bonus!"
"tutorial.step4";"";"A speech bubble during the guided first game, or the notice explaining why the tutorial cannot start. Aim for 110 characters or fewer.";"Bonus! You now earn double points for ten seconds!";"Bonus! Je krijgt nu tien seconden lang dubbele punten!";"Bonus! Jy kry nou tien sekondes lank dubbelpunte!";"Bonus! Tani merr pikë dyfish për dhjetë sekonda!";"ጉርሻ! አሁን ለአስር ሰከንድ ድርብ ነጥብ ታገኛለህ!";"مكافأة! الآن تحصل على نقاط مضاعفة لعشر ثوانٍ!";"Բոնուս! Հիմա տասը վայրկյան կրկնակի միավորներ ես ստանում!";"বোনাছ! এতিয়া দহ ছেকেণ্ডলৈ দুগুণ পইণ্ট পাবা!";"Bonus! İndi on saniyə ikiqat xal qazanırsan!";"Bonusa! Orain hamar segundoz puntu bikoitzak lortuko dituzu!";"বোনাস! এখন দশ সেকেন্ড দ্বিগুণ পয়েন্ট পাবে!";"ဘောနပ်စ်! အခု ၁၀ စက္ကန့်အတွင်း အမှတ်နှစ်ဆရမယ်!";"Bonus! Deset sekundi dobijaš duple bodove!";"Бонус! Сега за десет секунди получаваш двойни точки!";"Bonificació! Ara guanyes punts dobles durant deu segons!";"奖励！接下来十秒得分翻倍！";"Bonus! Nu får du dobbelt point i ti sekunder!";"Bonus! Zehn Sekunden lang bekommst du doppelte Punkte!";"Boonus! Nüüd saad kümme sekundit topeltpunkte!";"Bonus! Nú fært tú tvístig í tíggju sekund!";"Bonus! Saat nyt tuplapisteet kymmenen sekunnin ajan!";"Bonus ! Tu gagnes maintenant le double de points pendant dix secondes !";"Extra! Agora gañas puntos dobres durante dez segundos!";"ბონუსი! ახლა ათი წამით ორმაგ ქულებს იღებ!";"Μπόνους! Για δέκα δευτερόλεπτα παίρνεις διπλούς πόντους!";"બોનસ! હવે દસ સેકન્ડ સુધી બમણા પોઇન્ટ મળે!";"בונוס! עכשיו מקבלים פי 2 נקודות לעשר שניות!";"बोनस! अब दस सेकंड तक दोगुने अंक मिलेंगे!";"Bónusz! Tíz másodpercig dupla pontot kapsz!";"Bónas! Faigheann tú pointí dúbailte ar feadh deich soicind!";"Bónus! Nú færðu tvöföld stig í tíu sekúndur!";"Bonus! Sekarang kamu dapat poin ganda selama sepuluh detik!";"Bonus! Per dieci secondi ottieni punti doppi!";"ボーナス！10秒間、ポイントが2倍になるよ！";"ಬೋನಸ್! ಈಗ ಹತ್ತು ಸೆಕೆಂಡುಗಳ ಕಾಲ ಡಬಲ್ ಪಾಯಿಂಟ್‌ಗಳು!";"Бонус! Енді он секунд бойы екі есе ұпай аласың!";"បូណូស! ឥឡូវអ្នកបានពិន្ទុគុណពីរ រយៈពេល 10 វិនាទី!";"보너스! 이제 10초 동안 점수가 2배예요!";"Bonus! Deset sekundi dobivaš duple bodove!";"ໂບນັດ! ຕອນນີ້ໄດ້ຄະແນນສອງເທົ່າ 10 ວິນາທີ!";"Bonuss! Tagad desmit sekundes saņem dubultus punktus!";"Premija! Dešimt sekundžių gauni dvigubai taškų!";"Бонус! Сега десет секунди добиваш двојни поени!";"Bonus! Sekarang kamu dapat mata berganda selama sepuluh saat!";"ബോണസ്! ഇനി പത്ത് സെക്കൻഡ് ഇരട്ടി പോയിന്റുകൾ!";"बोनस! आता दहा सेकंद दुप्पट गुण मिळतील!";"Бонус! Одоо 10 секунд давхар оноо авна!";"बोनस! अब दस सेकेन्डसम्म दोब्बर अंक पाउँछौ!";"Bonus! Nå får du doble poeng i ti sekunder!";"Бонус! Тепер 10 секунд ти отримуєш подвійні бали!";"ବୋନସ୍! ଏବେ ଦଶ ସେକେଣ୍ଡ ପାଇଁ ଦୁଇଗୁଣା ପଏଣ୍ଟ!";"مۇكاپات! ئەمدى ئون سېكۇنت قوش نومۇر ئالىسەن!";"Bonus! Endi o‘n soniya davomida ikki hissa ball olasan!";"جایزه! حالا ده ثانیه امتیازت دوبرابر می‌شود!";"Bonus! Przez dziesięć sekund dostajesz podwójne punkty!";"Bónus! Agora ganhas pontos a dobrar durante dez segundos!";"ਬੋਨਸ! ਹੁਣ ਦਸ ਸਕਿੰਟ ਲਈ ਦੁੱਗਣੇ ਅੰਕ ਮਿਲਣਗੇ!";"Bonus! Acum primești puncte duble timp de zece secunde!";"Бонус! Теперь десять секунд ты получаешь двойные очки!";"Bonus! Sada deset sekundi dobijaš duple poene!";"බෝනස්! තත්පර දහයක් ලකුණු දෙගුණයි!";"Bonus! Desať sekúnd získavaš dvojnásobok bodov!";"Bonus! Deset sekund dobivaš dvojne točke!";"¡Bonus! ¡Ahora ganas puntos dobles durante diez segundos!";"Bonasi! Sasa unapata pointi mara mbili kwa sekunde kumi!";"போனஸ்! இப்போது பத்து விநாடிகள் இரட்டை புள்ளிகள் கிடைக்கும்!";"బోనస్! ఇప్పుడు పది సెకన్ల పాటు రెట్టింపు పాయింట్లు వస్తాయి!";"โบนัส! ตอนนี้ได้คะแนนสองเท่านาน 10 วินาที!";"བྱ་དགའ! ད་སྐར་ཆ་བཅུའི་རིང་སྐར་གྲངས་ཉིས་འགྱུར་ཐོབ!";"Bonus! Teď máš deset sekund dvojnásobek bodů!";"Bonus! Şimdi on saniye boyunca çifte puan kazanırsın!";"بونس! اب دس سیکنڈ تک دگنے پوائنٹس ملیں گے!";"Thưởng! Trong mười giây, bạn được gấp đôi điểm!";"Bonws! Rwyt ti’n cael pwyntiau dwbl am ddeg eiliad!";"Бонус! Цяпер дзесяць секунд ты атрымліваеш падвойныя балы!";"Ibhonasi! Manje uthola amaphuzu aphindwe kabili imizuzwana eyishumi!";"Bonus! Nu får du dubbla poäng i tio sekunder!"
"tutorial.step5";"";"A speech bubble during the guided first game, or the notice explaining why the tutorial cannot start. Aim for 110 characters or fewer.";"Now you know how it works. Good luck!";"Nu snap je het helemaal. Succes!";"Nou weet jy hoe dit werk. Sterkte!";"Tani e di si funksionon. Paç fat!";"አሁን እንዴት እንደሚሰራ ታውቃለህ። መልካም ዕድል!";"الآن عرفت الطريقة. بالتوفيق!";"Հիմա արդեն գիտես՝ ինչպես է աշխատում։ Հաջողություն!";"এতিয়া কেনেকৈ খেলিব লাগে জানিলা। শুভকামনা!";"İndi necə işlədiyini bilirsən. Uğurlar!";"Orain badakizu nola dabilen. Zorte on!";"এখন তুমি নিয়ম জানো। শুভকামনা!";"ကစားပုံသိပြီနော်။ ကံကောင်းပါစေ!";"Sada znaš kako ide. Sretno!";"Вече знаеш как става. Успех!";"Ara ja saps com funciona. Bona sort!";"现在你会玩了。加油！";"Nu ved du, hvordan det virker. Held og lykke!";"Jetzt weißt du, wie es geht. Viel Glück!";"Nüüd tead, kuidas see käib. Edu!";"Nú veitst tú, hvussu tað virkar. Góða eydnu!";"Nyt tiedät, miten peli toimii. Onnea!";"Maintenant, tu sais comment ça marche. Bonne chance !";"Xa sabes como funciona. Boa sorte!";"ახლა უკვე იცი, როგორ ითამაშო. წარმატებები!";"Τώρα ξέρεις πώς παίζεται. Καλή τύχη!";"હવે તમને રીત ખબર પડી. શુભેચ્છા!";"עכשיו יודעים איך זה עובד. בהצלחה!";"अब तुम्हें तरीका पता है। शुभकामनाएँ!";"Most már tudod, hogyan működik. Sok sikert!";"Sin é! Tá a fhios agat anois. Go n-éirí leat!";"Nú veistu hvernig þetta virkar. Gangi þér vel!";"Sekarang kamu sudah tahu caranya. Selamat bermain!";"Ora sai come funziona. Buona fortuna!";"これで遊び方はバッチリ。がんばって！";"ಈಗ ಹೇಗೆ ಆಡಬೇಕೆಂದು ಗೊತ್ತಾಯಿತು. ಶುಭವಾಗಲಿ!";"Енді бәрін білесің. Сәттілік!";"ឥឡូវអ្នកចេះហើយ។ សំណាងល្អ!";"이제 방법을 알았어요. 힘내요!";"Sad znaš kako se igra. Sretno!";"ຕອນນີ້ເຈົ້າຮູ້ວິທີຫຼິ້ນແລ້ວ. ໂຊກດີ!";"Tagad tu zini, kā spēlēt. Lai veicas!";"Dabar jau žinai, kaip žaisti. Sėkmės!";"Сега знаеш како се игра. Со среќа!";"Sekarang kamu tahu caranya. Semoga berjaya!";"ഇനി എങ്ങനെ കളിക്കണമെന്ന് അറിയാം. നന്നായി കളിക്കൂ!";"आता तुला कसे खेळायचे ते कळले. शुभेच्छा!";"Одоо яаж тоглохоо мэдлээ. Амжилт!";"अब कसरी खेल्ने थाहा भयो। शुभकामना!";"Nå vet du hvordan det virker. Lykke til!";"Тепер ти все знаєш. Успіхів!";"ଏବେ ତୁମେ ଜାଣିଗଲା କିପରି ଖେଳିବା। ଶୁଭେଚ୍ଛା!";"ئەمدى قانداق ئويناشنى بىلدىڭ. ئامەت!";"Endi qanday o‘ynashni bilasan. Omad!";"حالا دیگر بلدی. موفق باشی!";"Teraz już wiesz, jak grać. Powodzenia!";"Agora já sabes como funciona. Boa sorte!";"ਹੁਣ ਤੁਹਾਨੂੰ ਪਤਾ ਹੈ ਕਿਵੇਂ ਖੇਡਣਾ ਹੈ। ਸ਼ੁਭਕਾਮਨਾਵਾਂ!";"Acum știi cum merge. Succes!";"Теперь всё понятно. Удачи!";"Sada znaš kako se igra. Srećno!";"දැන් ඔයා දන්නවා කොහොමද කියලා. ජය වේවා!";"Teraz už vieš, ako to funguje. Veľa šťastia!";"Zdaj veš, kako gre. Srečno!";"Ya sabes cómo funciona. ¡Suerte!";"Sasa unajua jinsi inavyofanya kazi. Kila la heri!";"இப்போது எப்படி விளையாடுவது தெரியும். வெற்றி பெற வாழ்த்துகள்!";"ఇప్పుడు ఎలా ఆడాలో తెలుసు. ఆల్ ది బెస్ట్!";"ตอนนี้รู้วิธีเล่นแล้ว ขอให้สนุก!";"ད་ཁྱེད་ཀྱིས་ཤེས་སོང་། ལེགས་པར་རྩེས!";"Teď už víš, jak na to. Hodně štěstí!";"Artık nasıl oynandığını biliyorsun. Bol şans!";"اب آپ جانتے ہیں کیسے کھیلنا ہے۔ کامیاب رہیں!";"Giờ bạn biết cách chơi rồi. Chúc may mắn!";"Nawr rwyt ti’n gwybod sut mae’n gweithio. Pob lwc!";"Цяпер ты ведаеш, як гуляць. Поспехаў!";"Manje usuyazi ukuthi kusebenza kanjani. Inhlanhla!";"Nu vet du hur det fungerar. Lycka till!"
